﻿truncate table FIR.INVOICE_RAW;
truncate table FIR.Declaration_summary;
insert into FIR.INVOICE_RAW values(10001, 1000000, 3, 45525751, to_date('19.03.2012', 'dd.mm.yyyy'), to_date('30.06.2012', 'dd.mm.yyyy'), '9', '2972421', to_date('18.08.2014', 'dd.mm.yyyy'), 6, to_date('16.09.2013', 'dd.mm.yyyy'), '786666127354', to_date('05.01.2013', 'dd.mm.yyyy'), 5, to_date('29.11.2012', 'dd.mm.yyyy'), '9574594', to_date('05.05.2013', 'dd.mm.yyyy'), to_date('26.11.2013', 'dd.mm.yyyy'), '207061346106', '916387814', '1fa4558e-0944-4e1e-8c93-1c2ecbe6c274', '403443511487', '232142298', '88ffeb7b-1f04-47a9-96b9-fd7306419dca', '4101322', to_date('29.11.2013', 'dd.mm.yyyy'), '657846539170', '275421889', '62a7579a-f49f-4e50-b406-f6c7f45a4e21', 123, '3893401d-9a91-492e-a314-61ef11a6114e', '11', 0.825423184235312, 0.735397497534471, 0.858219207664122, 0.679749011378618, 0.624866143159972, 0.218406783518571, 0.895362439050974, 0.896439802319016, 0.0865798779235128, 0.838579099550182, 0.170142834619685, 0.644115281591246, 0.826814405539452, 0.219187664901459, 0.999972700607019, 0.481365637612234 );
insert into FIR.INVOICE_RAW values(10002, 1000000, 3, 25478425, to_date('03.08.2012', 'dd.mm.yyyy'), to_date('21.06.2014', 'dd.mm.yyyy'), '2', '9001142', to_date('21.10.2013', 'dd.mm.yyyy'), 5, to_date('01.04.2012', 'dd.mm.yyyy'), '234187196275', to_date('15.08.2013', 'dd.mm.yyyy'), 17, to_date('15.07.2014', 'dd.mm.yyyy'), '4906761', to_date('23.05.2012', 'dd.mm.yyyy'), to_date('20.10.2013', 'dd.mm.yyyy'), '612875302862', '656363104', 'bfd82f4b-f48e-4a2a-9e50-bdbbbfc99740', '424844865435', '156077353', '1acc9f01-96fe-49dd-b0f7-58494a51879f', '7050054', to_date('20.07.2014', 'dd.mm.yyyy'), '989930448422', '570465352', '588daa67-72fd-4979-87e1-9f8312f303d9', 20, '0b538891-de5f-403c-9406-12657fa19e9c', '86', 0.506576127142914, 0.531579075163034, 0.0570083940667139, 0.280553630683829, 0.496078732654489, 0.846415461900838, 0.613157866808194, 0.104158655788823, 0.74232901248258, 0.401876145229617, 0.933392600591012, 0.130698285126452, 0.699652305664333, 0.615408553097122, 0.830567906066108, 0.68512653963879 );
insert into FIR.INVOICE_RAW values(10003, 1000000, 2, 23416637, to_date('14.03.2013', 'dd.mm.yyyy'), to_date('20.01.2012', 'dd.mm.yyyy'), '8', '8160631', to_date('15.07.2012', 'dd.mm.yyyy'), 7, to_date('07.06.2014', 'dd.mm.yyyy'), '126619558514', to_date('24.07.2014', 'dd.mm.yyyy'), 8, to_date('23.08.2014', 'dd.mm.yyyy'), '169682', to_date('27.09.2013', 'dd.mm.yyyy'), to_date('27.09.2012', 'dd.mm.yyyy'), '970450629012', '794980391', '66da5269-c236-47b7-a088-43cc06cdb50e', '478382977438', '897398974', '6ffb8642-59d3-43a2-b347-149a2492e777', '2552489', to_date('08.05.2012', 'dd.mm.yyyy'), '907527260398', '894601589', 'fad02e4e-69d5-4c9e-9095-f7fea89854c9', 100, '34b2c7fa-24b9-46b1-afd0-6c1e48e55062', '34', 0.785045240439961, 0.514040660352465, 0.352383483365357, 0.99174705519888, 0.033442973640488, 0.691727500730998, 0.121186105590866, 0.194910759662702, 0.496516762532534, 0.581289455099632, 0.261664408380941, 0.310363116352988, 0.242136197743069, 0.784075724326109, 0.133059965974214, 0.612503822246801 );
insert into FIR.INVOICE_RAW values(10004, 1000000, 2, 31534785, to_date('27.03.2014', 'dd.mm.yyyy'), to_date('16.09.2013', 'dd.mm.yyyy'), '11', '2417098', to_date('24.03.2014', 'dd.mm.yyyy'), 8, to_date('15.04.2014', 'dd.mm.yyyy'), '502633916420', to_date('19.02.2014', 'dd.mm.yyyy'), 11, to_date('23.03.2013', 'dd.mm.yyyy'), '3405486', to_date('26.01.2014', 'dd.mm.yyyy'), to_date('18.02.2013', 'dd.mm.yyyy'), '682455999104', '648038180', '86fb917a-c504-4b1b-a6c8-ea93a680fb59', '661456991584', '885846585', '2111d72c-9455-4166-a94a-70076bfb0871', '1377255', to_date('02.01.2012', 'dd.mm.yyyy'), '601718704972', '441312878', '33c9811b-a43c-4611-8fd9-b690a5847f72', 5, '3912d145-4066-47c2-9d43-d53bbe1fadd6', '91', 0.325028929545092, 0.786634801321958, 0.519960181098413, 0.829636495015415, 0.541202196172067, 0.522511187718488, 0.162909178604795, 0.634185337756847, 0.55323421049548, 0.314610124246501, 0.249950548284664, 0.800630389619912, 0.460131751587676, 0.921600674708188, 0.337397076812292, 0.192252445589869 );
insert into FIR.INVOICE_RAW values(10005, 1000000, 2, 1400498, to_date('15.07.2012', 'dd.mm.yyyy'), to_date('07.07.2014', 'dd.mm.yyyy'), '17', '8961338', to_date('29.03.2013', 'dd.mm.yyyy'), 8, to_date('31.03.2014', 'dd.mm.yyyy'), '420577596599', to_date('22.10.2012', 'dd.mm.yyyy'), 9, to_date('11.02.2013', 'dd.mm.yyyy'), '3910356', to_date('13.02.2013', 'dd.mm.yyyy'), to_date('06.10.2013', 'dd.mm.yyyy'), '640475938796', '921304368', '125ce5fa-af07-4504-b6a3-91ea0867d3d6', '712457408406', '520046818', 'f26dd919-8123-4320-a001-e74f8c6d105a', '2169755', to_date('02.06.2014', 'dd.mm.yyyy'), '567687875854', '954700343', 'fae51abe-4bbd-4869-8aab-71ad721d4dbd', 172, '177f699f-28be-4dbf-9a73-174d03815af2', '22', 0.496981749076853, 0.327479426901545, 0.188021736772741, 0.261453008400953, 0.615451412096364, 0.588892300421788, 0.908068921374189, 0.360232998319079, 0.756801153885574, 0.788936923625384, 0.119385670926136, 0.102541149641639, 0.613616348064326, 0.637214558495774, 0.570564550613316, 0.816208761565484 );
insert into FIR.INVOICE_RAW values(10006, 1000000, 2, 13339196, to_date('10.08.2012', 'dd.mm.yyyy'), to_date('24.01.2013', 'dd.mm.yyyy'), '1', '2800924', to_date('16.04.2013', 'dd.mm.yyyy'), 7, to_date('12.12.2012', 'dd.mm.yyyy'), '646709474391', to_date('11.02.2014', 'dd.mm.yyyy'), 12, to_date('06.07.2012', 'dd.mm.yyyy'), '1022973', to_date('11.05.2012', 'dd.mm.yyyy'), to_date('25.05.2013', 'dd.mm.yyyy'), '780186437484', '748412510', 'ad929783-5d16-43ed-94fd-5dd76660a689', '176791626777', '136168799', '5552ee73-d0a7-4ec3-bc9b-4e497fe43208', '3463315', to_date('11.11.2013', 'dd.mm.yyyy'), '736439517698', '590131853', 'bfe295d1-211e-4026-b28d-76ee24acc142', 102, '3194d6b7-31da-4dc9-886a-773c21e49f7b', '4', 0.423159706137683, 0.905794616744758, 0.409586092182242, 0.815505637701371, 0.581277731611057, 0.75147890287986, 0.234295329188134, 0.923611495608283, 0.58456125277307, 0.99175327969331, 0.0520618232209523, 0.549490232742154, 0.160309882443543, 0.965973402357648, 0.443225363475841, 0.430029394305325 );
insert into FIR.INVOICE_RAW values(10007, 1000000, 1, 22125156, to_date('21.11.2012', 'dd.mm.yyyy'), to_date('09.06.2014', 'dd.mm.yyyy'), '15', '6520979', to_date('11.03.2014', 'dd.mm.yyyy'), 7, to_date('18.08.2012', 'dd.mm.yyyy'), '854999602061', to_date('14.03.2013', 'dd.mm.yyyy'), 2, to_date('23.12.2013', 'dd.mm.yyyy'), '7211418', to_date('26.07.2013', 'dd.mm.yyyy'), to_date('01.03.2012', 'dd.mm.yyyy'), '264509137065', '895430688', '196b91f9-2b3c-402f-abde-81db0541cb5f', '312535648558', '677189802', 'f9456a1d-8fad-4ee5-b2ea-509786f9b3d0', '9330357', to_date('14.02.2012', 'dd.mm.yyyy'), '591555580745', '331454115', 'c6cacba3-70a9-4860-a164-6fd08879b364', 35, 'd27d573f-309d-4f89-b891-da3ab7aaf8d0', '3', 0.166893942824981, 0.0748909293091348, 0.72603205718381, 0.261976924846869, 0.558558236136361, 0.567660521980217, 0.614655807900548, 0.716733438762246, 0.966190837773583, 0.924278269952293, 0.685370634163437, 0.992408960588467, 0.703195697489751, 0.680098064094828, 0.626448938449122, 0.059139193063201 );
insert into FIR.INVOICE_RAW values(10008, 1000000, 3, 46723948, to_date('30.05.2012', 'dd.mm.yyyy'), to_date('29.04.2014', 'dd.mm.yyyy'), '8', '8900032', to_date('07.08.2013', 'dd.mm.yyyy'), 8, to_date('29.06.2014', 'dd.mm.yyyy'), '918100438332', to_date('12.06.2012', 'dd.mm.yyyy'), 18, to_date('25.09.2013', 'dd.mm.yyyy'), '934260', to_date('06.09.2013', 'dd.mm.yyyy'), to_date('01.02.2014', 'dd.mm.yyyy'), '389907383490', '185770723', '80a76034-c217-4f95-8d38-d8c0c3001dbf', '610722483471', '535077107', '9be5556f-7055-4b4c-a8b6-d4ce4d84004e', '1435787', to_date('20.11.2012', 'dd.mm.yyyy'), '244924544262', '920217884', '8d01eb0e-0df5-4b50-a2da-adcb804c563d', 74, '8bc47a12-0f35-4473-aad9-db7c9efb647e', '53', 0.641952497717902, 0.715975220182899, 0.947075928071084, 0.105437028736545, 0.924899201339529, 0.0200099772866862, 0.822451623539651, 0.13730763324411, 0.527854007448933, 0.46741032854999, 0.34030503283269, 0.516049475183733, 0.629984104833558, 0.310774834505643, 0.296069662690195, 0.314674720780307 );
insert into FIR.INVOICE_RAW values(10009, 1000000, 2, 38017813, to_date('23.11.2013', 'dd.mm.yyyy'), to_date('16.03.2014', 'dd.mm.yyyy'), '5', '7735456', to_date('25.07.2014', 'dd.mm.yyyy'), 6, to_date('17.10.2013', 'dd.mm.yyyy'), '772335541797', to_date('16.12.2013', 'dd.mm.yyyy'), 2, to_date('24.10.2013', 'dd.mm.yyyy'), '7039877', to_date('14.04.2012', 'dd.mm.yyyy'), to_date('03.08.2013', 'dd.mm.yyyy'), '882396213014', '989269302', 'c197d554-d065-490d-9144-5bcba0da09e8', '949543842995', '609861139', '4e686c4f-8af3-4414-a789-fea0c5889a63', '6361556', to_date('31.03.2012', 'dd.mm.yyyy'), '574452297160', '926286347', 'a8f59b37-4e51-4591-86f3-611ff4282a5b', 61, '1f598623-b7b7-46bb-9d3d-826db9a1ad91', '34', 0.941021999316766, 0.363930395973814, 0.351802265901026, 0.911877073772194, 0.350058425846537, 0.0215670643474753, 0.250249050674145, 0.241088669393719, 0.182917234573009, 0.279040539767146, 0.468929819981069, 0.433062799010921, 0.0161183201782956, 0.316430889217384, 0.77616201377295, 0.9236677200178 );
insert into FIR.INVOICE_RAW values(10010, 1000000, 2, 24264570, to_date('17.09.2012', 'dd.mm.yyyy'), to_date('23.11.2013', 'dd.mm.yyyy'), '11', '6849503', to_date('02.06.2012', 'dd.mm.yyyy'), 8, to_date('27.05.2014', 'dd.mm.yyyy'), '264913893603', to_date('03.07.2013', 'dd.mm.yyyy'), 22, to_date('11.07.2014', 'dd.mm.yyyy'), '5021891', to_date('30.04.2012', 'dd.mm.yyyy'), to_date('08.02.2014', 'dd.mm.yyyy'), '209197248657', '502811590', '6fd85e9b-97ba-4d2f-b5c6-06c564db21d5', '923026449069', '655460558', '697b3a05-95e8-4d5f-b713-55242b998659', '6492409', to_date('08.06.2013', 'dd.mm.yyyy'), '793031539515', '977976700', 'b2017834-c513-44d3-9d52-e7525c5991be', 146, '7b740732-38d7-4810-8fd5-a433c71d6d03', '59', 0.463961703918856, 0.116585023289819, 0.0900195590639578, 0.646905121229079, 0.898862380487314, 0.41643576017415, 0.979500580569496, 0.861354411049445, 0.363462353760126, 0.181561474772897, 0.0486465702059896, 0.396587015779962, 0.142218643399989, 0.215700887244055, 0.924236040527111, 0.562083029449956 );
insert into FIR.INVOICE_RAW values(10011, 1000000, 1, 24921313, to_date('23.07.2013', 'dd.mm.yyyy'), to_date('25.03.2012', 'dd.mm.yyyy'), '2', '5025795', to_date('08.09.2012', 'dd.mm.yyyy'), 6, to_date('24.10.2013', 'dd.mm.yyyy'), '498434100805', to_date('27.08.2013', 'dd.mm.yyyy'), 9, to_date('19.06.2014', 'dd.mm.yyyy'), '8053715', to_date('24.01.2014', 'dd.mm.yyyy'), to_date('05.08.2012', 'dd.mm.yyyy'), '315847318696', '271178457', '0adff1c3-3f63-4ed2-87e1-601c041917d2', '866870292823', '916723546', 'f9279588-1b80-4d72-a83b-dac6d10f099e', '1591229', to_date('25.03.2012', 'dd.mm.yyyy'), '220281697805', '569760532', 'd579d0bd-a8eb-424b-b4e6-ae5ffeeff2ba', 194, 'ecc9511b-8332-4336-8f99-4ebf6072112c', '83', 0.965560582916048, 0.661353933467229, 0.229079442671071, 0.666733983283273, 0.32366543697364, 0.877382649051669, 0.790775058227952, 0.153492864758471, 0.531235538670437, 0.0696879276398979, 0.281221252065721, 0.93792639437035, 0.500492972554869, 0.792041814323534, 0.718380901365718, 0.143698542911419 );
insert into FIR.INVOICE_RAW values(10012, 1000045, 1, 35631996, to_date('22.04.2013', 'dd.mm.yyyy'), to_date('31.12.2013', 'dd.mm.yyyy'), '14', '5899236', to_date('04.08.2012', 'dd.mm.yyyy'), 2, to_date('03.05.2012', 'dd.mm.yyyy'), '470617514953', to_date('19.11.2012', 'dd.mm.yyyy'), 22, to_date('02.01.2012', 'dd.mm.yyyy'), '6983298', to_date('10.10.2012', 'dd.mm.yyyy'), to_date('28.05.2013', 'dd.mm.yyyy'), '360731128382', '313964515', 'd013ce5b-d33e-4147-8194-33829198c8fb', '423318592916', '423984262', '9cbf7c84-cc14-46b9-88e7-aa61dddde562', '208499', to_date('16.10.2013', 'dd.mm.yyyy'), '741619472515', '820478458', '88d9f5fd-9120-4f87-a733-7a6dff26e9e1', 134, '6bd41013-1580-4b1c-b7c7-17d2bc32ecb4', '38', 0.264060969121783, 0.250159381073974, 0.622108650217815, 0.907821136018178, 0.988220282824812, 0.422234075806213, 0.643361199015454, 0.558835437315905, 0.609275666814891, 0.291387651251344, 0.430144173293442, 0.31648204630077, 0.758710923026647, 0.314557661914526, 0.0702817431047008, 0.766862756929762 );
insert into FIR.INVOICE_RAW values(10013, 1000045, 2, 48048614, to_date('17.04.2012', 'dd.mm.yyyy'), to_date('03.09.2012', 'dd.mm.yyyy'), '5', '2100477', to_date('29.01.2013', 'dd.mm.yyyy'), 1, to_date('14.01.2012', 'dd.mm.yyyy'), '379059589885', to_date('12.07.2012', 'dd.mm.yyyy'), 14, to_date('07.03.2012', 'dd.mm.yyyy'), '3381557', to_date('17.04.2013', 'dd.mm.yyyy'), to_date('14.10.2012', 'dd.mm.yyyy'), '566703179724', '578202346', '89460355-4d5b-417f-9aa4-0ccfc0536676', '328751904850', '127814249', 'e82b5747-2f28-4a0d-a2cd-9007fd4058cb', '8593947', to_date('24.02.2012', 'dd.mm.yyyy'), '412958813575', '224103910', 'ce347876-b1d7-4024-aee4-fbb8d578ee10', 48, 'c43233e2-d129-4dc6-90e6-49142e3a0843', '57', 0.358271388503849, 0.297482459478771, 0.104584155187283, 0.521750126742642, 0.526970909222481, 0.713503716845766, 0.0809057779055581, 0.0146645917625467, 0.216362926744094, 0.845687255657132, 0.807717255692797, 0.769822629527106, 0.408003591191025, 0.417739418995445, 0.603418574949456, 0.0116766970659032 );
insert into FIR.INVOICE_RAW values(10014, 1000045, 3, 27445653, to_date('01.07.2013', 'dd.mm.yyyy'), to_date('03.04.2014', 'dd.mm.yyyy'), '8', '5921791', to_date('06.07.2013', 'dd.mm.yyyy'), 5, to_date('02.07.2013', 'dd.mm.yyyy'), '581038744388', to_date('30.01.2013', 'dd.mm.yyyy'), 13, to_date('23.02.2013', 'dd.mm.yyyy'), '7444284', to_date('02.01.2013', 'dd.mm.yyyy'), to_date('17.07.2014', 'dd.mm.yyyy'), '282071787517', '116694964', '810a0f30-e973-404a-9afc-2b2233c618d2', '451549551405', '365441518', '825aea83-00b3-4ad8-8125-c765389a2193', '3566474', to_date('10.06.2014', 'dd.mm.yyyy'), '185365950026', '506889422', 'c15dd21b-74fc-4e9a-8cf7-e362179cf055', 151, '3437a2ee-06bc-4048-aff5-96e5d379c507', '87', 0.862747128988964, 0.770062724486954, 0.20527486466117, 0.206664748120431, 0.293001456788276, 0.662205544608741, 0.14490442217556, 0.315201725491882, 0.403051866871795, 0.78368123843506, 0.292381053460939, 0.84858097268668, 0.704326632760617, 0.578579971370557, 0.235806808451101, 0.840277097579221 );
insert into FIR.INVOICE_RAW values(10015, 1000045, 3, 407823, to_date('11.08.2012', 'dd.mm.yyyy'), to_date('16.05.2013', 'dd.mm.yyyy'), '5', '2922321', to_date('12.05.2013', 'dd.mm.yyyy'), 8, to_date('09.09.2013', 'dd.mm.yyyy'), '411638210484', to_date('09.06.2014', 'dd.mm.yyyy'), 21, to_date('12.04.2013', 'dd.mm.yyyy'), '1313785', to_date('28.10.2012', 'dd.mm.yyyy'), to_date('02.04.2013', 'dd.mm.yyyy'), '997913197543', '525145517', '33445d60-1d7b-4bea-b2f1-59c77c5d8064', '680245758939', '549418915', 'eb00027c-cba1-4f08-92a1-97d0c559a618', '2899522', to_date('13.09.2013', 'dd.mm.yyyy'), '493691416159', '744709105', 'd5a12c38-fec3-4053-ae6d-f555d3f2f42d', 181, '62f0b1f7-3280-448c-8db5-6663f2c15304', '92', 0.125595840218289, 0.379129868642953, 0.61880227067452, 0.0556946364490756, 0.533342765426888, 0.185548445761925, 0.474985039548476, 0.917083790487183, 0.690513455164858, 0.676336219849222, 0.0271194600626451, 0.135816602099601, 0.481129208803703, 0.858706675869742, 0.548980752261812, 0.0295335566762525 );
insert into FIR.INVOICE_RAW values(10016, 1000045, 1, 42464993, to_date('13.12.2012', 'dd.mm.yyyy'), to_date('10.09.2012', 'dd.mm.yyyy'), '18', '3435220', to_date('23.07.2012', 'dd.mm.yyyy'), 5, to_date('02.04.2013', 'dd.mm.yyyy'), '274085412190', to_date('21.04.2013', 'dd.mm.yyyy'), 20, to_date('04.04.2014', 'dd.mm.yyyy'), '317228', to_date('04.12.2013', 'dd.mm.yyyy'), to_date('12.05.2014', 'dd.mm.yyyy'), '698920979143', '831880872', '146b2eed-e4e9-4253-a86a-640f9e259c1c', '177621406283', '866896673', '63d0a01b-8d26-4b49-9702-8ec7a2559f5f', '8053696', to_date('12.12.2013', 'dd.mm.yyyy'), '365851546426', '114863324', '5f4bcd62-e739-4df5-9e92-b69f4fbb64e1', 87, 'ffa47a45-1fc7-4af7-90ac-d124aafed6af', '86', 0.73224680066679, 0.360848688688524, 0.092424339657847, 0.333187044287653, 0.515167173703745, 0.558847642298251, 0.657233880673178, 0.451658481476669, 0.679908607937353, 0.958808850943488, 0.473439864569083, 0.730768272993512, 0.324575293028995, 0.435592279506657, 0.873791682009488, 0.252973152908018 );
insert into FIR.INVOICE_RAW values(10017, 1000045, 3, 18437929, to_date('12.01.2014', 'dd.mm.yyyy'), to_date('20.06.2013', 'dd.mm.yyyy'), '6', '9019281', to_date('27.08.2013', 'dd.mm.yyyy'), 9, to_date('27.01.2014', 'dd.mm.yyyy'), '927213665626', to_date('05.01.2014', 'dd.mm.yyyy'), 16, to_date('31.05.2012', 'dd.mm.yyyy'), '9821543', to_date('02.12.2012', 'dd.mm.yyyy'), to_date('04.06.2012', 'dd.mm.yyyy'), '689160909234', '236354401', '9272a2d1-da98-4270-9d5a-ccd62997b76b', '663411583459', '192869975', 'a97c903d-f76c-46a7-8a04-3de5094e4eb7', '8877732', to_date('10.04.2014', 'dd.mm.yyyy'), '940696889311', '738873105', 'f10e4c13-506f-4d79-96ac-d6d8e1e491e8', 176, '17a45a7c-d15d-45ac-99da-fd689c234326', '34', 0.116601597106364, 0.806852919425281, 0.750275568454655, 0.550608127168663, 0.995556177103685, 0.152846294060744, 0.982402541666479, 0.238365811872466, 0.000130778178633553, 0.245715568887869, 0.721193980295767, 0.225877463922779, 0.414077587152867, 0.302259990154887, 0.832706917465062, 0.229848736538481 );
insert into FIR.INVOICE_RAW values(10018, 1000045, 2, 40907354, to_date('17.05.2012', 'dd.mm.yyyy'), to_date('01.10.2013', 'dd.mm.yyyy'), '12', '4011735', to_date('18.11.2013', 'dd.mm.yyyy'), 8, to_date('16.11.2013', 'dd.mm.yyyy'), '487682821747', to_date('04.10.2013', 'dd.mm.yyyy'), 14, to_date('13.08.2012', 'dd.mm.yyyy'), '7906421', to_date('21.06.2012', 'dd.mm.yyyy'), to_date('21.08.2012', 'dd.mm.yyyy'), '586266425694', '372244906', '8334fd38-5f15-4a19-b00b-52a30e9c7103', '726660382768', '677019549', '49ef79bc-37a0-4053-a962-5880fab8f0ce', '111837', to_date('05.08.2012', 'dd.mm.yyyy'), '673487591757', '978527843', 'a152b864-cd31-439b-88a5-c2e46f5cd55e', 174, '1a58ae41-ab0f-4a4a-863c-7d8395105455', '13', 0.159552864804656, 0.415639517091047, 0.239625001903449, 0.904193157751203, 0.359851195178857, 0.695199498764798, 0.111623803205613, 0.300402092887276, 0.21856966578335, 0.085313745814056, 0.947466369228189, 0.31776810405672, 0.206521297435519, 0.342185164961119, 0.000583411660317058, 0.160183302201416 );
insert into FIR.INVOICE_RAW values(10019, 1000045, 3, 18485237, to_date('30.04.2013', 'dd.mm.yyyy'), to_date('07.04.2014', 'dd.mm.yyyy'), '9', '8226398', to_date('17.12.2013', 'dd.mm.yyyy'), 4, to_date('23.01.2012', 'dd.mm.yyyy'), '270941194660', to_date('07.03.2014', 'dd.mm.yyyy'), 21, to_date('12.08.2012', 'dd.mm.yyyy'), '9859817', to_date('23.09.2012', 'dd.mm.yyyy'), to_date('26.07.2012', 'dd.mm.yyyy'), '829386252804', '806139199', 'ea2e501a-1b76-4d88-8d34-615e2c2d9439', '183475628097', '395665163', '8ec4c57e-2945-4d45-b38b-a356af61edf2', '6143192', to_date('18.12.2013', 'dd.mm.yyyy'), '502244445434', '394555841', '9bd02f75-9edb-4b99-a12d-f8a9c3e78110', 140, '2c63b7e1-5496-4024-815b-c040e25435af', '55', 0.397334743941824, 0.911061228211532, 0.379345954572477, 0.0589844598709533, 0.539691271511694, 0.978281008535196, 0.183018085632016, 0.802042781283168, 0.27971704084413, 0.984352011226282, 0.152492192644855, 0.11765765171389, 0.708289944430948, 0.688067789975585, 0.166027294083511, 0.5671892215345 );
insert into FIR.INVOICE_RAW values(10020, 1000045, 1, 4617104, to_date('29.05.2014', 'dd.mm.yyyy'), to_date('15.02.2012', 'dd.mm.yyyy'), '11', '1056217', to_date('08.08.2012', 'dd.mm.yyyy'), 2, to_date('26.02.2012', 'dd.mm.yyyy'), '555875394500', to_date('20.06.2013', 'dd.mm.yyyy'), 15, to_date('21.09.2012', 'dd.mm.yyyy'), '2021459', to_date('28.12.2013', 'dd.mm.yyyy'), to_date('12.07.2012', 'dd.mm.yyyy'), '959543925454', '250466982', '9b4866c4-8448-4b1b-9610-3268858e2f4e', '742317737094', '559320905', '25b0f102-884c-4d25-9e0c-2bfd7fe40ad1', '9719128', to_date('03.05.2012', 'dd.mm.yyyy'), '116969905604', '875118314', 'b76bb73a-d6a6-461f-bf76-005235841f6e', 189, '6dade056-bfa7-4bb0-a971-d5b354d16a7c', '2', 0.30985323214431, 0.180044949604219, 0.558465692474724, 0.149273396073502, 0.881825053543702, 0.913261232857248, 0.138698231027787, 0.323017082327519, 0.837778753525474, 0.565004824458158, 0.897146809332607, 0.211855142941631, 0.351314189541766, 0.691404317827618, 0.465377283033625, 0.641769418326099 );
insert into FIR.INVOICE_RAW values(10021, 1000045, 2, 31623169, to_date('22.02.2013', 'dd.mm.yyyy'), to_date('16.11.2012', 'dd.mm.yyyy'), '19', '490298', to_date('10.07.2012', 'dd.mm.yyyy'), 8, to_date('13.01.2014', 'dd.mm.yyyy'), '247098296774', to_date('20.03.2013', 'dd.mm.yyyy'), 7, to_date('20.12.2013', 'dd.mm.yyyy'), '9052624', to_date('20.08.2013', 'dd.mm.yyyy'), to_date('13.06.2013', 'dd.mm.yyyy'), '454343450977', '926297132', '19227693-0ac2-4cfe-b9d8-0e4b5f0e6ad9', '718057861533', '578316544', '4dbd81fc-56b9-4d9c-a1be-314d24e3ae34', '3182670', to_date('21.09.2013', 'dd.mm.yyyy'), '139879684711', '877293132', 'f7e8c766-7bc2-4945-b5b7-cb709a404030', 135, 'd781e3b6-637a-415c-a151-c01f5e0c0a56', '82', 0.443134026808261, 0.0118209635893912, 0.120701205041586, 0.734048822770849, 0.742188718981198, 0.91064029229369, 0.549176433379378, 0.314893309639252, 0.60290138218687, 0.959650316256867, 0.479736997503665, 0.0136417807143376, 0.600952122174647, 0.656407323040258, 0.978037374083901, 0.690014863242402 );
insert into FIR.INVOICE_RAW values(10022, 1000045, 3, 46949016, to_date('17.05.2013', 'dd.mm.yyyy'), to_date('02.09.2013', 'dd.mm.yyyy'), '8', '8264887', to_date('06.07.2014', 'dd.mm.yyyy'), 5, to_date('12.07.2013', 'dd.mm.yyyy'), '432402280969', to_date('06.04.2014', 'dd.mm.yyyy'), 6, to_date('23.06.2013', 'dd.mm.yyyy'), '3363209', to_date('25.03.2012', 'dd.mm.yyyy'), to_date('24.03.2012', 'dd.mm.yyyy'), '302457282701', '928582139', '91b7b2b7-1105-4591-9442-6ec9d280ce65', '172433712475', '885027941', '0c849858-157a-4e9e-8892-61fcea31863a', '7712427', to_date('09.12.2012', 'dd.mm.yyyy'), '323334149297', '101485363', '15b61341-d934-49c0-8ccf-e6c1411353f5', 130, '24f57f1c-1c6e-460b-a515-8f34b72db84f', '87', 0.587897420668927, 0.45498310236958, 0.202826183849399, 0.00925100036396226, 0.724704135081127, 0.410485826158191, 0.950049736979441, 0.807532668024084, 0.483706971855698, 0.288357303146439, 0.0892378115510744, 0.455201223238931, 0.759003021642101, 0.359361519273073, 0.519232080094159, 0.356281380335 );
insert into FIR.INVOICE_RAW values(10023, 1000090, 1, 7232969, to_date('15.08.2012', 'dd.mm.yyyy'), to_date('21.07.2014', 'dd.mm.yyyy'), '17', '711275', to_date('15.04.2014', 'dd.mm.yyyy'), 9, to_date('22.05.2013', 'dd.mm.yyyy'), '397479732417', to_date('05.07.2013', 'dd.mm.yyyy'), 18, to_date('10.02.2014', 'dd.mm.yyyy'), '5592373', to_date('06.01.2014', 'dd.mm.yyyy'), to_date('08.03.2012', 'dd.mm.yyyy'), '241782423460', '111219890', '608c794f-b52b-4a34-8a90-6fee5ba2e885', '674628211953', '419822558', 'acde8c47-b424-4907-b6ab-5fbdaed7c815', '4897312', to_date('11.09.2013', 'dd.mm.yyyy'), '201234498733', '941472678', 'dea74b14-eb0a-445f-9954-d580fc59095d', 186, '9dc626ca-84ea-4399-8893-239b0a3fadfd', '60', 0.706367049229502, 0.33593916629252, 0.52052503196547, 0.577678369627184, 0.900253909593566, 0.169007959854327, 0.555553928276316, 0.354422614609088, 0.328494497727833, 0.682303239443481, 0.661108562564994, 0.177492348559896, 0.488999233808834, 0.731528682509218, 0.506388294280687, 0.57542572802651 );
insert into FIR.INVOICE_RAW values(10024, 1000090, 3, 36045722, to_date('04.01.2012', 'dd.mm.yyyy'), to_date('07.06.2014', 'dd.mm.yyyy'), '3', '1589621', to_date('03.12.2013', 'dd.mm.yyyy'), 5, to_date('18.02.2013', 'dd.mm.yyyy'), '125314421476', to_date('19.04.2012', 'dd.mm.yyyy'), 2, to_date('28.11.2012', 'dd.mm.yyyy'), '8156360', to_date('10.06.2013', 'dd.mm.yyyy'), to_date('15.06.2012', 'dd.mm.yyyy'), '918323648970', '105258948', '6db00ab8-475e-48ec-85a7-0b0b645a477f', '129800327170', '649570196', '6e567710-25fa-4a9b-a652-c2e7b2551c7e', '1397263', to_date('28.05.2013', 'dd.mm.yyyy'), '377432365198', '218484994', '64e5b89e-2388-4d76-99eb-cbe998b1cae7', 61, '1a23520c-6f23-4b72-80fe-77d54a058f11', '88', 0.812487149989459, 0.318263379539486, 0.893375745459169, 0.960331013407712, 0.301075774385164, 0.72316903468369, 0.374395002785323, 0.642472641376067, 0.83020024925014, 0.209550576382107, 0.579472855003305, 0.905524142508174, 0.498671259497605, 0.850237568304985, 0.266968810589504, 0.25434767606405 );
insert into FIR.INVOICE_RAW values(10025, 1000090, 3, 5205504, to_date('27.03.2014', 'dd.mm.yyyy'), to_date('10.05.2014', 'dd.mm.yyyy'), '16', '9080838', to_date('21.06.2012', 'dd.mm.yyyy'), 3, to_date('24.11.2013', 'dd.mm.yyyy'), '451176657406', to_date('11.10.2012', 'dd.mm.yyyy'), 12, to_date('07.05.2013', 'dd.mm.yyyy'), '7751665', to_date('30.03.2012', 'dd.mm.yyyy'), to_date('09.11.2013', 'dd.mm.yyyy'), '872134800452', '500240463', '9fd98c18-a893-46ee-a447-8cb4a280ad31', '743733383230', '160314670', '56509cc8-bb07-4060-a8a2-9fae468c53a4', '2281124', to_date('04.02.2012', 'dd.mm.yyyy'), '390879897077', '368853658', '8c540619-316e-49f1-8851-0a8b9cfa2c97', 117, '3d5cc012-c074-404e-ae39-4971c1f8c7df', '88', 0.337780529324794, 0.413378488464923, 0.228772283638256, 0.0217311694387957, 0.0575994178920982, 0.454832307274841, 0.264361642424186, 0.676072742173482, 0.9788987021795, 0.561487015598215, 0.896767831359416, 0.68679581381697, 0.877305339033392, 0.0414593611105622, 0.596298615260189, 0.74573437624878 );
insert into FIR.INVOICE_RAW values(10026, 1000090, 3, 45744932, to_date('07.02.2012', 'dd.mm.yyyy'), to_date('13.04.2013', 'dd.mm.yyyy'), '7', '7168081', to_date('26.03.2013', 'dd.mm.yyyy'), 3, to_date('22.06.2012', 'dd.mm.yyyy'), '714955864355', to_date('17.03.2012', 'dd.mm.yyyy'), 21, to_date('24.03.2014', 'dd.mm.yyyy'), '3725745', to_date('25.08.2012', 'dd.mm.yyyy'), to_date('16.01.2014', 'dd.mm.yyyy'), '224705157342', '216036154', 'e53433c3-4d37-4170-9956-8085445cc2fd', '886901827294', '806977989', 'eda9669d-8f5b-4464-bb64-bb1bc443a84e', '3903970', to_date('24.10.2013', 'dd.mm.yyyy'), '303782899987', '805930716', '3aad0c18-05a4-487d-a0d9-998b69a513f4', 63, '3364e316-9fac-40ee-83ba-ebfc6515d44f', '67', 0.756604622470496, 0.689113091066998, 0.451831215737309, 0.883643574958501, 0.620755050154754, 0.375490448146821, 0.661168426583134, 0.0875000367348548, 0.130057951030348, 0.526505996252646, 0.784021630782644, 0.558828880804977, 0.700075917737594, 0.408489244714607, 0.203130756133763, 0.12763995170949 );
insert into FIR.INVOICE_RAW values(10027, 1000090, 3, 16802510, to_date('02.02.2014', 'dd.mm.yyyy'), to_date('12.09.2012', 'dd.mm.yyyy'), '9', '1135922', to_date('08.02.2013', 'dd.mm.yyyy'), 2, to_date('08.06.2014', 'dd.mm.yyyy'), '451519674616', to_date('19.01.2012', 'dd.mm.yyyy'), 16, to_date('03.09.2013', 'dd.mm.yyyy'), '2501139', to_date('24.01.2013', 'dd.mm.yyyy'), to_date('04.12.2013', 'dd.mm.yyyy'), '662189495582', '396157486', 'fa8733e0-8628-4372-bac6-dd179eafe093', '960504891633', '286772533', '8efda21e-4df4-4cbb-aadc-134ecff80eed', '430547', to_date('02.05.2013', 'dd.mm.yyyy'), '346323425048', '643247785', '905d4c75-cae6-4e30-8057-d51fad3adade', 67, 'd3baa123-4ab9-44df-bfe9-219e0a85ca41', '45', 0.244423923196468, 0.184485559903311, 0.068030274970471, 0.545875147704908, 0.318097924030432, 0.112329534307276, 0.274821302515837, 0.250599594437796, 0.385267077658915, 0.346924297673127, 0.983534280668727, 0.411859981441805, 0.764429116046256, 0.101973714354436, 0.28821641778956, 0.14151207457367 );
insert into FIR.INVOICE_RAW values(10028, 1000090, 3, 10226124, to_date('07.07.2012', 'dd.mm.yyyy'), to_date('26.05.2014', 'dd.mm.yyyy'), '10', '5702306', to_date('10.01.2012', 'dd.mm.yyyy'), 4, to_date('21.03.2013', 'dd.mm.yyyy'), '352306669608', to_date('17.07.2013', 'dd.mm.yyyy'), 20, to_date('20.05.2014', 'dd.mm.yyyy'), '2254061', to_date('07.05.2014', 'dd.mm.yyyy'), to_date('24.07.2012', 'dd.mm.yyyy'), '441629556880', '661346249', '4968dbaa-f493-4133-8cf5-4b07dc4697ba', '308076639481', '651022959', '963b20a4-dc6f-4633-b249-81a97b7bb22c', '8342554', to_date('04.07.2012', 'dd.mm.yyyy'), '922403794407', '156964726', '8b803a14-5d4c-4602-b421-e5e7d444298a', 149, 'dda5f6e0-1564-4401-a80d-be39dd477bbe', '79', 0.108227033684136, 0.557255699093107, 0.62245111196416, 0.727021185554108, 0.776288915321366, 0.320747504160156, 0.794953421594088, 0.701639715908859, 0.841507025454895, 0.257598173458873, 0.610187915903604, 0.742533529057416, 0.354422495399798, 0.871840735372082, 0.513254915137428, 0.874083389935122 );
insert into FIR.INVOICE_RAW values(10029, 1000090, 1, 37264333, to_date('06.03.2013', 'dd.mm.yyyy'), to_date('22.07.2014', 'dd.mm.yyyy'), '3', '557884', to_date('02.12.2013', 'dd.mm.yyyy'), 2, to_date('17.08.2014', 'dd.mm.yyyy'), '664816317634', to_date('03.05.2012', 'dd.mm.yyyy'), 2, to_date('23.02.2014', 'dd.mm.yyyy'), '5123321', to_date('19.03.2014', 'dd.mm.yyyy'), to_date('05.03.2014', 'dd.mm.yyyy'), '680699408056', '217848700', '92338143-8749-40f1-8ead-d250ae70349f', '830407816419', '633880729', '1479569f-d889-4df4-9cb1-83ffb772904c', '4376683', to_date('09.06.2014', 'dd.mm.yyyy'), '898749468143', '539485692', '6325c8fb-dbcd-4739-9254-c5d814f55306', 184, '1a4b8f93-30da-4b25-a69c-757481af016d', '81', 0.391268252111631, 0.200272025168069, 0.0644288319463045, 0.259230649685129, 0.726075269619969, 0.699830533796842, 0.762510668375767, 0.707165466485156, 0.399198986310139, 0.575235664646717, 0.534473045512323, 0.0768133481390836, 0.959458034001038, 0.133647622137166, 0.930297343493578, 0.948937292652641 );
insert into FIR.INVOICE_RAW values(10030, 1000090, 3, 15148968, to_date('17.01.2014', 'dd.mm.yyyy'), to_date('19.04.2013', 'dd.mm.yyyy'), '15', '2318062', to_date('08.02.2014', 'dd.mm.yyyy'), 8, to_date('24.12.2013', 'dd.mm.yyyy'), '898948150044', to_date('08.10.2013', 'dd.mm.yyyy'), 4, to_date('21.12.2012', 'dd.mm.yyyy'), '5144836', to_date('02.02.2012', 'dd.mm.yyyy'), to_date('16.02.2012', 'dd.mm.yyyy'), '749646731990', '420115394', '0d90ed70-cc94-469f-a65e-c574a44a878b', '899043858988', '668597906', 'ac4337a7-71b9-4aaf-945c-759c97720da3', '8887640', to_date('11.05.2014', 'dd.mm.yyyy'), '642658882605', '537361718', '92c68eed-50e7-4cd1-ab9d-fadf744093b4', 149, '545be75b-656a-452f-89e3-54ee24768ce8', '24', 0.83359186576381, 0.392577021565557, 0.979488695962116, 0.565732219985562, 0.0100437011616508, 0.856074651170557, 0.192248387817409, 0.271250269036391, 0.516278447358067, 0.277458290233025, 0.0160990883671209, 0.855180739823347, 0.48878162889219, 0.439961424302292, 0.180700944820745, 0.376468190167317 );
insert into FIR.INVOICE_RAW values(10031, 1000090, 2, 45976716, to_date('27.11.2013', 'dd.mm.yyyy'), to_date('12.05.2013', 'dd.mm.yyyy'), '4', '5698036', to_date('23.04.2012', 'dd.mm.yyyy'), 8, to_date('26.01.2013', 'dd.mm.yyyy'), '419319637971', to_date('21.02.2014', 'dd.mm.yyyy'), 2, to_date('31.12.2013', 'dd.mm.yyyy'), '3206695', to_date('25.04.2012', 'dd.mm.yyyy'), to_date('25.09.2013', 'dd.mm.yyyy'), '667032451515', '922836202', 'ab57a025-b004-4349-846e-cec5f15ba1a7', '688538594706', '489123446', '4072d7b3-4a3b-4140-b6f4-c8b61c9baf53', '5177212', to_date('02.11.2013', 'dd.mm.yyyy'), '906877575921', '617869304', '685be12c-81ea-4cee-8766-df7de7269166', 102, '29841243-69f3-4a94-8653-5f816f030675', '33', 0.882908025236292, 0.0499111577169556, 0.509176887808916, 0.91699188478151, 0.212483818276079, 0.536889931902704, 0.0129752722629231, 0.845570576770962, 0.368391942404393, 0.411891698563421, 0.59334177178952, 0.245376756994695, 0.90314527410229, 0.701621452673162, 0.45638224783185, 0.857853337124853 );
insert into FIR.INVOICE_RAW values(10032, 1000090, 1, 26767406, to_date('22.06.2014', 'dd.mm.yyyy'), to_date('03.10.2013', 'dd.mm.yyyy'), '15', '4171853', to_date('19.05.2012', 'dd.mm.yyyy'), 8, to_date('17.02.2012', 'dd.mm.yyyy'), '101865840610', to_date('26.01.2014', 'dd.mm.yyyy'), 9, to_date('14.06.2013', 'dd.mm.yyyy'), '2596900', to_date('10.12.2013', 'dd.mm.yyyy'), to_date('20.08.2013', 'dd.mm.yyyy'), '286293681941', '592288206', 'f5e3e701-8093-406e-9637-cdca10d7550d', '597144733597', '755739306', 'f42daa10-0072-46c0-9093-b40458a988ce', '9085555', to_date('30.06.2013', 'dd.mm.yyyy'), '190181434157', '823647898', 'ff3fb009-e31f-4eab-895f-53866b6900bd', 156, '951fe876-b265-4cf8-985b-c210994d28af', '60', 0.441277191248386, 0.0378252868716723, 0.769296963591732, 0.442855451927919, 0.248820405103648, 0.836444064432962, 0.191441189586856, 0.876531925460571, 0.539148069237894, 0.064922200546098, 0.876463662775449, 0.897933192503608, 0.492043150817996, 0.172473246777651, 0.648990843747273, 0.769594150488076 );
insert into FIR.INVOICE_RAW values(10033, 1000090, 2, 13274015, to_date('18.07.2013', 'dd.mm.yyyy'), to_date('15.05.2012', 'dd.mm.yyyy'), '16', '5256685', to_date('22.08.2014', 'dd.mm.yyyy'), 4, to_date('24.03.2014', 'dd.mm.yyyy'), '510803373071', to_date('30.06.2013', 'dd.mm.yyyy'), 4, to_date('09.01.2013', 'dd.mm.yyyy'), '4742776', to_date('13.06.2013', 'dd.mm.yyyy'), to_date('11.06.2014', 'dd.mm.yyyy'), '721388870064', '497065467', 'ee791d68-2ffa-473a-9b85-3451fedd7995', '847560603065', '397425649', '59fde15d-ce75-450d-b039-5d0f32d0653b', '8639286', to_date('09.01.2014', 'dd.mm.yyyy'), '683414607406', '536985588', '95549149-e078-4cd4-bb84-4d0def186b89', 68, 'c93f0d1e-9f50-46aa-a037-ad1f8ae1c267', '10', 0.100855165208157, 0.030408882084493, 0.993128116705049, 0.142234291016233, 0.31417983924699, 0.492602583250312, 0.361802511551325, 0.920270571913696, 0.881951226797864, 0.28679881258253, 0.130658864570157, 0.0531601687209495, 0.501930348343183, 0.705120642997846, 0.257381549224901, 0.222444299246391 );
insert into FIR.INVOICE_RAW values(10034, 1000135, 3, 48106682, to_date('12.05.2013', 'dd.mm.yyyy'), to_date('12.02.2014', 'dd.mm.yyyy'), '13', '385521', to_date('05.09.2012', 'dd.mm.yyyy'), 6, to_date('27.07.2013', 'dd.mm.yyyy'), '167817317235', to_date('18.05.2012', 'dd.mm.yyyy'), 19, to_date('20.04.2014', 'dd.mm.yyyy'), '9961527', to_date('13.04.2013', 'dd.mm.yyyy'), to_date('10.12.2013', 'dd.mm.yyyy'), '917978684818', '560773946', 'e1a5775b-a718-4188-acb3-0c5b24bc5b26', '496484225422', '610042522', 'e4119e6d-4834-4f61-9ddf-777bbfed3015', '306099', to_date('16.04.2012', 'dd.mm.yyyy'), '308298863556', '348243432', '4b3ca541-8e6e-4e83-b399-4fa84ab817c2', 131, '7f18c1d5-41c7-4300-ba8a-e7059378138b', '43', 0.988529829303049, 0.756201931627561, 0.551830264996658, 0.682380270064986, 0.0931485589096083, 0.848232580743838, 0.124866242578657, 0.852252657456441, 0.124264662211884, 0.0972698326675546, 0.180235716132557, 0.354992240832649, 0.827202407097072, 0.128094042711004, 0.262275715480687, 0.980957382349743 );
insert into FIR.INVOICE_RAW values(10035, 1000135, 3, 48144808, to_date('20.07.2012', 'dd.mm.yyyy'), to_date('18.02.2012', 'dd.mm.yyyy'), '16', '6816076', to_date('28.04.2012', 'dd.mm.yyyy'), 7, to_date('29.09.2013', 'dd.mm.yyyy'), '364968986847', to_date('12.05.2014', 'dd.mm.yyyy'), 19, to_date('25.01.2012', 'dd.mm.yyyy'), '7080765', to_date('02.03.2014', 'dd.mm.yyyy'), to_date('15.03.2013', 'dd.mm.yyyy'), '184365433791', '494186724', '03780800-7584-4240-b333-ce8ed2d8119d', '991158437220', '646272137', '846ddab1-f5dc-42e3-ae35-043347855a50', '7771272', to_date('13.01.2013', 'dd.mm.yyyy'), '209832682176', '182883113', '84c52629-1453-498a-8d7c-9f6df9da17b2', 112, '630960d5-33d8-4ad1-a12c-ada7b727fd8a', '87', 0.0188964782370704, 0.477608192468811, 0.454056740949888, 0.76571032161159, 0.88878588885478, 0.966324944033439, 0.957340646980955, 0.823374025907076, 0.431816830966536, 0.881358898655213, 0.720731433350934, 0.0679089362117969, 0.324431462364472, 0.925822670071303, 0.101435456472186, 0.597726380730852 );
insert into FIR.INVOICE_RAW values(10036, 1000135, 3, 32415654, to_date('02.07.2014', 'dd.mm.yyyy'), to_date('23.06.2012', 'dd.mm.yyyy'), '16', '6479160', to_date('26.06.2013', 'dd.mm.yyyy'), 9, to_date('03.06.2014', 'dd.mm.yyyy'), '553853399846', to_date('14.01.2013', 'dd.mm.yyyy'), 11, to_date('14.12.2013', 'dd.mm.yyyy'), '9947700', to_date('21.06.2012', 'dd.mm.yyyy'), to_date('10.09.2012', 'dd.mm.yyyy'), '603991453452', '794919278', 'a513a27b-eec2-4193-ade3-3c04f21e6d72', '717416134066', '715427684', 'e54431b7-ef61-4aa3-bae6-36a00eed9978', '5936966', to_date('08.06.2012', 'dd.mm.yyyy'), '376111689404', '315993717', '4599eaab-8080-4664-b8c7-870c53cfe983', 178, '781073ff-0365-4fbc-b2d6-935063b5a621', '34', 0.240601369291824, 0.746670335413269, 0.530922881109138, 0.74550707626413, 0.848672790848032, 0.660599588724132, 0.0240379385762093, 0.457513893701841, 0.25126950966719, 0.835892306564326, 0.0350033003068544, 0.476184506656688, 0.119848004132438, 0.136339582100669, 0.942350102561689, 0.117720229140353 );
insert into FIR.INVOICE_RAW values(10037, 1000135, 3, 39037127, to_date('19.11.2013', 'dd.mm.yyyy'), to_date('07.04.2013', 'dd.mm.yyyy'), '9', '423639', to_date('14.01.2012', 'dd.mm.yyyy'), 8, to_date('26.09.2013', 'dd.mm.yyyy'), '776810426665', to_date('17.07.2013', 'dd.mm.yyyy'), 14, to_date('16.06.2012', 'dd.mm.yyyy'), '4573495', to_date('26.07.2014', 'dd.mm.yyyy'), to_date('12.10.2012', 'dd.mm.yyyy'), '993879200200', '312606386', '12b3bffe-39a7-462c-9a20-47888f1492ef', '137815241885', '906931884', '075e26e1-b065-420a-a652-46c4a1fa4805', '3559220', to_date('08.09.2012', 'dd.mm.yyyy'), '739231206582', '211603414', '02f4c0da-4f39-4039-a271-5484bd7d244e', 13, 'bb025146-f69f-48da-9b70-ec3e2acbd2a6', '1', 0.832462323751516, 0.736182777553882, 0.230687591354683, 0.194679915064331, 0.0783769302435112, 0.966412666238105, 0.818979061590032, 0.32287824774295, 0.870243669892775, 0.549770194827472, 0.474731842276981, 0.979425300834433, 0.665743915674157, 0.471244079280293, 0.900719071692191, 0.00675144000293288 );
insert into FIR.INVOICE_RAW values(10038, 1000135, 2, 6287741, to_date('02.08.2014', 'dd.mm.yyyy'), to_date('05.12.2012', 'dd.mm.yyyy'), '11', '1788236', to_date('29.06.2014', 'dd.mm.yyyy'), 9, to_date('25.05.2014', 'dd.mm.yyyy'), '195580857186', to_date('18.03.2014', 'dd.mm.yyyy'), 15, to_date('19.08.2013', 'dd.mm.yyyy'), '733179', to_date('26.01.2012', 'dd.mm.yyyy'), to_date('07.07.2014', 'dd.mm.yyyy'), '229750973697', '687601814', '90b09031-bf09-43a3-8a0a-9b4a2426b18b', '595799180881', '426749595', '5ca7a961-4a6b-4e66-b9ab-ea16fd3ceeeb', '2740122', to_date('01.10.2013', 'dd.mm.yyyy'), '737445237337', '265596772', 'ec366f32-00c9-4570-8a35-70cf1f31d86a', 131, '88071141-9f63-4cd8-94bc-3b5b53b96c2b', '40', 0.573579582652813, 0.750052182818787, 0.218767258906163, 0.773188943869056, 0.0588631700067144, 0.560277873445432, 0.596065415812687, 0.702872081055712, 0.00299582304572492, 0.645132759420729, 0.57627040873108, 0.9872571751416, 0.988730203820732, 0.196487514859292, 0.0782310343711782, 0.795823359301232 );
insert into FIR.INVOICE_RAW values(10039, 1000135, 2, 39799759, to_date('05.04.2013', 'dd.mm.yyyy'), to_date('09.04.2013', 'dd.mm.yyyy'), '18', '8034265', to_date('16.02.2014', 'dd.mm.yyyy'), 2, to_date('07.05.2012', 'dd.mm.yyyy'), '475301886629', to_date('06.06.2012', 'dd.mm.yyyy'), 15, to_date('13.11.2012', 'dd.mm.yyyy'), '4799697', to_date('24.03.2012', 'dd.mm.yyyy'), to_date('23.02.2013', 'dd.mm.yyyy'), '750170104385', '380428802', '2188ee0d-5544-443d-bb9d-5f063d46ff61', '595113311201', '852317696', 'e6b908ea-f4a9-4b5b-a4f1-8fa806b1719e', '9869651', to_date('27.06.2012', 'dd.mm.yyyy'), '906008901452', '898129732', '83cfcd97-352f-4cd1-875f-8afce9ea0c0f', 87, 'ef56ce66-dc89-4920-975d-05937d604499', '87', 0.889708432783237, 0.731765153692926, 0.580439938502591, 0.673213402588486, 0.72963901689725, 0.871584648206636, 0.962282518838664, 0.400190829951405, 0.219883272526731, 0.769425427899428, 0.0605390761329509, 0.226271796611264, 0.621436003419308, 0.735818489797329, 0.658587021128548, 0.929413993344369 );
insert into FIR.INVOICE_RAW values(10040, 1000135, 1, 48421596, to_date('06.01.2012', 'dd.mm.yyyy'), to_date('25.02.2012', 'dd.mm.yyyy'), '18', '5353810', to_date('24.07.2014', 'dd.mm.yyyy'), 4, to_date('08.04.2014', 'dd.mm.yyyy'), '169647507956', to_date('14.03.2012', 'dd.mm.yyyy'), 1, to_date('09.12.2012', 'dd.mm.yyyy'), '49517', to_date('24.01.2013', 'dd.mm.yyyy'), to_date('12.08.2013', 'dd.mm.yyyy'), '513622922321', '932860767', 'c9625f33-f083-4acb-a9a5-516a654760da', '232872381889', '274772287', '29ee1daf-b153-4c0e-a67a-ca9f328e90f2', '5163665', to_date('04.12.2012', 'dd.mm.yyyy'), '668142648956', '742298608', 'd1669643-9b56-40f9-abb7-ed92f1828259', 180, 'e01c5b7e-866b-40b6-bba2-ffaa61a48727', '5', 0.30430162851899, 0.651433923119416, 0.114030561928652, 0.505924441155942, 0.344506318841365, 0.715731525195638, 0.165137398599245, 0.4974223470769, 0.428948967451672, 0.395969909334541, 0.491082178191786, 0.950620215828819, 0.060737126535148, 0.349857878568516, 0.0740082851024383, 0.0666964897265176 );
insert into FIR.INVOICE_RAW values(10041, 1000135, 1, 3399744, to_date('10.05.2012', 'dd.mm.yyyy'), to_date('13.03.2013', 'dd.mm.yyyy'), '3', '9822715', to_date('10.09.2012', 'dd.mm.yyyy'), 1, to_date('12.04.2012', 'dd.mm.yyyy'), '600200906194', to_date('08.02.2014', 'dd.mm.yyyy'), 2, to_date('02.11.2012', 'dd.mm.yyyy'), '9329198', to_date('20.11.2012', 'dd.mm.yyyy'), to_date('15.10.2012', 'dd.mm.yyyy'), '346213107614', '747459215', 'dec7e996-0c22-4e76-957d-7ce3a64a4b70', '609129731803', '796380618', 'ddb2b6a4-1d5f-4564-b5e7-95215fefeb2f', '2722297', to_date('12.04.2012', 'dd.mm.yyyy'), '441641989788', '698193250', '807c820f-fb5c-4d00-9b12-3be350cf19f5', 45, 'd4b9a568-c14a-41d9-9f05-0b8806911541', '76', 0.0474054711160275, 0.923786037566041, 0.330156053104511, 0.547227022027237, 0.37599500519037, 0.758169931246978, 0.574706146761172, 0.757049672658113, 0.0393396439213956, 0.58909394433214, 0.284971943257829, 0.665032805253301, 0.14314924326872, 0.731201578272135, 0.877311956080288, 0.0100051257805923 );
insert into FIR.INVOICE_RAW values(10042, 1000135, 2, 16283302, to_date('10.11.2013', 'dd.mm.yyyy'), to_date('11.09.2012', 'dd.mm.yyyy'), '9', '4646256', to_date('05.10.2013', 'dd.mm.yyyy'), 8, to_date('25.09.2012', 'dd.mm.yyyy'), '999399184337', to_date('03.06.2012', 'dd.mm.yyyy'), 22, to_date('22.06.2014', 'dd.mm.yyyy'), '8610147', to_date('06.05.2014', 'dd.mm.yyyy'), to_date('28.09.2012', 'dd.mm.yyyy'), '376430905220', '725384862', 'bea3b41d-22fd-45d0-b9d6-cdb8db7933d7', '362220162409', '284196300', '1dc5542c-4835-4c0a-9bdd-ae5cedb1bd25', '9053349', to_date('16.06.2013', 'dd.mm.yyyy'), '891112422300', '775711698', '4c001008-ae7d-416c-8a44-81cdffd2ff64', 113, '27e4b396-5a53-4eaa-822f-86be34dc2a30', '43', 0.651126114023442, 0.984575928647339, 0.635037310251518, 0.556947127243945, 0.785558740974198, 0.936157179500981, 0.436162592580618, 0.568099294588016, 0.600207919534393, 0.885977114032012, 0.276280834933874, 0.33144418305319, 0.319281666222625, 0.939152576932289, 0.414665496635561, 0.813543664204676 );
insert into FIR.INVOICE_RAW values(10043, 1000135, 1, 19138440, to_date('24.02.2014', 'dd.mm.yyyy'), to_date('30.03.2012', 'dd.mm.yyyy'), '1', '9723683', to_date('25.10.2013', 'dd.mm.yyyy'), 9, to_date('17.03.2013', 'dd.mm.yyyy'), '326284126365', to_date('21.11.2013', 'dd.mm.yyyy'), 18, to_date('09.12.2012', 'dd.mm.yyyy'), '46470', to_date('16.07.2014', 'dd.mm.yyyy'), to_date('19.07.2013', 'dd.mm.yyyy'), '654791796566', '897733375', 'da043a58-5d70-469a-9fd4-ee3df4b84f31', '252838478057', '738226631', '87ac1eff-4c39-4f32-bef8-c191498caca2', '3056027', to_date('09.10.2012', 'dd.mm.yyyy'), '243758848085', '757997507', 'fcbb0545-77a5-47f3-ae48-62720a8b263a', 36, '0e8e41c5-e814-45c2-b97b-976a15ba1bd1', '53', 0.675793571246692, 0.327349421254988, 0.465353211604689, 0.710104726585608, 0.592487084023881, 0.0812618667638218, 0.0886808582994532, 0.0115644726956098, 0.702354165121146, 0.697759459120109, 0.607109545081439, 0.424283425521238, 0.456829426557212, 0.358712522480037, 0.318912581223488, 0.398805031272958 );
insert into FIR.INVOICE_RAW values(10044, 1000135, 2, 17997012, to_date('21.09.2012', 'dd.mm.yyyy'), to_date('31.05.2014', 'dd.mm.yyyy'), '3', '7917948', to_date('21.11.2013', 'dd.mm.yyyy'), 3, to_date('23.12.2012', 'dd.mm.yyyy'), '303486739638', to_date('12.06.2014', 'dd.mm.yyyy'), 10, to_date('24.07.2014', 'dd.mm.yyyy'), '3080344', to_date('21.02.2012', 'dd.mm.yyyy'), to_date('09.02.2012', 'dd.mm.yyyy'), '472703558041', '910638856', '445dcb8e-5ec5-4a53-bfd8-dc2d3c3a48c8', '519355525894', '509705803', '637b6781-2c9b-4475-8dbb-4f12aa85d6d7', '6170056', to_date('29.05.2012', 'dd.mm.yyyy'), '574808960306', '323410881', 'd76fd7d0-0bb4-4d74-bc24-f1df35725676', 56, 'b1fc87e7-f8ef-4eec-b926-d4acec830c98', '76', 0.621983009680166, 0.893473634446726, 0.219499371116748, 0.803001065181103, 0.656602194838506, 0.57661398247658, 0.690491501097796, 0.402532634978431, 0.595900902802078, 0.681938597784349, 0.064571334079174, 0.431158418502267, 0.582817781987981, 0.775504588976272, 0.86492329550205, 0.782706785380238 );
insert into FIR.INVOICE_RAW values(10045, 1000180, 2, 39529253, to_date('14.07.2014', 'dd.mm.yyyy'), to_date('08.07.2013', 'dd.mm.yyyy'), '4', '3819843', to_date('16.03.2014', 'dd.mm.yyyy'), 8, to_date('23.09.2013', 'dd.mm.yyyy'), '838723892971', to_date('23.01.2013', 'dd.mm.yyyy'), 17, to_date('20.08.2012', 'dd.mm.yyyy'), '462587', to_date('19.11.2013', 'dd.mm.yyyy'), to_date('16.03.2012', 'dd.mm.yyyy'), '185195844692', '631358340', '82691615-7c03-456f-8c2d-55b58696da8e', '466674304037', '337703162', '54a98ab3-09ca-4784-866a-e1d7411bc37b', '1290600', to_date('16.06.2013', 'dd.mm.yyyy'), '158860825628', '557498882', '19c0f83e-b44d-4dee-bdde-01b9249de03f', 109, 'db2cd23e-f1d9-4e24-b9de-d980ade745fb', '74', 0.751292853966026, 0.749761114246101, 0.509123618020268, 0.713078299403693, 0.9328207280174, 0.72281973190737, 0.343145647245993, 0.770448258971073, 0.301947082067815, 0.370911126663401, 0.00235862238442461, 0.240326834023151, 0.473945597407383, 0.926662377047661, 0.961923302133532, 0.690322302603313 );
insert into FIR.INVOICE_RAW values(10046, 1000180, 3, 39527343, to_date('15.04.2012', 'dd.mm.yyyy'), to_date('02.03.2013', 'dd.mm.yyyy'), '11', '1422567', to_date('22.02.2013', 'dd.mm.yyyy'), 3, to_date('07.02.2013', 'dd.mm.yyyy'), '925699546185', to_date('30.07.2012', 'dd.mm.yyyy'), 10, to_date('31.03.2012', 'dd.mm.yyyy'), '2371735', to_date('19.10.2013', 'dd.mm.yyyy'), to_date('12.06.2014', 'dd.mm.yyyy'), '307247952564', '351765313', 'b5ee9ef4-5c2d-4ca4-be7e-25677ab10ec2', '484021928339', '725696870', '8418bab8-317a-4890-be53-0f856b68a41b', '8306209', to_date('16.02.2014', 'dd.mm.yyyy'), '516673828897', '451384422', '7e96fbac-42a4-4874-8614-0c6f946ac194', 165, '1ed98da3-44f9-45b9-a4d8-60bbfcefd0c5', '55', 0.628810096824919, 0.730040349406209, 0.312169035110701, 0.151734214346732, 0.308891581980927, 0.503309517867542, 0.466017608282164, 0.0047633810922333, 0.384503119338538, 0.463352855510708, 0.991077452893871, 0.145289268412296, 0.904941894069752, 0.861281366954223, 0.573749627719517, 0.913214968942672 );
insert into FIR.INVOICE_RAW values(10047, 1000180, 2, 2224848, to_date('02.10.2012', 'dd.mm.yyyy'), to_date('10.06.2014', 'dd.mm.yyyy'), '1', '1738286', to_date('28.12.2012', 'dd.mm.yyyy'), 8, to_date('11.11.2012', 'dd.mm.yyyy'), '868383326701', to_date('15.04.2013', 'dd.mm.yyyy'), 22, to_date('17.11.2012', 'dd.mm.yyyy'), '3137703', to_date('01.03.2012', 'dd.mm.yyyy'), to_date('09.03.2013', 'dd.mm.yyyy'), '987142754533', '771238430', '7068f9e8-0ccf-484b-b361-60df494c2cd6', '692913194804', '863505614', '1fe7413e-4a36-48ec-baa9-f401883bc9a2', '8080468', to_date('08.01.2012', 'dd.mm.yyyy'), '871078424917', '336840650', 'd7fd1043-8d5b-418d-a603-6c1df7f9441a', 151, '61168b14-7636-48d6-87ff-5df78fba36cd', '55', 0.279133853166892, 0.814128045837454, 0.429362513790542, 0.735239844645951, 0.556631084325086, 0.23127527452599, 0.223606240574087, 0.196902082393366, 0.360114351548308, 0.636399020737223, 0.922136586588871, 0.958992725219108, 0.71562187453528, 0.202841170226615, 0.0367442257873454, 0.281431564726602 );
insert into FIR.INVOICE_RAW values(10048, 1000180, 2, 814008, to_date('04.06.2013', 'dd.mm.yyyy'), to_date('26.05.2013', 'dd.mm.yyyy'), '9', '2296017', to_date('26.04.2013', 'dd.mm.yyyy'), 9, to_date('04.06.2013', 'dd.mm.yyyy'), '230636802793', to_date('27.08.2014', 'dd.mm.yyyy'), 18, to_date('10.08.2014', 'dd.mm.yyyy'), '1475328', to_date('04.01.2013', 'dd.mm.yyyy'), to_date('03.03.2012', 'dd.mm.yyyy'), '966082749375', '505004541', 'addc1d3d-a4a0-4901-923a-e901b803688b', '198469863970', '103654664', 'e77c5d05-57b0-491a-9038-22348289a6cf', '5990216', to_date('08.08.2012', 'dd.mm.yyyy'), '982437883142', '131608554', '5d605de5-6221-41f6-8b05-7bed7d6efada', 155, '1cfa2939-dea7-439b-8162-a0fef0b5daf7', '63', 0.678803835845927, 0.131105857031004, 0.707546924570364, 0.00358351180496789, 0.887992001552131, 0.786346132767548, 0.52159625642076, 0.725389169401205, 0.948777096322168, 0.478421010765443, 0.916002667935566, 0.317732268626677, 0.574651921901224, 0.566409567634766, 0.793743985609032, 0.440604228265865 );
insert into FIR.INVOICE_RAW values(10049, 1000180, 1, 24354701, to_date('22.03.2014', 'dd.mm.yyyy'), to_date('02.06.2012', 'dd.mm.yyyy'), '3', '5328774', to_date('24.04.2013', 'dd.mm.yyyy'), 9, to_date('17.09.2012', 'dd.mm.yyyy'), '321102650367', to_date('26.07.2012', 'dd.mm.yyyy'), 22, to_date('27.03.2012', 'dd.mm.yyyy'), '6676932', to_date('06.02.2012', 'dd.mm.yyyy'), to_date('24.01.2013', 'dd.mm.yyyy'), '553880809620', '683815124', '72ffdb52-d1d6-4fde-951c-298014328810', '600973872072', '590213189', '5aad6c48-7586-46a9-9492-a1e8fdeedf43', '1440530', to_date('26.05.2012', 'dd.mm.yyyy'), '187858269380', '804051301', 'e639f8e9-6e2c-4e40-a925-ab8261d3c03f', 130, '0fd97c45-313e-495e-bfef-d21d75675d66', '53', 0.0229186685862572, 0.294531906626435, 0.945556668073664, 0.0436821221577386, 0.544245531104619, 0.576737444185064, 0.948004383569585, 0.182813687335147, 0.778543285456739, 0.148071369225192, 0.91837045453413, 0.86570776527082, 0.191478103954102, 0.784300237793615, 0.854827429100325, 0.43581129072039 );
insert into FIR.INVOICE_RAW values(10050, 1000180, 1, 1232730, to_date('26.08.2012', 'dd.mm.yyyy'), to_date('19.11.2013', 'dd.mm.yyyy'), '19', '7884401', to_date('27.07.2014', 'dd.mm.yyyy'), 2, to_date('26.07.2013', 'dd.mm.yyyy'), '267282617014', to_date('14.06.2012', 'dd.mm.yyyy'), 5, to_date('02.01.2012', 'dd.mm.yyyy'), '255482', to_date('16.08.2013', 'dd.mm.yyyy'), to_date('03.04.2014', 'dd.mm.yyyy'), '649372543078', '794042184', '964e1a8a-5395-4433-a3b9-6236b80cb78b', '616366238897', '232501604', '3cd8e422-1152-44a3-a6b7-96d4edbbd4f1', '5378854', to_date('11.06.2012', 'dd.mm.yyyy'), '239771267208', '785884766', 'dfacbe75-70eb-488c-a2b7-2758630c06b9', 160, '0fcceaf0-901a-49f1-9fcd-dc2a5394cfe5', '14', 0.716773637904214, 0.438531905616881, 0.62345385766749, 0.835514692047385, 0.327301517281356, 0.26743849053394, 0.969141173162098, 0.0923547139821363, 0.982347160569554, 0.0570075186234934, 0.265981375829308, 0.378835291778126, 0.122628494222941, 0.858383420788862, 0.64828923933594, 0.146523439393623 );
insert into FIR.INVOICE_RAW values(10051, 1000180, 1, 12392906, to_date('06.06.2014', 'dd.mm.yyyy'), to_date('15.01.2013', 'dd.mm.yyyy'), '18', '1355254', to_date('15.10.2013', 'dd.mm.yyyy'), 3, to_date('24.05.2012', 'dd.mm.yyyy'), '908716898826', to_date('13.07.2012', 'dd.mm.yyyy'), 2, to_date('29.07.2012', 'dd.mm.yyyy'), '3004759', to_date('07.02.2014', 'dd.mm.yyyy'), to_date('28.12.2013', 'dd.mm.yyyy'), '793276446463', '497433335', '7b6443e4-233d-4b72-9132-5feffacef45e', '697014257621', '347252449', '896c4d13-f00a-44f6-9446-710f2260dc36', '5124083', to_date('05.08.2013', 'dd.mm.yyyy'), '191384389542', '253000760', 'e6456788-0d9f-4833-a822-2eca329ecb55', 124, 'f943ef5f-5b24-424c-bab0-34c54adec34e', '21', 0.324210597353154, 0.319224537498888, 0.524615420738522, 0.579252583244467, 0.340203300276866, 0.504896863598794, 0.23031501762118, 0.285572303592028, 0.316079565005414, 0.640566676222052, 0.659636203972453, 0.929832573947419, 0.0547022642822481, 0.949327961983778, 0.581510581812594, 0.936164282698261 );
insert into FIR.INVOICE_RAW values(10052, 1000180, 3, 3216048, to_date('24.02.2014', 'dd.mm.yyyy'), to_date('14.07.2013', 'dd.mm.yyyy'), '6', '2363425', to_date('06.02.2013', 'dd.mm.yyyy'), 1, to_date('13.07.2013', 'dd.mm.yyyy'), '664533271998', to_date('31.08.2012', 'dd.mm.yyyy'), 20, to_date('11.03.2012', 'dd.mm.yyyy'), '4149711', to_date('07.11.2012', 'dd.mm.yyyy'), to_date('27.12.2013', 'dd.mm.yyyy'), '397684896203', '571848856', 'c21bdf2c-297e-437f-9f2b-13e8e5ac9fbe', '861318484329', '676655437', 'b5a30ef3-368f-4005-a193-e2f1b77fc133', '132478', to_date('10.09.2012', 'dd.mm.yyyy'), '723915914561', '659476168', '4117ae09-7958-4590-a7fd-3aaf135db336', 75, '4a45160b-ddfa-4065-9d01-b13eceb6eaa7', '29', 0.62302811938479, 0.0642212182582455, 0.26734241622842, 0.849922664859296, 0.430822862978476, 0.89933640039495, 0.431578781191063, 0.0917778765278766, 0.824705274693996, 0.522789981459635, 0.562382428237415, 0.399458395037548, 0.92750410639099, 0.786713171650988, 0.383254620425056, 0.317506310212196 );
insert into FIR.INVOICE_RAW values(10053, 1000180, 3, 44517066, to_date('21.08.2014', 'dd.mm.yyyy'), to_date('07.11.2013', 'dd.mm.yyyy'), '13', '4709467', to_date('14.09.2012', 'dd.mm.yyyy'), 5, to_date('22.03.2012', 'dd.mm.yyyy'), '900577120667', to_date('20.05.2013', 'dd.mm.yyyy'), 5, to_date('26.10.2012', 'dd.mm.yyyy'), '936281', to_date('30.04.2012', 'dd.mm.yyyy'), to_date('11.02.2013', 'dd.mm.yyyy'), '533029367435', '558571951', '1f729a14-72ad-4886-9bfc-d68df7f79dce', '308066646148', '486052803', '233e9883-f72c-4ea8-8238-8739a7eb6c88', '2564405', to_date('20.11.2012', 'dd.mm.yyyy'), '442251314430', '296804299', '04f4f985-ad64-49cc-bf7e-981833889c67', 3, 'c17b1dad-81cc-4aca-92ef-68d198e05955', '4', 0.948223591292381, 0.540098225483717, 0.543117133222109, 0.679573424476932, 0.309932657196155, 0.806953766758998, 0.625688128930371, 0.958724893610331, 0.0989842587611565, 0.656919900168162, 0.104879153941236, 0.0658969623343539, 0.708869513454321, 0.609024900295318, 0.981268285764972, 0.607270630824971 );
insert into FIR.INVOICE_RAW values(10054, 1000180, 1, 43100015, to_date('17.02.2014', 'dd.mm.yyyy'), to_date('22.09.2013', 'dd.mm.yyyy'), '13', '2514177', to_date('02.01.2013', 'dd.mm.yyyy'), 1, to_date('30.07.2012', 'dd.mm.yyyy'), '447711105752', to_date('19.08.2014', 'dd.mm.yyyy'), 5, to_date('19.04.2013', 'dd.mm.yyyy'), '6312601', to_date('02.04.2013', 'dd.mm.yyyy'), to_date('16.12.2013', 'dd.mm.yyyy'), '598737301043', '763600440', '7a28f95d-10e3-45d1-891e-59978a8256cb', '885016117342', '861990700', '1b5a853e-c395-4508-bd08-c1e91e83f199', '4984531', to_date('05.09.2013', 'dd.mm.yyyy'), '141957410798', '588127286', 'eca989a6-b4ae-4891-bd9f-cde0cd698e0b', 64, '08721cec-ee2d-484e-9824-abc1671c54ab', '6', 0.312776905630146, 0.74366571881979, 0.697837706514559, 0.212331531668236, 0.88306173490503, 0.941656434881341, 0.250659420271711, 0.270321508995407, 0.0862472784175758, 0.702934858250867, 0.0266388603610168, 0.854130763026946, 0.829420891510984, 0.475865525880766, 0.934916670869531, 0.49320913874228 );
insert into FIR.INVOICE_RAW values(10055, 1000180, 3, 350419, to_date('13.12.2013', 'dd.mm.yyyy'), to_date('06.01.2012', 'dd.mm.yyyy'), '3', '492776', to_date('01.02.2012', 'dd.mm.yyyy'), 2, to_date('23.07.2014', 'dd.mm.yyyy'), '970956112365', to_date('01.10.2012', 'dd.mm.yyyy'), 22, to_date('05.08.2012', 'dd.mm.yyyy'), '2425114', to_date('17.12.2013', 'dd.mm.yyyy'), to_date('15.05.2014', 'dd.mm.yyyy'), '188608970759', '161129181', 'beed791a-bc05-4fab-ad1b-38e04b1e4705', '208564116190', '837760461', '1ff79481-7090-4565-81ec-c352850a3562', '6722237', to_date('14.07.2012', 'dd.mm.yyyy'), '290382324347', '806171185', '367b9ef6-6235-4b33-9a79-c757f83db467', 67, '7c58e577-0ff3-424c-a09b-23ecf57b2010', '80', 0.955958616899307, 0.161903132759921, 0.426431290538251, 0.121366907898973, 0.951784626558323, 0.956171471139496, 0.680514610689373, 0.419405648214466, 0.297616195537902, 0.87540842773179, 0.562912522611633, 0.873971382097328, 0.874791305919546, 0.0419561737412383, 0.0598309352341252, 0.979891411019439 );
insert into FIR.INVOICE_RAW values(10056, 1000225, 1, 46420381, to_date('02.05.2014', 'dd.mm.yyyy'), to_date('07.02.2013', 'dd.mm.yyyy'), '19', '8569390', to_date('29.07.2013', 'dd.mm.yyyy'), 3, to_date('31.08.2013', 'dd.mm.yyyy'), '431478703052', to_date('02.01.2014', 'dd.mm.yyyy'), 8, to_date('30.06.2013', 'dd.mm.yyyy'), '1011651', to_date('02.06.2012', 'dd.mm.yyyy'), to_date('27.12.2012', 'dd.mm.yyyy'), '783230436178', '291798404', '91537aa8-d5b7-46ad-a75f-b772c3d60818', '275331548034', '388226258', 'b510fe94-a362-463b-8144-4d73f3b3f011', '2485605', to_date('13.01.2014', 'dd.mm.yyyy'), '658079221009', '772833220', 'dec3a23b-0523-4943-9187-c5408d6e3b3e', 122, '553be18b-e953-454a-a7be-36feb451ecbe', '7', 0.568811147272964, 0.168901447751048, 0.434426539314178, 0.00790740456800321, 0.717858533243583, 0.999832355882894, 0.993212701749621, 0.215990290611978, 0.0672377613686201, 0.904679928396214, 0.0947376178087376, 0.993722831361798, 0.0859871656103, 0.990486896592419, 0.823753672104214, 0.190303319222435 );
insert into FIR.INVOICE_RAW values(10057, 1000225, 3, 36533662, to_date('08.12.2012', 'dd.mm.yyyy'), to_date('26.02.2012', 'dd.mm.yyyy'), '11', '946881', to_date('02.10.2012', 'dd.mm.yyyy'), 3, to_date('28.03.2012', 'dd.mm.yyyy'), '717057836968', to_date('09.02.2013', 'dd.mm.yyyy'), 8, to_date('30.01.2012', 'dd.mm.yyyy'), '9724744', to_date('04.02.2014', 'dd.mm.yyyy'), to_date('17.08.2013', 'dd.mm.yyyy'), '570582628997', '474873585', '646e6cee-b4a6-41ab-ac8c-5796559c667d', '435040234083', '634982271', '14d9165d-d56d-499f-ae2f-98d9d39c0016', '3226634', to_date('26.04.2014', 'dd.mm.yyyy'), '682668228047', '723306350', 'bb7a8c9c-d4c3-4d23-ab69-14ff06608bc8', 3, '80472614-37cb-4393-b8a8-2f693d36d11c', '5', 0.90569367115651, 0.443662055509008, 0.443303676528532, 0.159989630412306, 0.834345803518941, 0.518823674190242, 0.0581946508298603, 0.118014633244842, 0.570032311403208, 0.0870428020539893, 0.270328413355317, 0.438751235342934, 0.755198728644847, 0.805941444265629, 0.980643654698806, 0.0839895164053838 );
insert into FIR.INVOICE_RAW values(10058, 1000225, 3, 17924680, to_date('23.07.2012', 'dd.mm.yyyy'), to_date('19.08.2012', 'dd.mm.yyyy'), '12', '661308', to_date('14.06.2013', 'dd.mm.yyyy'), 9, to_date('22.05.2012', 'dd.mm.yyyy'), '480770955281', to_date('22.06.2013', 'dd.mm.yyyy'), 28, to_date('17.10.2013', 'dd.mm.yyyy'), '2880777', to_date('30.01.2014', 'dd.mm.yyyy'), to_date('12.11.2013', 'dd.mm.yyyy'), '927475179453', '444569253', '569d0b2f-6bfb-4fc0-b1e0-d633318bc972', '386204862835', '950306123', '158c4e43-527f-481c-9d49-a710960a6d67', '6054903', to_date('17.04.2012', 'dd.mm.yyyy'), '477024498921', '394867992', '490057de-2c2d-4668-bb62-c8950113e510', 137, '80930421-23bc-4bea-8540-a6048beb082b', '64', 0.45119634850472, 0.937636048503982, 0.560283737983687, 0.499249970307224, 0.938466310472445, 0.658325783283601, 0.0289206546865966, 0.928431314382903, 0.791126517481695, 0.60528364898883, 0.850221006129971, 0.406059382672449, 0.444891896306021, 0.3873333462455, 0.829612675974896, 0.821298293220484 );
insert into FIR.INVOICE_RAW values(10059, 1000225, 2, 47654599, to_date('09.07.2012', 'dd.mm.yyyy'), to_date('01.02.2014', 'dd.mm.yyyy'), '16', '8367427', to_date('25.03.2012', 'dd.mm.yyyy'), 3, to_date('09.01.2014', 'dd.mm.yyyy'), '422525221160', to_date('21.10.2012', 'dd.mm.yyyy'), 18, to_date('25.01.2013', 'dd.mm.yyyy'), '5478754', to_date('08.04.2014', 'dd.mm.yyyy'), to_date('22.07.2012', 'dd.mm.yyyy'), '339806391183', '696379497', '3e6dd7ed-de1f-4285-a878-6049c85fb336', '304686268683', '362125473', '9cd23740-9e1d-4f57-bb64-60562cbc32ca', '8169529', to_date('15.03.2014', 'dd.mm.yyyy'), '211472309384', '308779904', 'bb658869-502c-4f89-b946-7306a5512137', 147, 'd38f3952-bbbc-4a15-8e75-81c33a390ade', '94', 0.643272726630453, 0.0194176873282612, 0.857316130705791, 0.838136225863423, 0.0394732859169474, 0.683216204253592, 0.891543345475357, 0.566067105422759, 0.820741240783008, 0.317593158836287, 0.326250617544284, 0.535433024417345, 0.457964494572005, 0.795279455741532, 0.837259367963886, 0.709929973217626 );
insert into FIR.INVOICE_RAW values(10060, 1000225, 1, 49227977, to_date('16.07.2013', 'dd.mm.yyyy'), to_date('14.04.2012', 'dd.mm.yyyy'), '5', '4963606', to_date('16.12.2013', 'dd.mm.yyyy'), 4, to_date('04.11.2012', 'dd.mm.yyyy'), '539574978239', to_date('09.01.2013', 'dd.mm.yyyy'), 20, to_date('22.05.2013', 'dd.mm.yyyy'), '7450284', to_date('02.11.2012', 'dd.mm.yyyy'), to_date('09.07.2013', 'dd.mm.yyyy'), '774586267939', '877847666', '8370b69f-ce30-4152-890a-f82a84e2b137', '749955712046', '632583172', '1a056df5-2c79-43ff-a26f-5c329b058baa', '7220815', to_date('14.09.2012', 'dd.mm.yyyy'), '125720207271', '394898636', 'ca79b433-a94d-4688-81e8-7c77803c06ab', 100, 'ad1d5f71-456c-4006-9a64-b72565a54b8c', '79', 0.705662590314477, 0.164653581643781, 0.289458371833646, 0.219209326998894, 0.401136280224256, 0.995057699268245, 0.61548261931887, 0.56381103702067, 0.272462652657396, 0.720803946592288, 0.190719719133675, 0.868422086289349, 0.537985983089537, 0.377787858423678, 0.739266175189645, 0.730298215397772 );
insert into FIR.INVOICE_RAW values(10061, 1000225, 1, 14736912, to_date('27.11.2012', 'dd.mm.yyyy'), to_date('21.08.2014', 'dd.mm.yyyy'), '7', '2102125', to_date('18.06.2014', 'dd.mm.yyyy'), 3, to_date('10.12.2013', 'dd.mm.yyyy'), '125695272689', to_date('26.05.2013', 'dd.mm.yyyy'), 19, to_date('12.07.2013', 'dd.mm.yyyy'), '8253444', to_date('13.01.2013', 'dd.mm.yyyy'), to_date('13.04.2014', 'dd.mm.yyyy'), '279731736905', '486959561', '8d074b84-7f59-43cd-bb46-dd4ace4d0655', '832239514388', '835647634', '68301dac-81f5-499d-992a-b9edb049f53a', '9281039', to_date('09.09.2013', 'dd.mm.yyyy'), '658484527120', '886156676', 'dae86fd3-2bad-4834-9825-3e0e0644b389', 99, '56d31fed-5143-45e0-a97e-39c0a5686585', '58', 0.382515107459628, 0.599647565092727, 0.495047735746506, 0.274645351001362, 0.54013089302002, 0.8698787809675, 0.923730143310376, 0.0748566454625021, 0.864382021065979, 0.501389595447755, 0.996949017046461, 0.451331838709922, 0.67789225079021, 0.692047979073621, 0.590876193060948, 0.285035777969768 );
insert into FIR.INVOICE_RAW values(10062, 1000225, 3, 3065939, to_date('05.01.2012', 'dd.mm.yyyy'), to_date('17.09.2013', 'dd.mm.yyyy'), '3', '1431106', to_date('20.05.2013', 'dd.mm.yyyy'), 8, to_date('03.02.2013', 'dd.mm.yyyy'), '896237914011', to_date('22.04.2012', 'dd.mm.yyyy'), 19, to_date('21.04.2014', 'dd.mm.yyyy'), '6484374', to_date('22.05.2012', 'dd.mm.yyyy'), to_date('13.06.2013', 'dd.mm.yyyy'), '374312695825', '556727801', '6fc01e36-6134-454c-9865-981b0f4b0c8a', '335254459146', '630172141', '99b83a58-eecb-404c-93d1-cc7003ba85ac', '9986459', to_date('03.09.2012', 'dd.mm.yyyy'), '298139273086', '491825575', '6901d86e-aa75-4d3d-a077-3fe08757c05a', 187, '903d71c9-4d25-4e2b-b3e5-4e3cdfd8cd36', '97', 0.63173284271347, 0.634765024126864, 0.555614626293822, 0.112978463579425, 0.263974451582867, 0.610779666626258, 0.19933997569575, 0.614780796978055, 0.769766318038928, 0.24253659753247, 0.577552469250538, 0.215652061726736, 0.64131229074733, 0.204101254792931, 0.741577210715775, 0.476763867995126 );
insert into FIR.INVOICE_RAW values(10063, 1000225, 1, 15345304, to_date('22.10.2012', 'dd.mm.yyyy'), to_date('22.05.2013', 'dd.mm.yyyy'), '2', '5682764', to_date('22.02.2012', 'dd.mm.yyyy'), 1, to_date('24.03.2013', 'dd.mm.yyyy'), '910072252025', to_date('17.10.2012', 'dd.mm.yyyy'), 19, to_date('31.01.2013', 'dd.mm.yyyy'), '8576141', to_date('19.10.2012', 'dd.mm.yyyy'), to_date('09.02.2013', 'dd.mm.yyyy'), '208011648341', '442589413', 'e62a0735-0e47-4152-b551-0704ea8afabe', '664160218000', '783333955', '81af0eb7-3a96-4497-97b5-cbe462e2e8bd', '4719364', to_date('10.06.2014', 'dd.mm.yyyy'), '472123340744', '642116664', '10a18d9e-0b07-411f-a32f-ba2ddc21e1b1', 11, '69948bcf-08d2-456f-8294-0018e0e49fd0', '40', 0.938822526921901, 0.57055289557695, 0.0708767162034645, 0.944494646016739, 0.209636723254638, 0.205476670155989, 0.808477578595503, 0.77489200317063, 0.483629764282904, 0.300950149679999, 0.325981301407321, 0.89677255968413, 0.623290598217068, 0.98197116515691, 0.0840594512801894, 0.970744363949981 );
insert into FIR.INVOICE_RAW values(10064, 1000225, 1, 44304604, to_date('22.04.2014', 'dd.mm.yyyy'), to_date('02.05.2013', 'dd.mm.yyyy'), '15', '5188001', to_date('27.06.2012', 'dd.mm.yyyy'), 3, to_date('15.04.2013', 'dd.mm.yyyy'), '462165872271', to_date('27.02.2012', 'dd.mm.yyyy'), 15, to_date('29.05.2012', 'dd.mm.yyyy'), '3681441', to_date('13.10.2012', 'dd.mm.yyyy'), to_date('20.07.2012', 'dd.mm.yyyy'), '437159948105', '890792663', 'c140d7ee-6ee3-44d4-813b-e42ba0561771', '122717500671', '811263118', '92079f26-fb66-4e1a-9647-51c297cdc4b6', '4857468', to_date('22.12.2013', 'dd.mm.yyyy'), '719762322079', '989548558', '745e5394-7743-40f6-9f4f-8b6af846a32f', 138, '8125661d-1a53-48ee-b4b4-67d8aa5049bb', '98', 0.880725673809986, 0.955102615968838, 0.431902703564569, 0.894276319022419, 0.846340231991531, 0.406809092688751, 0.221191461766694, 0.566790259707156, 0.331412074310431, 0.840049534495943, 0.155938339957939, 0.116915106827819, 0.967938401255728, 0.430590260508745, 0.103178253445392, 0.539418943477524 );
insert into FIR.INVOICE_RAW values(10065, 1000225, 3, 21368365, to_date('10.06.2014', 'dd.mm.yyyy'), to_date('08.07.2014', 'dd.mm.yyyy'), '13', '5933818', to_date('18.05.2014', 'dd.mm.yyyy'), 2, to_date('07.04.2012', 'dd.mm.yyyy'), '348079530150', to_date('19.11.2013', 'dd.mm.yyyy'), 10, to_date('09.08.2014', 'dd.mm.yyyy'), '8971879', to_date('29.06.2013', 'dd.mm.yyyy'), to_date('31.10.2013', 'dd.mm.yyyy'), '518153266878', '615649786', '2aea2c1f-b985-45e2-9fd5-ec9db96ceae9', '895546929330', '994744917', '2b624057-59c9-438f-8d21-56026f4a441d', '2002802', to_date('05.06.2014', 'dd.mm.yyyy'), '832445616188', '518282911', '7534d116-1bbd-4051-84f7-fb169fdd7bb5', 37, 'e2b5cf49-9962-422d-b719-7ae46a2385a0', '63', 0.426390420378368, 0.791851747684112, 0.208369250040673, 0.983123917590419, 0.0887717022973912, 0.807628873646086, 0.357823481949895, 0.839042202494592, 0.435093570237557, 0.0896084043614606, 0.482953358200823, 0.378198174935858, 0.0953316288512813, 0.698132515744368, 0.0437354268709828, 0.194854877514231 );
insert into FIR.INVOICE_RAW values(10066, 1000225, 3, 14430145, to_date('20.04.2014', 'dd.mm.yyyy'), to_date('06.01.2012', 'dd.mm.yyyy'), '6', '4510786', to_date('19.08.2013', 'dd.mm.yyyy'), 3, to_date('15.09.2012', 'dd.mm.yyyy'), '443160823580', to_date('02.01.2014', 'dd.mm.yyyy'), 14, to_date('26.06.2014', 'dd.mm.yyyy'), '3968043', to_date('09.04.2012', 'dd.mm.yyyy'), to_date('11.11.2012', 'dd.mm.yyyy'), '916325209537', '461073310', 'bf3eb896-e7de-437d-b3d6-60c4b69a16c2', '516840954241', '907935863', '926e6d00-193c-432e-ad21-5e3f6b1bb368', '3577060', to_date('06.11.2013', 'dd.mm.yyyy'), '687925598959', '285807879', '6583c32d-cd89-4add-aab4-915d5c11e00c', 4, '41806b81-5c1d-4713-a5de-cb1228930f43', '72', 0.895616974633009, 0.87208473676447, 0.5546476671261, 0.994053647385004, 0.08063649948716, 0.160699443500815, 0.187061890581186, 0.585620056179175, 0.711988389357919, 0.770108441715179, 0.404005699979144, 0.406535763948474, 0.163195838762073, 0.816334812816388, 0.0452746134462182, 0.932225759109587 );
insert into FIR.INVOICE_RAW values(10067, 1000270, 2, 43954326, to_date('28.11.2013', 'dd.mm.yyyy'), to_date('10.02.2013', 'dd.mm.yyyy'), '15', '7706447', to_date('03.04.2014', 'dd.mm.yyyy'), 2, to_date('17.09.2013', 'dd.mm.yyyy'), '173904263244', to_date('24.06.2013', 'dd.mm.yyyy'), 28, to_date('17.02.2012', 'dd.mm.yyyy'), '6296841', to_date('17.07.2014', 'dd.mm.yyyy'), to_date('01.04.2012', 'dd.mm.yyyy'), '468047903995', '786746812', '44b32c6c-f59c-445c-a396-bbbae88d248b', '738068457807', '318989107', '84ebf459-454b-4982-bf43-235e81617ff5', '4715695', to_date('10.11.2012', 'dd.mm.yyyy'), '151203119038', '775638720', 'f275f16e-9956-469b-87cb-67ce763e1a0a', 130, '7cee434e-d7c2-4140-b6dd-e742e1931810', '74', 0.69241048241612, 0.502081599320323, 0.77218030755044, 0.0826613298070903, 0.48534530237566, 0.340008072247732, 0.297607844368372, 0.804903885724444, 0.887706138606978, 0.415382974043201, 0.753430052545588, 0.385190501057166, 0.0963653126248928, 0.995971687136205, 0.220360799329523, 0.603690808454384 );
insert into FIR.INVOICE_RAW values(10068, 1000270, 3, 14369475, to_date('04.02.2014', 'dd.mm.yyyy'), to_date('23.04.2014', 'dd.mm.yyyy'), '17', '6868440', to_date('24.07.2012', 'dd.mm.yyyy'), 4, to_date('14.05.2013', 'dd.mm.yyyy'), '987206867460', to_date('12.09.2013', 'dd.mm.yyyy'), 27, to_date('30.09.2012', 'dd.mm.yyyy'), '264680', to_date('28.07.2013', 'dd.mm.yyyy'), to_date('11.04.2013', 'dd.mm.yyyy'), '290295602534', '813441739', 'ddbe53b1-f97c-47db-a1d0-c38e43a3ca17', '103565359948', '228738645', '911b0e6f-016c-4e05-9ef7-c2da1b4bf42b', '5411050', to_date('08.03.2014', 'dd.mm.yyyy'), '543367303200', '274689495', '1c64e0b4-1ab3-4e97-a62d-d60111b81339', 143, 'b23bf17b-9d49-4364-9b6d-aa36e07a716f', '54', 0.100399122154526, 0.834052062981786, 0.516058145331246, 0.4518004848863, 0.732515029950307, 0.593052717201902, 0.612348619667976, 0.298553340741691, 0.378705291253843, 0.230476698945498, 0.0173193989402239, 0.537765198171961, 0.5823898518376, 0.967536060590081, 0.536970940668588, 0.0409473823574127 );
insert into FIR.INVOICE_RAW values(10069, 1000270, 3, 44089145, to_date('08.03.2012', 'dd.mm.yyyy'), to_date('01.05.2013', 'dd.mm.yyyy'), '7', '5530017', to_date('15.10.2013', 'dd.mm.yyyy'), 7, to_date('27.02.2012', 'dd.mm.yyyy'), '870000149259', to_date('26.08.2013', 'dd.mm.yyyy'), 19, to_date('05.05.2014', 'dd.mm.yyyy'), '4171949', to_date('09.11.2013', 'dd.mm.yyyy'), to_date('26.02.2013', 'dd.mm.yyyy'), '974137146797', '397785871', '515ec00a-d77a-46ed-bda2-a2eb28bb07d4', '600656568145', '557965173', 'ed09cc7c-78b1-4516-89f7-a4d1b0165acb', '5183364', to_date('11.06.2014', 'dd.mm.yyyy'), '704789681235', '599650340', '434d5549-c9b6-46e3-9e85-729ffb5159e1', 190, '6fb77b60-602d-472e-9b09-88861ebc365e', '97', 0.671987093832338, 0.865998493910766, 0.650673320819937, 0.942486982765834, 0.568467126492628, 0.328500539683039, 0.98264883318108, 0.571788647012687, 0.746444229849821, 0.729782360480066, 0.818927789488308, 0.788464088825725, 0.958543815630741, 0.217981865265398, 0.830653837803124, 0.397540751564103 );
insert into FIR.INVOICE_RAW values(10070, 1000270, 2, 5229498, to_date('01.09.2012', 'dd.mm.yyyy'), to_date('27.04.2012', 'dd.mm.yyyy'), '13', '2592466', to_date('18.02.2012', 'dd.mm.yyyy'), 7, to_date('22.08.2014', 'dd.mm.yyyy'), '433344829987', to_date('17.01.2012', 'dd.mm.yyyy'), 15, to_date('09.07.2014', 'dd.mm.yyyy'), '8048601', to_date('28.08.2013', 'dd.mm.yyyy'), to_date('07.05.2012', 'dd.mm.yyyy'), '900360118703', '248485175', '32fe525d-9a9f-4260-aba5-595c785d601d', '920609703954', '249907130', '78f62c2a-b110-4f4e-bf4c-c43b4267fe12', '6419549', to_date('19.02.2013', 'dd.mm.yyyy'), '374952607732', '304490199', 'f4918f10-3e38-4e9d-af22-c8b6ff10a2ea', 148, 'ba1ca99b-0642-4291-af3b-421c06fbf7f4', '69', 0.497219946932616, 0.555335558743838, 0.247704177744549, 0.663980966277412, 0.369825349361554, 0.38441599318032, 0.90672177397959, 0.841862808839354, 0.43025926380896, 0.905465563715187, 0.38688793284208, 0.857604242794963, 0.125379625300588, 0.421595644402129, 0.372471089182641, 0.17153082749412 );
insert into FIR.INVOICE_RAW values(10071, 1000270, 3, 34515638, to_date('05.10.2013', 'dd.mm.yyyy'), to_date('02.04.2013', 'dd.mm.yyyy'), '8', '1732741', to_date('24.11.2012', 'dd.mm.yyyy'), 6, to_date('19.08.2014', 'dd.mm.yyyy'), '593144206672', to_date('07.02.2013', 'dd.mm.yyyy'), 1, to_date('10.12.2013', 'dd.mm.yyyy'), '5361523', to_date('22.09.2012', 'dd.mm.yyyy'), to_date('19.08.2014', 'dd.mm.yyyy'), '685237309057', '762924580', 'bd77d07c-2581-4c58-81a9-25223afc8a89', '722675131753', '319826593', 'f6b8dcd7-9d36-40ca-aac7-a98e256e3a74', '1167965', to_date('25.01.2013', 'dd.mm.yyyy'), '766352727566', '989397112', '634b25ab-5bbe-423f-9faf-303a1a2c2f27', 52, '9669d6ca-366d-448c-a048-72c49be60be9', '12', 0.515529164353166, 0.788171807671046, 0.88105120178361, 0.820534727918233, 0.0736902519472364, 0.551078250422645, 0.650085043930488, 0.594515926481465, 0.139187734173233, 0.290043459408937, 0.197299892640347, 0.357114613688139, 0.833271712918427, 0.333188382598194, 0.754638151151425, 0.840996694677042 );
insert into FIR.INVOICE_RAW values(10072, 1000270, 2, 25572351, to_date('10.02.2014', 'dd.mm.yyyy'), to_date('24.09.2012', 'dd.mm.yyyy'), '7', '9934521', to_date('04.06.2013', 'dd.mm.yyyy'), 8, to_date('19.12.2013', 'dd.mm.yyyy'), '496046730348', to_date('27.06.2014', 'dd.mm.yyyy'), 1, to_date('01.06.2012', 'dd.mm.yyyy'), '8155820', to_date('23.02.2012', 'dd.mm.yyyy'), to_date('30.08.2012', 'dd.mm.yyyy'), '508192144354', '163747663', '98d25f5a-8f47-4471-9905-76454dd22b45', '749264106681', '872375370', 'ac90dbb0-f37c-4f45-a90a-1dcc97dd04da', '4243419', to_date('25.10.2012', 'dd.mm.yyyy'), '216426356072', '495965917', 'ced241d7-993f-40d7-a29b-12c3c543e5c9', 78, 'af372cfe-b330-41f2-b09b-fefd205c474d', '74', 0.518174207544967, 0.722042238676009, 0.407398243158776, 0.386869641666706, 0.670222996114857, 0.81689218562883, 0.390365172824992, 0.402743151598956, 0.269521536896714, 0.7054901680469, 0.66978746497528, 0.940547570092858, 0.610124895167595, 0.535024164028011, 0.332021790711219, 0.396120625266862 );
insert into FIR.INVOICE_RAW values(10073, 1000270, 3, 39071160, to_date('30.07.2014', 'dd.mm.yyyy'), to_date('28.01.2012', 'dd.mm.yyyy'), '18', '352225', to_date('02.05.2014', 'dd.mm.yyyy'), 4, to_date('29.07.2014', 'dd.mm.yyyy'), '121283560537', to_date('11.11.2013', 'dd.mm.yyyy'), 17, to_date('25.07.2013', 'dd.mm.yyyy'), '7706235', to_date('29.11.2012', 'dd.mm.yyyy'), to_date('04.04.2013', 'dd.mm.yyyy'), '802071129910', '370982524', 'ab6e37b7-f808-4bc5-892a-844bb0399095', '964774860645', '801942651', '443ce7b9-a52d-45bf-b1b5-0e3b69e3cc1b', '3537407', to_date('24.04.2014', 'dd.mm.yyyy'), '646812954006', '252759651', '4e475501-97bf-4b64-ac4e-5840bddb347c', 103, '01e65c9b-ed90-4ceb-9a27-fb3fc0794810', '15', 0.834923969504854, 0.226704447170116, 0.656928076249048, 0.862718951358795, 0.835411380899796, 0.93002463641112, 0.0206428263432546, 0.641528416258063, 0.341345607927696, 0.0383558529607746, 0.198377634956677, 0.832028143960996, 0.127760364733525, 0.806539249516344, 0.410169043769207, 0.278571891728124 );
insert into FIR.INVOICE_RAW values(10074, 1000270, 2, 27191840, to_date('16.07.2012', 'dd.mm.yyyy'), to_date('14.03.2012', 'dd.mm.yyyy'), '18', '6085722', to_date('22.05.2012', 'dd.mm.yyyy'), 2, to_date('28.01.2013', 'dd.mm.yyyy'), '580464835616', to_date('28.12.2013', 'dd.mm.yyyy'), 13, to_date('12.01.2014', 'dd.mm.yyyy'), '8665769', to_date('24.05.2014', 'dd.mm.yyyy'), to_date('30.10.2012', 'dd.mm.yyyy'), '379555123802', '264220743', 'c05a8c5d-f9df-4f17-9bbe-4c6a0487f37a', '200933212376', '795870655', 'b51e12d6-8108-4939-a6ea-8fe045ef846d', '1252525', to_date('17.08.2012', 'dd.mm.yyyy'), '292806157462', '450610380', '6bd09971-916b-4d77-97c0-08880f6aba00', 181, '5bc21468-21b4-4b40-9173-c36853bfd57a', '73', 0.940652600927582, 0.325683028123194, 0.215933736514269, 0.61974509461771, 0.867321827852783, 0.218292126999373, 0.643964605705796, 0.507047346563566, 0.539976538410399, 0.228764890799655, 0.713970691763782, 0.939774318104505, 0.302250230825623, 0.820719669023864, 0.371371920393487, 0.536969132505809 );
insert into FIR.INVOICE_RAW values(10075, 1000270, 3, 6018782, to_date('27.08.2012', 'dd.mm.yyyy'), to_date('25.07.2013', 'dd.mm.yyyy'), '19', '3559139', to_date('28.01.2012', 'dd.mm.yyyy'), 6, to_date('08.10.2012', 'dd.mm.yyyy'), '253509845693', to_date('04.03.2014', 'dd.mm.yyyy'), 11, to_date('12.10.2013', 'dd.mm.yyyy'), '4583386', to_date('19.04.2014', 'dd.mm.yyyy'), to_date('23.09.2012', 'dd.mm.yyyy'), '359542486310', '730537561', '977a63ca-ff41-430d-90c8-521100d32dd6', '252356264597', '288746304', '754694a0-f95c-4646-833e-5af9c833ca4a', '8797141', to_date('05.01.2012', 'dd.mm.yyyy'), '221898873223', '418642487', '30e6ef81-58a3-4730-96d7-8b27c2af62f5', 69, '93951767-45e4-42b1-9ea2-09ca41948117', '96', 0.338246529613736, 0.625632692885414, 0.555717899722847, 0.545002482619603, 0.989086725743994, 0.1813575435343, 0.991741404864817, 0.10914054937155, 0.489616636880495, 0.882923390661796, 0.360034321136789, 0.516310002429555, 0.467532975816882, 0.921965809502623, 0.764648863470484, 0.675407309399642 );
insert into FIR.INVOICE_RAW values(10076, 1000270, 2, 6410395, to_date('25.03.2013', 'dd.mm.yyyy'), to_date('17.07.2012', 'dd.mm.yyyy'), '3', '4499529', to_date('03.12.2013', 'dd.mm.yyyy'), 2, to_date('09.07.2014', 'dd.mm.yyyy'), '146078967518', to_date('27.03.2014', 'dd.mm.yyyy'), 14, to_date('21.04.2012', 'dd.mm.yyyy'), '7124352', to_date('29.08.2014', 'dd.mm.yyyy'), to_date('06.07.2013', 'dd.mm.yyyy'), '340113768159', '915658155', '0128bd87-508b-4e03-b1b0-0f7eece7e717', '876989857783', '648722180', 'db0a07c2-b42d-4de5-9e6c-f19c82107ebe', '5617765', to_date('07.02.2013', 'dd.mm.yyyy'), '765102294711', '508506212', 'db1b008c-5f82-4c20-b403-2ac363d64550', 52, '61da33c9-c668-4b60-828f-73414373cc0f', '95', 0.201075391937548, 0.434717581344171, 0.968197498455736, 0.287974961701769, 0.179620551029044, 0.274134202056627, 0.325141843559752, 0.262075616634486, 0.162445602082855, 0.441511063576448, 0.371114254170616, 0.773464012785565, 0.727623842995439, 0.806642455424481, 0.868408648235914, 0.363156023138741 );
insert into FIR.INVOICE_RAW values(10077, 1000270, 1, 39348234, to_date('03.08.2012', 'dd.mm.yyyy'), to_date('12.07.2012', 'dd.mm.yyyy'), '6', '3274301', to_date('26.12.2013', 'dd.mm.yyyy'), 1, to_date('26.11.2012', 'dd.mm.yyyy'), '198513787810', to_date('25.01.2013', 'dd.mm.yyyy'), 8, to_date('25.07.2012', 'dd.mm.yyyy'), '9984511', to_date('24.12.2012', 'dd.mm.yyyy'), to_date('12.06.2012', 'dd.mm.yyyy'), '214331424841', '435711134', '21b4189e-e539-44d0-8cee-7c49ce38fb10', '223806553701', '915332959', 'd999cdd7-eb96-4859-acb1-14463ad09716', '3392814', to_date('22.04.2013', 'dd.mm.yyyy'), '386854890968', '769719882', 'f4699c5c-cdb3-4425-9efd-31ba7492b951', 95, '7e9deb55-17c0-48b4-8de7-ab06f859ec17', '21', 0.0108288773385942, 0.856886302985664, 0.568551733423281, 0.0649669026327165, 0.199665267579102, 0.696633797463325, 0.302611054527858, 0.976868583809989, 0.702563654492872, 0.520217633582753, 0.0754501833931776, 0.486802828259209, 0.928985370755654, 0.712237318378052, 0.0858881473941208, 0.12780505843824 );
insert into FIR.INVOICE_RAW values(10078, 1000315, 1, 26055283, to_date('10.12.2012', 'dd.mm.yyyy'), to_date('25.03.2013', 'dd.mm.yyyy'), '18', '107171', to_date('15.01.2012', 'dd.mm.yyyy'), 4, to_date('06.08.2014', 'dd.mm.yyyy'), '703550887066', to_date('23.03.2013', 'dd.mm.yyyy'), 14, to_date('14.12.2013', 'dd.mm.yyyy'), '8154912', to_date('27.11.2013', 'dd.mm.yyyy'), to_date('12.12.2013', 'dd.mm.yyyy'), '331662721327', '672159266', 'b1d95247-f596-4457-80f8-23623b5d0c37', '265413468802', '149788695', 'a3b2aa2f-02f6-4336-876e-474321440a75', '2831373', to_date('22.11.2012', 'dd.mm.yyyy'), '249914204668', '622074722', '0815308c-26f4-4f45-953b-a7f70e21850b', 146, 'e41c4ee6-fb95-41e6-9927-675425c3c9c2', '12', 0.916441739497912, 0.320802217964456, 0.460572164720191, 0.222532768371763, 0.49601230840013, 0.787805166928007, 0.381636852576228, 0.295800224084314, 0.679640198908579, 0.609259659242472, 0.603301247397112, 0.473457979258829, 0.480182178076442, 0.424234363913645, 0.121061531417566, 0.109499518810538 );
insert into FIR.INVOICE_RAW values(10079, 1000315, 1, 3368844, to_date('10.06.2013', 'dd.mm.yyyy'), to_date('17.06.2012', 'dd.mm.yyyy'), '9', '4979069', to_date('29.12.2012', 'dd.mm.yyyy'), 1, to_date('09.11.2013', 'dd.mm.yyyy'), '793858380653', to_date('08.03.2013', 'dd.mm.yyyy'), 21, to_date('21.08.2013', 'dd.mm.yyyy'), '9141700', to_date('27.07.2012', 'dd.mm.yyyy'), to_date('02.05.2014', 'dd.mm.yyyy'), '153116302248', '597801885', '6c38cbba-6cc8-4521-a16c-38530ada0345', '738082134917', '276737702', '91e465a8-6d3f-42e9-8e38-6f3255347d0c', '5673881', to_date('16.04.2012', 'dd.mm.yyyy'), '443666414329', '832751578', '2d4ca242-dde4-47dd-8acd-e88c44460e68', 44, '4d059075-4463-4a25-8f2e-3f29229d3286', '24', 0.959534125849388, 0.593880028274786, 0.849454685975544, 0.263253352261732, 0.598036532103101, 0.351749084588023, 0.279711679220065, 0.7808893205509, 0.897513280574937, 0.683351664656471, 0.238044601044638, 0.520618347693523, 0.736599277582299, 0.512852113467107, 0.442332675886495, 0.108843029993047 );
insert into FIR.INVOICE_RAW values(10080, 1000315, 3, 8463821, to_date('09.08.2012', 'dd.mm.yyyy'), to_date('21.03.2013', 'dd.mm.yyyy'), '14', '7847571', to_date('25.08.2012', 'dd.mm.yyyy'), 5, to_date('11.01.2014', 'dd.mm.yyyy'), '317030300386', to_date('12.05.2012', 'dd.mm.yyyy'), 22, to_date('07.11.2013', 'dd.mm.yyyy'), '3907306', to_date('19.06.2014', 'dd.mm.yyyy'), to_date('24.08.2013', 'dd.mm.yyyy'), '386820825853', '850408659', '6771cac2-67d6-4500-812a-441fdf305703', '180498964976', '613550730', '96ce0da5-8157-41dd-b74d-c3d1834331ca', '7244027', to_date('14.05.2013', 'dd.mm.yyyy'), '128263352892', '317693508', 'da38f64e-ddbc-4c8f-bc90-e3a752cdd179', 89, 'dc2de98c-2527-484b-a2ba-b986249afdfa', '38', 0.0128009268142287, 0.409674444892292, 0.587847967440192, 0.517801828923543, 0.684220569526879, 0.369338774294284, 0.0497008087344937, 0.733290664727469, 0.515882872285267, 0.337788856745599, 0.276586325502296, 0.904143036764182, 0.796782140059761, 0.924841238150765, 0.588768540224418, 0.581687710984465 );
insert into FIR.INVOICE_RAW values(10081, 1000315, 1, 5257884, to_date('19.04.2012', 'dd.mm.yyyy'), to_date('18.05.2012', 'dd.mm.yyyy'), '12', '696665', to_date('16.05.2014', 'dd.mm.yyyy'), 9, to_date('27.08.2014', 'dd.mm.yyyy'), '257966587058', to_date('09.06.2014', 'dd.mm.yyyy'), 29, to_date('26.11.2012', 'dd.mm.yyyy'), '9719337', to_date('20.03.2013', 'dd.mm.yyyy'), to_date('11.09.2013', 'dd.mm.yyyy'), '160848306940', '613724678', '018d6f13-2241-4643-9078-4d1867fab1c8', '795557911408', '539340726', 'f6897f1b-ac44-48c3-94f8-0c09f744edd0', '7758132', to_date('02.02.2012', 'dd.mm.yyyy'), '748487329843', '849217707', '03388e2e-a881-44c1-b20c-f776c125a06f', 3, '9d7bc336-f1b4-4b92-b577-c69d23c340a8', '18', 0.693207103616189, 0.181002284950112, 0.997420117257824, 0.902289252682724, 0.360570958983419, 0.062972137268154, 0.0858138930452121, 0.869428847855622, 0.360668835863782, 0.330733416756025, 0.624958571803271, 0.612377215927642, 0.00508570065958691, 0.133106623372578, 0.687167305353641, 0.896722665474155 );
insert into FIR.INVOICE_RAW values(10082, 1000315, 1, 26520559, to_date('10.01.2012', 'dd.mm.yyyy'), to_date('04.05.2014', 'dd.mm.yyyy'), '16', '5139848', to_date('06.01.2012', 'dd.mm.yyyy'), 9, to_date('06.06.2014', 'dd.mm.yyyy'), '256915403968', to_date('24.03.2013', 'dd.mm.yyyy'), 24, to_date('20.05.2012', 'dd.mm.yyyy'), '3297555', to_date('15.03.2012', 'dd.mm.yyyy'), to_date('10.01.2013', 'dd.mm.yyyy'), '222885579300', '326122492', '5bf71a7d-954c-4209-a4d5-25b48d3e1c27', '829689598127', '714842685', '4a0c4f7d-1c37-4066-9a5e-18da0d963c41', '3270599', to_date('08.08.2014', 'dd.mm.yyyy'), '793431635721', '869979430', '2f7c6177-4480-40b6-bf60-0d1a44421406', 80, '1e34905c-4aeb-4cc7-89e9-f4ad91a726a6', '4', 0.303035005136875, 0.486198981053289, 0.479744867179424, 0.834444272254801, 0.412135253852296, 0.387254030158396, 0.321097071897749, 0.939944966668238, 0.457803897307163, 0.284462128898344, 0.379865556666565, 0.808315531261412, 0.14584399114635, 0.147575865568396, 0.144568846162674, 0.898988955141506 );
insert into FIR.INVOICE_RAW values(10083, 1000315, 3, 15396820, to_date('07.05.2013', 'dd.mm.yyyy'), to_date('20.02.2013', 'dd.mm.yyyy'), '4', '6623765', to_date('29.02.2012', 'dd.mm.yyyy'), 3, to_date('04.04.2014', 'dd.mm.yyyy'), '956860673669', to_date('23.04.2014', 'dd.mm.yyyy'), 11, to_date('19.10.2013', 'dd.mm.yyyy'), '6269499', to_date('21.02.2014', 'dd.mm.yyyy'), to_date('18.06.2012', 'dd.mm.yyyy'), '655157331846', '600960306', '7a696cac-925a-41b9-9fb4-1819b2f4df22', '515057692174', '640228348', 'a7765ca3-ac7e-4d90-bbdd-aac686e48a0d', '2930959', to_date('10.06.2014', 'dd.mm.yyyy'), '517531271525', '860445946', 'c77b3697-4852-497e-9228-0f27b3178ed2', 144, '903342c6-1dbe-470f-866e-ebcab942737b', '65', 0.21880583009627, 0.590870546452175, 0.651233129040912, 0.746074038905126, 0.205080507418644, 0.199358084331899, 0.677736711072613, 0.198028836957192, 0.254333359773426, 0.697450011362066, 0.392136322982673, 0.857966923554412, 0.301957197627964, 0.593521705639326, 0.23390365868523, 0.983362900085451 );
insert into FIR.INVOICE_RAW values(10084, 1000315, 1, 22018185, to_date('11.02.2012', 'dd.mm.yyyy'), to_date('27.10.2012', 'dd.mm.yyyy'), '12', '7806252', to_date('16.03.2012', 'dd.mm.yyyy'), 8, to_date('16.11.2012', 'dd.mm.yyyy'), '543279351837', to_date('11.03.2012', 'dd.mm.yyyy'), 15, to_date('07.06.2014', 'dd.mm.yyyy'), '1502685', to_date('16.04.2014', 'dd.mm.yyyy'), to_date('16.01.2013', 'dd.mm.yyyy'), '476571986343', '769489960', '912437b5-527e-4a57-aa56-98d0e7f00008', '928339677965', '455491873', 'cc1d8b6f-b7ea-4a48-ab29-0f1aac2fe2e8', '1874439', to_date('14.01.2014', 'dd.mm.yyyy'), '436874335339', '555957117', '334b2691-1665-46e6-ba67-20ea1757889e', 165, 'd68c2bfe-fdbb-469c-ad98-3562aa1b9aec', '13', 0.030072677428868, 0.935711790777609, 0.658955972482896, 0.898955413093304, 0.992681861851682, 0.988463649520866, 0.800644542463424, 0.216966106657389, 0.903538778379345, 0.897743542631037, 0.959203200395779, 0.393582105819873, 0.88649162411992, 0.414432680427298, 0.453442563048304, 0.973799895017315 );
insert into FIR.INVOICE_RAW values(10085, 1000315, 2, 27087676, to_date('30.01.2013', 'dd.mm.yyyy'), to_date('26.07.2012', 'dd.mm.yyyy'), '9', '5939987', to_date('11.11.2013', 'dd.mm.yyyy'), 6, to_date('11.10.2012', 'dd.mm.yyyy'), '947501636478', to_date('19.10.2013', 'dd.mm.yyyy'), 19, to_date('06.01.2014', 'dd.mm.yyyy'), '9814883', to_date('31.01.2012', 'dd.mm.yyyy'), to_date('27.01.2012', 'dd.mm.yyyy'), '688753425774', '424262692', '970aae18-cb66-4af9-a937-0de813411cbd', '496079839822', '618987955', '3b3ccd2e-fc79-4ae7-8965-f99b0926c9c5', '1094239', to_date('28.06.2013', 'dd.mm.yyyy'), '358336660560', '720182659', 'ca111acf-ec00-46e3-91a7-6a3c551fae71', 90, '8471bcc4-6cba-4a6d-a795-f8c5f351ee25', '96', 0.876335740497492, 0.352696380742219, 0.413262538338668, 0.903089570302092, 0.390673231049754, 0.205331857411811, 0.980466355560564, 0.739655934152964, 0.641431588978242, 0.0793482815284972, 0.644448548855469, 0.818856675093461, 0.278742179404358, 0.368169555611987, 0.866373775464657, 0.667792670739718 );
insert into FIR.INVOICE_RAW values(10086, 1000315, 3, 16651823, to_date('24.03.2012', 'dd.mm.yyyy'), to_date('05.03.2013', 'dd.mm.yyyy'), '18', '2531265', to_date('28.04.2013', 'dd.mm.yyyy'), 7, to_date('31.03.2014', 'dd.mm.yyyy'), '716774133173', to_date('06.09.2013', 'dd.mm.yyyy'), 14, to_date('08.08.2012', 'dd.mm.yyyy'), '3448031', to_date('28.10.2013', 'dd.mm.yyyy'), to_date('26.01.2012', 'dd.mm.yyyy'), '956690497955', '989094911', '0708552e-2117-4e5e-95c9-70350cbb8acb', '706001826921', '647558372', 'fed8befc-acc1-4d36-9c1b-98989b13914b', '6230205', to_date('28.01.2013', 'dd.mm.yyyy'), '821819498857', '369566817', '14c50698-c6f8-4f90-8b85-6add2b6b021e', 75, 'bbbfc00b-999f-4bc7-9ec3-44d467d8d077', '16', 0.0226492197358279, 0.118935567382227, 0.440053713247205, 0.171909093471202, 0.937120127462372, 0.161485680454171, 0.970556292203514, 0.942988691359288, 0.855940012194188, 0.749892332474651, 0.923805902676566, 0.474111373757064, 0.166772227811987, 0.985038029022998, 0.0284734098373323, 0.611691773688277 );
insert into FIR.INVOICE_RAW values(10087, 1000315, 2, 12204527, to_date('23.09.2012', 'dd.mm.yyyy'), to_date('11.01.2012', 'dd.mm.yyyy'), '7', '2924945', to_date('07.06.2013', 'dd.mm.yyyy'), 5, to_date('30.04.2013', 'dd.mm.yyyy'), '732368595276', to_date('10.01.2013', 'dd.mm.yyyy'), 7, to_date('29.02.2012', 'dd.mm.yyyy'), '8303736', to_date('30.04.2012', 'dd.mm.yyyy'), to_date('08.08.2012', 'dd.mm.yyyy'), '158418532335', '837223682', 'fef4bf5a-d12f-47f7-acbf-e799611e3760', '202536348965', '208094389', 'ab29ae98-a530-4e7e-b51c-2b83656239b8', '1106379', to_date('12.02.2013', 'dd.mm.yyyy'), '983827191783', '442442769', '9d9b609a-f99d-4d20-bf4c-d2976a187bd0', 45, '0591ba27-1dd9-40ef-86fc-fcb87e296c0a', '20', 0.0862018345325262, 0.886108159500224, 0.494665331437562, 0.399768354091685, 0.142327841437574, 0.172622119156933, 0.311524662334251, 0.631284479345793, 0.451323932712583, 0.668649137331475, 0.809209290803042, 0.271609828933892, 0.697997263957745, 0.344034647263603, 0.112348928168578, 0.531645450522958 );
insert into FIR.INVOICE_RAW values(10088, 1000315, 1, 19601849, to_date('23.07.2012', 'dd.mm.yyyy'), to_date('16.07.2013', 'dd.mm.yyyy'), '6', '7578561', to_date('06.03.2014', 'dd.mm.yyyy'), 7, to_date('21.03.2012', 'dd.mm.yyyy'), '778122601915', to_date('25.04.2012', 'dd.mm.yyyy'), 29, to_date('29.05.2014', 'dd.mm.yyyy'), '5350601', to_date('01.08.2012', 'dd.mm.yyyy'), to_date('25.09.2013', 'dd.mm.yyyy'), '109491520723', '874070353', '47b66837-d603-4e7d-9538-594bec897460', '656889202451', '948527754', '2623bc36-add5-4df1-ac7d-9254f92d2b75', '4482049', to_date('14.09.2013', 'dd.mm.yyyy'), '521390582552', '399772444', '3cfc3735-ad3d-4478-8e31-a037512a9f93', 160, '01d2d080-7e61-46bc-b504-bf2e07fd7b57', '91', 0.557202237452009, 0.499467681860303, 0.616606834166034, 0.750682025100422, 0.0224346984282298, 0.343964211802913, 0.744744038556118, 0.0909460639073262, 0.584910230517811, 0.301243168442158, 0.628289665388078, 0.372499487070599, 0.0751004130929245, 0.00171722378661727, 0.0587467183632528, 0.545186741531448 );
insert into FIR.INVOICE_RAW values(10089, 1000360, 3, 10778392, to_date('16.08.2013', 'dd.mm.yyyy'), to_date('26.07.2012', 'dd.mm.yyyy'), '19', '6897808', to_date('06.11.2013', 'dd.mm.yyyy'), 6, to_date('03.01.2013', 'dd.mm.yyyy'), '873027356967', to_date('11.04.2013', 'dd.mm.yyyy'), 9, to_date('29.05.2012', 'dd.mm.yyyy'), '4509848', to_date('03.08.2012', 'dd.mm.yyyy'), to_date('11.08.2013', 'dd.mm.yyyy'), '754946778383', '661466296', '4913cebf-d5ef-40f5-b032-c62641786016', '250863289707', '631482312', '4a63c1b9-573b-44da-9db0-38b54a82cad9', '794741', to_date('28.08.2012', 'dd.mm.yyyy'), '422766697209', '222078700', '25211055-a910-418e-b451-802748069f86', 87, '164d0666-0029-4db7-aaf9-fea223e83f46', '46', 0.8601818694082, 0.820922487797645, 0.727153688542151, 0.475344814581491, 0.641846880615618, 0.493281617524699, 0.507454976675778, 0.720362517386844, 0.534922057080512, 0.556382940875545, 0.604200091028679, 0.0134121589425077, 0.316667978799282, 0.470142876016974, 0.360518265683445, 0.99905824288682 );
insert into FIR.INVOICE_RAW values(10090, 1000360, 2, 36937149, to_date('01.05.2014', 'dd.mm.yyyy'), to_date('19.03.2012', 'dd.mm.yyyy'), '19', '9219300', to_date('10.05.2013', 'dd.mm.yyyy'), 6, to_date('28.06.2014', 'dd.mm.yyyy'), '455964614044', to_date('18.08.2013', 'dd.mm.yyyy'), 19, to_date('18.11.2012', 'dd.mm.yyyy'), '505366', to_date('23.03.2013', 'dd.mm.yyyy'), to_date('06.04.2012', 'dd.mm.yyyy'), '694344270648', '611926945', '31ceee73-1d84-4533-b529-dc221f701f54', '620214508892', '644846523', 'a9e91324-cfaa-46c4-99f5-9cbae0e1d198', '8959309', to_date('26.08.2012', 'dd.mm.yyyy'), '616957664861', '482507192', '94d38d18-fe87-4683-bd37-1179e8ff4ef2', 199, '0f9350e4-cefe-449d-acb1-dc34a3d6eb04', '52', 0.265453355510465, 0.070182931176472, 0.141106991163039, 0.781182031510948, 0.270689459643648, 0.287180175672835, 0.273999612906016, 0.971067678169844, 0.450428625312833, 0.971344563165374, 0.693463922335517, 0.516063925119147, 0.623672027431276, 0.315766423156376, 0.427577357472655, 0.852251788066817 );
insert into FIR.INVOICE_RAW values(10091, 1000360, 1, 39276255, to_date('12.02.2012', 'dd.mm.yyyy'), to_date('12.02.2012', 'dd.mm.yyyy'), '16', '9464016', to_date('28.09.2012', 'dd.mm.yyyy'), 7, to_date('12.02.2014', 'dd.mm.yyyy'), '698573502935', to_date('12.02.2013', 'dd.mm.yyyy'), 28, to_date('15.01.2012', 'dd.mm.yyyy'), '7447956', to_date('08.07.2013', 'dd.mm.yyyy'), to_date('28.08.2014', 'dd.mm.yyyy'), '662508991885', '654328595', 'f2780ec8-0d69-4fed-87ec-80c03b5ee697', '459249487857', '811648266', 'd00ed1ab-b14a-472b-a55e-896b38d60508', '9266067', to_date('05.01.2013', 'dd.mm.yyyy'), '884203863423', '257649823', 'f59cc2ba-7a60-4151-afd8-f47d76c82bcf', 174, '7dbbd290-af36-4de6-9ed1-a2189e9292ff', '87', 0.748065573977337, 0.0785656236477968, 0.0525660808442934, 0.878939848336829, 0.974458768486259, 0.869234497598016, 0.999114524572675, 0.605161943289061, 0.936414477851435, 0.0103905722547279, 0.4739754416393, 0.0152082140628287, 0.289652298339481, 0.16786851415777, 0.682356702947224, 0.0808248035986092 );
insert into FIR.INVOICE_RAW values(10092, 1000360, 3, 36558037, to_date('04.05.2013', 'dd.mm.yyyy'), to_date('02.04.2014', 'dd.mm.yyyy'), '18', '658413', to_date('13.09.2013', 'dd.mm.yyyy'), 1, to_date('01.01.2012', 'dd.mm.yyyy'), '644305144760', to_date('17.07.2014', 'dd.mm.yyyy'), 19, to_date('06.01.2012', 'dd.mm.yyyy'), '306700', to_date('29.11.2012', 'dd.mm.yyyy'), to_date('17.03.2014', 'dd.mm.yyyy'), '905678539140', '346382151', '38797388-4c5b-46e0-985e-84ec68014218', '438244920155', '368970325', '4b18f8df-ff36-49b6-b439-5e4899ea8f1b', '3132846', to_date('24.11.2013', 'dd.mm.yyyy'), '388818131751', '556645257', '9dd5b737-eff2-46cb-87d3-92e4302dd37e', 129, 'edb059df-ce90-4388-816e-29451ef89c92', '13', 0.180029695006101, 0.643761431632452, 0.517729948981539, 0.9694934640869, 0.464408811398041, 0.489698272426472, 0.417079603959378, 0.600568652898338, 0.271453263364478, 0.73824780329049, 0.88703069923773, 0.458849206314818, 0.103677134543507, 0.386011817672295, 0.867282559567728, 0.413835465169435 );
insert into FIR.INVOICE_RAW values(10093, 1000360, 1, 28235274, to_date('07.01.2013', 'dd.mm.yyyy'), to_date('24.05.2014', 'dd.mm.yyyy'), '7', '2158674', to_date('14.08.2013', 'dd.mm.yyyy'), 6, to_date('09.09.2013', 'dd.mm.yyyy'), '164309683303', to_date('18.04.2014', 'dd.mm.yyyy'), 19, to_date('31.07.2014', 'dd.mm.yyyy'), '2683973', to_date('21.08.2014', 'dd.mm.yyyy'), to_date('21.09.2013', 'dd.mm.yyyy'), '140570469393', '225024221', '3c442df8-d52f-4dc0-b757-36052470bf50', '870904394241', '351117964', '43d0e42f-84e7-4a5c-9184-10c674d15a13', '4613637', to_date('06.08.2014', 'dd.mm.yyyy'), '392436585060', '615781513', '6879d5fb-4181-4dc8-8f8f-edb3e2cad87c', 72, '7cdef11f-78d5-4b4d-bc5b-c4042d53b00c', '97', 0.809502680231586, 0.315433562880118, 0.2453006632837, 0.37733715464237, 0.784190355699598, 0.665064162418742, 0.929600230851024, 0.988431663247026, 0.2907501455819, 0.780810967917, 0.38770881592655, 0.422041697158498, 0.496794956036282, 0.753201219603979, 0.776639038127213, 0.543022711548499 );
insert into FIR.INVOICE_RAW values(10094, 1000360, 3, 38018787, to_date('28.06.2012', 'dd.mm.yyyy'), to_date('11.06.2014', 'dd.mm.yyyy'), '10', '5567168', to_date('26.07.2014', 'dd.mm.yyyy'), 9, to_date('22.12.2012', 'dd.mm.yyyy'), '183608932778', to_date('19.08.2012', 'dd.mm.yyyy'), 21, to_date('31.03.2014', 'dd.mm.yyyy'), '634115', to_date('07.07.2012', 'dd.mm.yyyy'), to_date('12.05.2012', 'dd.mm.yyyy'), '980210159554', '430866777', 'bd59a768-a541-4a01-9657-a461664c0fae', '739788448034', '389545541', '5548f2ad-c147-4cf9-a956-5b06550e4d4c', '4440128', to_date('18.06.2014', 'dd.mm.yyyy'), '887759355711', '322979539', '9f959c15-7124-4bae-a72a-f97ea039c8c1', 117, 'f80a2fdd-b5f2-4e74-bcd5-7237ced541d0', '79', 0.31049684868683, 0.764504738973689, 0.71945898035516, 0.65371959267823, 0.879499000906711, 0.759903794042721, 0.00276891701052381, 0.766968733522561, 0.00397227145916422, 0.414623952663794, 0.470123271676769, 0.712302944488964, 0.668752125775792, 0.0821787617551995, 0.336642800987066, 0.0948126088338031 );
insert into FIR.INVOICE_RAW values(10095, 1000360, 3, 10645657, to_date('30.05.2012', 'dd.mm.yyyy'), to_date('05.12.2012', 'dd.mm.yyyy'), '3', '3461983', to_date('24.08.2014', 'dd.mm.yyyy'), 8, to_date('25.02.2012', 'dd.mm.yyyy'), '774292388019', to_date('13.01.2012', 'dd.mm.yyyy'), 11, to_date('22.04.2012', 'dd.mm.yyyy'), '6175934', to_date('19.03.2014', 'dd.mm.yyyy'), to_date('01.09.2012', 'dd.mm.yyyy'), '971377123676', '109952802', 'bc15cc21-3226-49b6-a4df-75d4eca38eac', '277816995975', '811919369', '7b93b798-98e3-4f16-ba7c-83ac1c22ebab', '1759198', to_date('14.07.2013', 'dd.mm.yyyy'), '624059410803', '870169150', '1a873a5a-d93c-44a8-9a01-2f58df3224bd', 3, '42ccec45-720b-464a-91a4-fc9cd95dc75a', '73', 0.528595777940282, 0.928274782341102, 0.799052195064282, 0.320198372621182, 0.0375904645945832, 0.329860633858415, 0.268883027261534, 0.879965302478506, 0.391516472860946, 0.840649838950788, 0.287074018869118, 0.278412428814179, 0.659213471533364, 0.128515155114473, 0.462379357527187, 0.148358676185998 );
insert into FIR.INVOICE_RAW values(10096, 1000360, 3, 46564536, to_date('24.03.2014', 'dd.mm.yyyy'), to_date('27.01.2012', 'dd.mm.yyyy'), '4', '91231', to_date('23.08.2014', 'dd.mm.yyyy'), 1, to_date('16.10.2013', 'dd.mm.yyyy'), '901880409472', to_date('02.05.2014', 'dd.mm.yyyy'), 12, to_date('01.09.2013', 'dd.mm.yyyy'), '2339575', to_date('03.02.2012', 'dd.mm.yyyy'), to_date('26.01.2013', 'dd.mm.yyyy'), '396208911076', '656896343', '476ce006-804d-4538-8175-f2442d5b5bc5', '357650226018', '692327916', '05a2f9a7-2094-4d45-96d4-463bc901402c', '707249', to_date('27.06.2014', 'dd.mm.yyyy'), '647083993969', '865278279', '070b17e5-5bf8-4496-b701-244f88c474d9', 137, 'ee8b4cd6-ac95-4a71-bdca-e33d77f620bb', '28', 0.0772762983465922, 0.549945633648869, 0.880732807275249, 0.677245884052126, 0.167155382766926, 0.666727966008116, 0.264423379332024, 0.102363853763027, 0.951289338502702, 0.59938125247107, 0.560950683225389, 0.00759193534385037, 0.465408090718746, 0.110091343107676, 0.876759395877253, 0.514613991842891 );
insert into FIR.INVOICE_RAW values(10097, 1000360, 2, 25306583, to_date('31.01.2012', 'dd.mm.yyyy'), to_date('24.06.2013', 'dd.mm.yyyy'), '7', '466770', to_date('11.03.2013', 'dd.mm.yyyy'), 1, to_date('31.12.2013', 'dd.mm.yyyy'), '592016901215', to_date('02.06.2013', 'dd.mm.yyyy'), 6, to_date('11.08.2014', 'dd.mm.yyyy'), '4692347', to_date('12.01.2013', 'dd.mm.yyyy'), to_date('18.08.2014', 'dd.mm.yyyy'), '558830402037', '872896130', '2db1079c-d0bf-4544-8325-a1bbcd2adc4a', '590703878228', '993327366', 'ed8ae2c7-58f2-4448-8e89-0924f1772f6c', '829377', to_date('18.05.2013', 'dd.mm.yyyy'), '672141545106', '259839963', '04263c6c-1b4f-4157-a114-2ac18d4d9abd', 170, '0c324163-769b-427c-b40b-53cc4a8db9e8', '75', 0.426720034995452, 0.237127707915906, 0.996623889541544, 0.190009225714025, 0.929377491553024, 0.104528673973181, 0.130122627192234, 0.723473543172457, 0.210747837187139, 0.743481584705171, 0.51890814188817, 0.567842040941046, 0.391477119359876, 0.926136051270243, 0.923462656290951, 0.259984635403373 );
insert into FIR.INVOICE_RAW values(10098, 1000360, 1, 16746008, to_date('28.12.2012', 'dd.mm.yyyy'), to_date('10.03.2014', 'dd.mm.yyyy'), '10', '1547624', to_date('04.03.2014', 'dd.mm.yyyy'), 6, to_date('14.02.2014', 'dd.mm.yyyy'), '398524582004', to_date('21.05.2012', 'dd.mm.yyyy'), 16, to_date('11.01.2012', 'dd.mm.yyyy'), '256091', to_date('15.05.2013', 'dd.mm.yyyy'), to_date('14.02.2013', 'dd.mm.yyyy'), '890612797663', '255648127', '1e41729b-15af-43d8-858e-3d326ddd524f', '970200367804', '640403824', '54c41ff1-7d65-4828-ba9c-30af1fce3549', '2704226', to_date('03.12.2013', 'dd.mm.yyyy'), '301969947107', '455703568', 'abecf1ee-e004-41af-a2e9-4546e7647c93', 199, '152646d4-6fc4-498f-ad9c-ea86488e6e94', '87', 0.842354806997978, 0.766309294740814, 0.975839948736056, 0.470518353614266, 0.187112683983106, 0.940766189685448, 0.615574782069574, 0.878737817461946, 0.125429963751431, 0.53499237612588, 0.558641414883845, 0.736165564384388, 0.471945480663304, 0.459333589048746, 0.584404420379738, 0.507118413460962 );
insert into FIR.INVOICE_RAW values(10099, 1000360, 3, 42249373, to_date('03.08.2012', 'dd.mm.yyyy'), to_date('11.01.2014', 'dd.mm.yyyy'), '4', '4589871', to_date('10.06.2014', 'dd.mm.yyyy'), 4, to_date('03.06.2013', 'dd.mm.yyyy'), '586773848077', to_date('02.03.2014', 'dd.mm.yyyy'), 20, to_date('15.05.2014', 'dd.mm.yyyy'), '9224331', to_date('08.05.2013', 'dd.mm.yyyy'), to_date('07.03.2012', 'dd.mm.yyyy'), '419765798545', '122723330', '8a5f4b99-d3f8-4c27-bfb2-2eab94585345', '410675383985', '274997972', '74dc8b35-24a5-4e26-acb3-3c0a3bbd793e', '8151715', to_date('23.11.2012', 'dd.mm.yyyy'), '987019934370', '504811148', 'bf78b61a-c908-4bf5-9a15-7028ccbba932', 143, '1fbd47e9-70c3-4918-8357-06a9e0999c89', '24', 0.98025043587212, 0.361404498741685, 0.31395596094148, 0.61360999132209, 0.317368318008896, 0.854209383881748, 0.731656875336383, 0.0385133219130865, 0.339344419696994, 0.903684406496438, 0.81946781688345, 0.296629016425754, 0.886382540635011, 0.736643175937535, 0.65814143869008, 0.954848888309136 );
insert into FIR.INVOICE_RAW values(10100, 1000405, 1, 10729772, to_date('03.05.2013', 'dd.mm.yyyy'), to_date('06.07.2014', 'dd.mm.yyyy'), '2', '4860799', to_date('17.06.2012', 'dd.mm.yyyy'), 9, to_date('15.04.2014', 'dd.mm.yyyy'), '591677431873', to_date('30.03.2014', 'dd.mm.yyyy'), 15, to_date('28.06.2014', 'dd.mm.yyyy'), '5239121', to_date('03.05.2014', 'dd.mm.yyyy'), to_date('20.02.2014', 'dd.mm.yyyy'), '759602611064', '810832282', '212a24f5-7df2-455f-8373-01e6feea2c7e', '487037798220', '716392570', 'e4532830-a1fd-4d47-bd14-e3a0f32866db', '4288552', to_date('25.05.2012', 'dd.mm.yyyy'), '297066120667', '353588211', 'e8b8f4cc-055e-4eef-ae62-3100b6b77fa9', 34, 'f7a959ce-159b-4ab8-9a53-958fc76ad2dd', '35', 0.405901794510848, 0.0551717370074111, 0.354278511998373, 0.917936743198864, 0.772868582873078, 0.467569103216552, 0.96994913787113, 0.233960691948403, 0.988360868295823, 0.409524959702755, 0.916154409719703, 0.0496619283452918, 0.701266433904537, 0.08559052743278, 0.5443277030924, 0.849247359600499 );
insert into FIR.INVOICE_RAW values(10101, 1000405, 1, 10767768, to_date('09.08.2014', 'dd.mm.yyyy'), to_date('17.07.2013', 'dd.mm.yyyy'), '16', '9132333', to_date('25.04.2013', 'dd.mm.yyyy'), 8, to_date('03.06.2014', 'dd.mm.yyyy'), '701244567413', to_date('30.03.2014', 'dd.mm.yyyy'), 25, to_date('12.06.2013', 'dd.mm.yyyy'), '6699806', to_date('02.01.2013', 'dd.mm.yyyy'), to_date('18.01.2012', 'dd.mm.yyyy'), '736252243836', '274271595', 'f3b0f5c9-30ea-4ae2-9425-d896a59f6c47', '507780242247', '968951949', '55c506a4-f0f1-4b89-a6f4-57afc0eeccdf', '2308271', to_date('15.12.2012', 'dd.mm.yyyy'), '400401599267', '206402583', '229f3d27-7ecf-42f2-94b8-bd1bd8f63982', 47, '3a32708d-cfe9-4e13-ae2a-c937ff806706', '9', 0.956522672416886, 0.307063444194879, 0.832241994250678, 0.523527821769718, 0.867608429802399, 0.319956376366297, 0.850678833131994, 0.283587928527774, 0.494591077554315, 0.996944996526905, 0.94557157854809, 0.968525502350426, 0.98195748309696, 0.0677142753581117, 0.621058198912562, 0.470937533057731 );
insert into FIR.INVOICE_RAW values(10102, 1000405, 3, 21446658, to_date('11.11.2012', 'dd.mm.yyyy'), to_date('08.01.2014', 'dd.mm.yyyy'), '8', '9857805', to_date('26.06.2012', 'dd.mm.yyyy'), 4, to_date('06.12.2013', 'dd.mm.yyyy'), '470009655667', to_date('14.06.2014', 'dd.mm.yyyy'), 5, to_date('03.01.2012', 'dd.mm.yyyy'), '6899287', to_date('19.09.2013', 'dd.mm.yyyy'), to_date('24.07.2012', 'dd.mm.yyyy'), '276913581432', '347542579', '8716586d-faa0-4b0a-95b7-148acf9cda0a', '628380632989', '649404420', '6f40ac4f-3433-4bcd-90ff-5c33ab828afa', '4088314', to_date('23.03.2013', 'dd.mm.yyyy'), '932234591095', '382777302', 'af544549-cfee-4718-8a4b-c70640d4948e', 73, '34239189-3f4e-463f-8663-c9b83dfd8a3a', '4', 0.703661576706758, 0.673885591641946, 0.189164327079972, 0.224403843388149, 0.349065971723323, 0.0462320386647396, 0.211244693589976, 0.329983357493758, 0.988850227551931, 0.804744938297544, 0.478221748712576, 0.176358081948179, 0.65068993701166, 0.960384683199406, 0.0941178864306388, 0.2910766048781 );
insert into FIR.INVOICE_RAW values(10103, 1000405, 3, 33023500, to_date('11.09.2012', 'dd.mm.yyyy'), to_date('24.04.2012', 'dd.mm.yyyy'), '9', '5941408', to_date('12.01.2013', 'dd.mm.yyyy'), 8, to_date('29.03.2013', 'dd.mm.yyyy'), '329797833702', to_date('02.10.2012', 'dd.mm.yyyy'), 15, to_date('25.05.2013', 'dd.mm.yyyy'), '2064156', to_date('19.03.2013', 'dd.mm.yyyy'), to_date('12.04.2013', 'dd.mm.yyyy'), '702678473167', '720618382', '854d7da4-0314-4ca9-b3fd-f83410dd0ac9', '134293377588', '235670327', '471d434d-3705-4e0e-833c-dc500cd0a811', '1506791', to_date('27.06.2013', 'dd.mm.yyyy'), '306495990795', '602208862', 'cc447f32-daa9-4890-bec4-3b9a4f3a9a89', 23, 'd7abe694-ace7-4dee-b5ce-be5c01076953', '98', 0.103762286763528, 0.342360345806163, 0.919877308849188, 0.609023418095439, 0.607336065083433, 0.950831823959403, 0.915579580662576, 0.279531720690211, 0.797656753937554, 0.84645056670832, 0.895992403335866, 0.0515139545553894, 0.401225132123206, 0.244613608459296, 0.892234459934865, 0.659818186266263 );
insert into FIR.INVOICE_RAW values(10104, 1000405, 2, 39696701, to_date('16.12.2012', 'dd.mm.yyyy'), to_date('22.04.2013', 'dd.mm.yyyy'), '7', '6575332', to_date('12.04.2012', 'dd.mm.yyyy'), 5, to_date('03.03.2013', 'dd.mm.yyyy'), '566004686624', to_date('17.04.2013', 'dd.mm.yyyy'), 23, to_date('12.01.2014', 'dd.mm.yyyy'), '5924462', to_date('05.05.2013', 'dd.mm.yyyy'), to_date('04.06.2012', 'dd.mm.yyyy'), '566593251250', '315093660', '51235dc1-c660-4a1d-a300-1635717f06af', '362498298827', '804107183', 'e87db179-10ae-43da-8594-2891a36a4936', '4194264', to_date('14.10.2012', 'dd.mm.yyyy'), '361207975645', '440413597', '39bac86d-df6d-4e6f-a6db-e5006b6d8b00', 196, '4e6b263f-c294-4b23-bf09-e934c6b1ca49', '33', 0.939923156956175, 0.834982306153971, 0.0133711467559315, 0.736990678467318, 0.0300275338953489, 0.195092373152772, 0.884643390255348, 0.0364525085484854, 0.620699020391656, 0.206258749219709, 0.56588367678499, 0.498671758220844, 0.391046139593723, 0.101099630399188, 0.4997624864335, 0.987003421404866 );
insert into FIR.INVOICE_RAW values(10105, 1000405, 2, 42501038, to_date('30.07.2013', 'dd.mm.yyyy'), to_date('24.02.2013', 'dd.mm.yyyy'), '14', '9662449', to_date('04.05.2014', 'dd.mm.yyyy'), 9, to_date('01.02.2012', 'dd.mm.yyyy'), '556196746080', to_date('20.03.2013', 'dd.mm.yyyy'), 21, to_date('10.02.2014', 'dd.mm.yyyy'), '6100356', to_date('13.09.2012', 'dd.mm.yyyy'), to_date('09.03.2012', 'dd.mm.yyyy'), '164400185618', '483321229', '2ffc5743-3998-4958-ba99-e9518f88cf14', '893191794128', '554457570', '4911aa89-3a20-4d47-b149-7947e88b3683', '6829706', to_date('15.05.2013', 'dd.mm.yyyy'), '615128785449', '805616163', '21dd1996-85c2-4f6e-83ea-695ac568f6c7', 150, '1ad68eae-9e12-43b1-a633-65f0c33c60b7', '44', 0.56458427317654, 0.67469766534618, 0.34524747279717, 0.162874443998036, 0.334000037207268, 0.935796244040037, 0.443621619811105, 0.219804052831514, 0.508955988338662, 0.498397449729218, 0.0959325503073319, 0.805581172837681, 0.695004378303422, 0.379207634543631, 0.859992022095244, 0.359822671562351 );
insert into FIR.INVOICE_RAW values(10106, 1000405, 1, 49379214, to_date('06.10.2013', 'dd.mm.yyyy'), to_date('10.11.2012', 'dd.mm.yyyy'), '16', '1552103', to_date('26.03.2013', 'dd.mm.yyyy'), 5, to_date('13.06.2013', 'dd.mm.yyyy'), '879899259957', to_date('21.06.2013', 'dd.mm.yyyy'), 28, to_date('19.03.2013', 'dd.mm.yyyy'), '9870168', to_date('30.10.2012', 'dd.mm.yyyy'), to_date('16.08.2013', 'dd.mm.yyyy'), '357056378513', '631992436', 'b2efcef7-11fd-4267-9d0b-286b4622c4d5', '902171739560', '759702492', '80296644-8578-428c-b2cd-beecf80312c8', '8168401', to_date('29.08.2012', 'dd.mm.yyyy'), '143866227118', '972512651', '12dd1d58-a9ca-4c57-b45e-ade973d3e73e', 81, '6e6f26bb-8a60-476e-8d56-f02a6ef683a7', '50', 0.352103882167537, 0.800678101741093, 0.193929122385536, 0.840497168638044, 0.100114692514816, 0.945489319015988, 0.199175176769111, 0.494755313496457, 0.587227585533274, 0.0825201422360354, 0.968897439524949, 0.741038652481995, 0.550655200402557, 0.0954455365871291, 0.76457038277973, 0.489917159308641 );
insert into FIR.INVOICE_RAW values(10107, 1000405, 1, 1635046, to_date('15.10.2013', 'dd.mm.yyyy'), to_date('13.11.2012', 'dd.mm.yyyy'), '12', '4053779', to_date('21.06.2012', 'dd.mm.yyyy'), 6, to_date('01.09.2012', 'dd.mm.yyyy'), '344909828829', to_date('22.02.2014', 'dd.mm.yyyy'), 7, to_date('14.09.2013', 'dd.mm.yyyy'), '6836794', to_date('15.12.2013', 'dd.mm.yyyy'), to_date('08.08.2013', 'dd.mm.yyyy'), '559302683495', '560962366', '453f498e-a985-46a1-b561-a53ce561dc48', '959512322216', '657515622', '6c5da311-8057-4668-b7c3-760cd8b1f802', '3875791', to_date('06.05.2012', 'dd.mm.yyyy'), '135148780868', '637267375', 'dde17098-42f3-4c89-b7dc-2b56291e461c', 75, '0e2b7b00-df81-4966-a0c6-86019d6b7e02', '42', 0.55012449880602, 0.820059678433491, 0.486489826108557, 0.14766461036525, 0.00658519892328661, 0.205152947551176, 0.705688923460286, 0.0165027026163892, 0.51952118637018, 0.482132963595042, 0.381273433743638, 0.836376022005629, 0.242357413397337, 0.659070116309016, 0.704639991607815, 0.571447028578933 );
insert into FIR.INVOICE_RAW values(10108, 1000405, 2, 28322094, to_date('01.05.2014', 'dd.mm.yyyy'), to_date('04.03.2014', 'dd.mm.yyyy'), '8', '1066903', to_date('10.08.2013', 'dd.mm.yyyy'), 5, to_date('20.03.2014', 'dd.mm.yyyy'), '464158466831', to_date('15.08.2013', 'dd.mm.yyyy'), 6, to_date('23.09.2012', 'dd.mm.yyyy'), '6972326', to_date('10.04.2012', 'dd.mm.yyyy'), to_date('08.10.2013', 'dd.mm.yyyy'), '684211758515', '390888934', 'c1f95c0c-9eda-4854-8780-16c516e251fc', '759228330250', '366911942', '9ebcf7ff-210a-4cb0-8b98-2857ca15459c', '7149166', to_date('02.09.2012', 'dd.mm.yyyy'), '302871329851', '659859880', '0af93131-9b7f-4304-b55e-2af5bf6842f8', 162, 'ab146645-f70d-4e4c-b08f-557708a08ff0', '59', 0.407530559416642, 0.0137255792569954, 0.180004414720463, 0.29799981987942, 0.331823710972361, 0.89880720567834, 0.580112882694282, 0.180209912443631, 0.468747537335729, 0.784254238840311, 0.447258814446283, 0.0441824896466837, 0.748105999430691, 0.541167586828194, 0.314407270548124, 0.379744260283068 );
insert into FIR.INVOICE_RAW values(10109, 1000405, 2, 41707437, to_date('28.08.2013', 'dd.mm.yyyy'), to_date('21.11.2012', 'dd.mm.yyyy'), '4', '4295492', to_date('24.10.2013', 'dd.mm.yyyy'), 1, to_date('05.01.2014', 'dd.mm.yyyy'), '658491680842', to_date('21.07.2012', 'dd.mm.yyyy'), 29, to_date('17.03.2012', 'dd.mm.yyyy'), '1159099', to_date('31.03.2013', 'dd.mm.yyyy'), to_date('04.07.2012', 'dd.mm.yyyy'), '601112116869', '914506637', 'b4b9bd7b-2bbf-43a5-85aa-e01a1800c2b6', '636442155470', '805279589', 'd4db1f82-3e10-48fa-9add-36b22b2783d4', '9205501', to_date('12.07.2014', 'dd.mm.yyyy'), '162500487487', '432471801', '00dbe7da-aa47-4395-811b-2972b759907c', 190, '73e07725-64f5-4200-8e1e-889ba26ee165', '38', 0.778513458454289, 0.499212412396079, 0.266642938026526, 0.62076017708553, 0.493884233987836, 0.35507665870482, 0.952580101765962, 0.400655468646742, 0.826322053012588, 0.356688512655296, 0.757152029200062, 0.169654334042992, 0.225674919423496, 0.343914537850728, 0.351709280326827, 0.185737996448641 );
insert into FIR.INVOICE_RAW values(10110, 1000405, 3, 24906504, to_date('05.07.2012', 'dd.mm.yyyy'), to_date('15.12.2013', 'dd.mm.yyyy'), '12', '2095102', to_date('03.06.2013', 'dd.mm.yyyy'), 3, to_date('11.12.2012', 'dd.mm.yyyy'), '327624395507', to_date('17.05.2012', 'dd.mm.yyyy'), 15, to_date('12.11.2012', 'dd.mm.yyyy'), '7358206', to_date('22.04.2014', 'dd.mm.yyyy'), to_date('05.09.2013', 'dd.mm.yyyy'), '767129728678', '496826296', 'd8e0b37b-dd41-4dcb-984e-2b1106ee9ee0', '782380871759', '324514551', 'c76046fc-f134-46f5-ba7d-6a990428aacb', '2056197', to_date('25.08.2012', 'dd.mm.yyyy'), '904872314268', '804174797', '3d58c1e1-6d77-422d-a1d0-9b3c88426c9b', 103, '8525ee5c-e3a0-42a9-9b60-6165c534d066', '39', 0.371605083519409, 0.25774911942787, 0.809609160669897, 0.100887529133301, 0.458571971607661, 0.790700087691983, 0.284352516887874, 0.018956433524823, 0.967318563241194, 0.78743506585594, 0.928174804397009, 0.464767587587595, 0.956324360778706, 0.723298184444801, 0.513690667000455, 0.00488525582704938 );
insert into FIR.INVOICE_RAW values(10111, 1000450, 1, 1668431, to_date('05.04.2012', 'dd.mm.yyyy'), to_date('07.02.2012', 'dd.mm.yyyy'), '15', '6677284', to_date('28.02.2012', 'dd.mm.yyyy'), 2, to_date('12.07.2014', 'dd.mm.yyyy'), '807554876234', to_date('31.05.2013', 'dd.mm.yyyy'), 5, to_date('19.04.2013', 'dd.mm.yyyy'), '4523518', to_date('20.10.2012', 'dd.mm.yyyy'), to_date('29.07.2014', 'dd.mm.yyyy'), '607911866171', '285200448', '62f2f986-abf8-4674-8d0d-779d971a6c70', '885090100123', '721152328', '05e5070d-959b-4685-ba67-32fbe35ab9f2', '5697563', to_date('20.11.2012', 'dd.mm.yyyy'), '622388572798', '715757590', '6b5fe8d7-29dd-4849-b6d3-d83bd57b201d', 181, 'febdc8bd-0679-499c-b3f5-8ba6dfae0de8', '27', 0.527444352175782, 0.236290210502357, 0.728174699343822, 0.80517569501194, 0.163160750718396, 0.503668647494013, 0.187610627239389, 0.408227872293549, 0.442042921875624, 0.229809714122587, 0.221994291628708, 0.143863871760603, 0.396845502963683, 0.245956837314161, 0.614284943609631, 0.552734738938853 );
insert into FIR.INVOICE_RAW values(10112, 1000450, 3, 25917181, to_date('14.09.2013', 'dd.mm.yyyy'), to_date('17.01.2012', 'dd.mm.yyyy'), '17', '3197951', to_date('14.03.2013', 'dd.mm.yyyy'), 3, to_date('25.02.2014', 'dd.mm.yyyy'), '699707734981', to_date('18.02.2012', 'dd.mm.yyyy'), 3, to_date('14.10.2013', 'dd.mm.yyyy'), '9993112', to_date('27.01.2012', 'dd.mm.yyyy'), to_date('11.02.2013', 'dd.mm.yyyy'), '744099891929', '764020119', 'a2c1d36f-4f45-4a30-9e3b-92ff654208f3', '171668790931', '993051987', 'df00cff8-f63b-43d5-a4fb-06724cf55c50', '9880930', to_date('29.12.2013', 'dd.mm.yyyy'), '807412974410', '347772185', '32231fcc-f363-43e1-a57f-13b785f9ecba', 80, 'd15e3962-039c-4425-ae3f-7d5133dcc86b', '74', 0.722631609403822, 0.412648895016242, 0.210029695746503, 0.891382209906067, 0.077404726798369, 0.532877874808795, 0.640306273307794, 0.831783161885935, 0.511326674610063, 0.838983481674913, 0.88866240339757, 0.69077528114001, 0.566662774685148, 0.738221831963501, 0.553191904236186, 0.575901274371846 );
insert into FIR.INVOICE_RAW values(10113, 1000450, 2, 22693147, to_date('25.02.2013', 'dd.mm.yyyy'), to_date('04.02.2013', 'dd.mm.yyyy'), '12', '1026001', to_date('20.11.2013', 'dd.mm.yyyy'), 2, to_date('20.05.2014', 'dd.mm.yyyy'), '127848501791', to_date('21.12.2013', 'dd.mm.yyyy'), 21, to_date('05.09.2012', 'dd.mm.yyyy'), '8054945', to_date('23.04.2012', 'dd.mm.yyyy'), to_date('15.06.2014', 'dd.mm.yyyy'), '264989261742', '319799783', '6638d1b2-7404-4530-a419-0c0dd8e13dfb', '586452563040', '866925814', 'c18ed08e-0e68-46e2-89b6-6c212b97a85b', '2603787', to_date('16.12.2013', 'dd.mm.yyyy'), '416561785436', '791228639', '0be2dd94-eebd-40a2-a10a-9b4ac5f45864', 197, '046f18a5-8fe1-4332-8f55-9acbd0e30294', '34', 0.180150194177474, 0.907600364604779, 0.772640425140336, 0.82179082362996, 0.697051064435882, 0.759718308579046, 0.356952261345904, 0.0229476881320345, 0.239878535382393, 0.648839366924409, 0.976733500127091, 0.638735445979394, 0.280275050681212, 0.683579712958811, 0.497275948756037, 0.551696413453527 );
insert into FIR.INVOICE_RAW values(10114, 1000450, 1, 27013238, to_date('15.10.2012', 'dd.mm.yyyy'), to_date('19.11.2013', 'dd.mm.yyyy'), '3', '3774010', to_date('18.07.2014', 'dd.mm.yyyy'), 1, to_date('09.07.2012', 'dd.mm.yyyy'), '104436528382', to_date('31.01.2014', 'dd.mm.yyyy'), 19, to_date('07.09.2013', 'dd.mm.yyyy'), '2296140', to_date('10.03.2014', 'dd.mm.yyyy'), to_date('03.02.2013', 'dd.mm.yyyy'), '907662864293', '606993443', '2fe481ea-73d8-4ff6-8a8d-c9a866812446', '672237727609', '986243848', '380043a9-7881-4dfb-882a-aedd9ac3b488', '9584451', to_date('20.07.2013', 'dd.mm.yyyy'), '235981879374', '503497106', '0a0cf4a9-9c2c-4db9-8f83-be9a1bef5a9b', 129, '095f654e-1eb7-40b9-bcd9-4323f9ad1ac6', '95', 0.43514702629072, 0.764333776088587, 0.528992533464447, 0.356072097251225, 0.69048540093493, 0.640150268860231, 0.18033871761539, 0.16231374217305, 0.465123850137519, 0.525693218002884, 0.889191662375439, 0.384574935484945, 0.745603978049757, 0.290629652929786, 0.374811767775012, 0.755609115937543 );
insert into FIR.INVOICE_RAW values(10115, 1000450, 3, 11323779, to_date('21.03.2013', 'dd.mm.yyyy'), to_date('16.07.2012', 'dd.mm.yyyy'), '5', '9469426', to_date('17.07.2013', 'dd.mm.yyyy'), 8, to_date('03.05.2013', 'dd.mm.yyyy'), '405838211589', to_date('11.01.2013', 'dd.mm.yyyy'), 22, to_date('03.11.2012', 'dd.mm.yyyy'), '2089656', to_date('17.04.2013', 'dd.mm.yyyy'), to_date('14.01.2013', 'dd.mm.yyyy'), '860107841167', '405695572', '382438a4-80a6-4744-9e2b-1f47997a2bfe', '440042888909', '601434748', 'ce3cfdd9-ca63-439e-a647-6481ddb6f91f', '6631982', to_date('02.05.2013', 'dd.mm.yyyy'), '151748698590', '192882743', 'b1993d39-7ad2-4a4d-97ef-66828bd23873', 73, '1ac6dd20-1e62-4190-9647-f0283d0559a5', '35', 0.93242036501524, 0.927066807601166, 0.338874484570173, 0.719955773893723, 0.895939955905052, 0.252682283172702, 0.555413483435015, 0.877798194474446, 0.135961702622455, 0.87730413017669, 0.0528301922850451, 0.931131939371644, 0.00578640215368308, 0.848632997297045, 0.445793998635278, 0.32382175527691 );
insert into FIR.INVOICE_RAW values(10116, 1000450, 3, 31886028, to_date('24.09.2012', 'dd.mm.yyyy'), to_date('25.11.2012', 'dd.mm.yyyy'), '11', '9888953', to_date('17.08.2013', 'dd.mm.yyyy'), 7, to_date('29.10.2012', 'dd.mm.yyyy'), '396742118765', to_date('07.05.2014', 'dd.mm.yyyy'), 19, to_date('15.03.2014', 'dd.mm.yyyy'), '6047036', to_date('21.05.2013', 'dd.mm.yyyy'), to_date('14.04.2014', 'dd.mm.yyyy'), '623956174688', '491054717', 'daf125ac-ebb6-48b9-9e6a-f426abba560b', '793894508690', '297274496', '39c4c14c-9b85-4dd9-a077-870f7494c5e2', '2489473', to_date('24.09.2012', 'dd.mm.yyyy'), '408114780090', '837648960', 'eec37b25-a1a0-4a12-af6e-b511abe9b5d0', 10, 'bc88f716-9a72-4bea-b00a-757954430dc5', '35', 0.419148059291368, 0.224011581961071, 0.582072515777346, 0.0386127196432151, 0.668597985836024, 0.503896930955302, 0.68607504185572, 0.698186020226304, 0.45546777521049, 0.138394020096582, 0.201765930839705, 0.669723376943601, 0.165711714031972, 0.456877710044793, 0.386550726083364, 0.314284992084971 );
insert into FIR.INVOICE_RAW values(10117, 1000450, 1, 33906910, to_date('23.02.2012', 'dd.mm.yyyy'), to_date('27.06.2014', 'dd.mm.yyyy'), '2', '3511154', to_date('25.07.2014', 'dd.mm.yyyy'), 4, to_date('07.03.2013', 'dd.mm.yyyy'), '733225581831', to_date('01.08.2014', 'dd.mm.yyyy'), 3, to_date('22.02.2014', 'dd.mm.yyyy'), '3365781', to_date('19.10.2013', 'dd.mm.yyyy'), to_date('08.04.2014', 'dd.mm.yyyy'), '476910704803', '451895924', '17e555cd-aa6a-447b-ab50-f9ba3eaaea19', '971674889498', '829935591', '8a0536f2-346e-42b0-a42a-e4e54c3facb9', '5897529', to_date('14.01.2012', 'dd.mm.yyyy'), '489907149710', '796886282', 'a6efc28f-5e83-41ae-8523-d26239b5970e', 121, 'f1f29faf-4133-4fe6-8eaa-396124ed201d', '56', 0.369074376937502, 0.256259734861674, 0.956941168269581, 0.290835591168532, 0.600829654653012, 0.704202837638651, 0.889269606158729, 0.212603440607248, 0.0915936455557093, 0.0113858161547155, 0.869661400965257, 0.269264958924272, 0.348181619005362, 0.651087112562306, 0.375197475950791, 0.825879983988535 );
insert into FIR.INVOICE_RAW values(10118, 1000450, 1, 10251632, to_date('15.06.2012', 'dd.mm.yyyy'), to_date('12.01.2014', 'dd.mm.yyyy'), '10', '9811912', to_date('11.02.2014', 'dd.mm.yyyy'), 1, to_date('15.08.2013', 'dd.mm.yyyy'), '505042241381', to_date('20.01.2012', 'dd.mm.yyyy'), 11, to_date('16.07.2013', 'dd.mm.yyyy'), '7745088', to_date('01.01.2013', 'dd.mm.yyyy'), to_date('08.08.2012', 'dd.mm.yyyy'), '705937772870', '253654451', '16746a65-70f3-418b-9a26-8a57dd2030a8', '616459171651', '196420384', 'b50d702b-0ee2-421b-8e96-170747aa07bf', '961790', to_date('28.02.2014', 'dd.mm.yyyy'), '980812744722', '359431281', 'fa0a496d-ff77-4a5e-9736-fee545b9acc9', 147, '768268ef-cd8f-41d0-a27a-d15042f3f4b9', '96', 0.547038270880952, 0.631571701556245, 0.856914086200722, 0.330408838265766, 0.817085629709571, 0.695010896164463, 0.317396533823291, 0.0448909932956523, 0.701137277624168, 0.401351159159723, 0.638665750920151, 0.500644124811815, 0.580387395611213, 0.790999323497992, 0.177419001319175, 0.259373096869966 );
insert into FIR.INVOICE_RAW values(10119, 1000450, 2, 22289777, to_date('15.05.2012', 'dd.mm.yyyy'), to_date('24.03.2014', 'dd.mm.yyyy'), '8', '2377211', to_date('13.12.2012', 'dd.mm.yyyy'), 1, to_date('12.06.2013', 'dd.mm.yyyy'), '921012179636', to_date('03.08.2012', 'dd.mm.yyyy'), 1, to_date('24.04.2014', 'dd.mm.yyyy'), '8562468', to_date('10.07.2012', 'dd.mm.yyyy'), to_date('22.09.2012', 'dd.mm.yyyy'), '526618972877', '774250873', 'e5138e59-98d9-4e50-ae05-c642a043b609', '436451994355', '255822898', 'ed1e2aef-ec1c-49d7-8f9e-3faa8d340266', '6519343', to_date('03.04.2012', 'dd.mm.yyyy'), '268662805272', '709420851', '32aa1837-2668-4579-b53c-e729c7a7181e', 66, '30152207-c9ec-46c1-8a68-26397970a20c', '38', 0.661403016960902, 0.412055850686531, 0.640308406502152, 0.235214293112612, 0.400976130925574, 0.120426341481705, 0.105770296932091, 0.704218039617044, 0.238309972099173, 0.57561324051377, 0.303188443325082, 0.907373068345419, 0.963606751506965, 0.495014136887628, 0.814524338494299, 0.303632133316077 );
insert into FIR.INVOICE_RAW values(10120, 1000450, 1, 20941548, to_date('12.03.2012', 'dd.mm.yyyy'), to_date('04.12.2012', 'dd.mm.yyyy'), '16', '7955533', to_date('24.01.2012', 'dd.mm.yyyy'), 4, to_date('17.09.2012', 'dd.mm.yyyy'), '460050102605', to_date('21.04.2012', 'dd.mm.yyyy'), 7, to_date('11.12.2013', 'dd.mm.yyyy'), '8561996', to_date('08.11.2012', 'dd.mm.yyyy'), to_date('11.02.2014', 'dd.mm.yyyy'), '709861295263', '548330447', 'bb0717c0-8801-48dc-92f8-7e6726dfae7e', '864261304345', '330211319', '16e9d942-0ac6-4783-9946-242f203637fe', '1381808', to_date('02.12.2013', 'dd.mm.yyyy'), '694328942951', '714661316', '49b1c65a-53dc-47f4-b32b-dd453987fb34', 87, '893075d5-0bac-4c3d-83bb-49e267eab8c7', '68', 0.6656337802604, 0.926952480304498, 0.123774822858989, 0.351528807706912, 0.912566169590022, 0.0493490048913979, 0.647967233158633, 0.354680225418266, 0.138990987622641, 0.93759939956367, 0.393420309011554, 0.430338332164259, 0.411850984400069, 0.307759486282132, 0.247939237508895, 0.561703047045368 );
insert into FIR.INVOICE_RAW values(10121, 1000450, 2, 48004273, to_date('26.08.2014', 'dd.mm.yyyy'), to_date('14.07.2013', 'dd.mm.yyyy'), '17', '8829426', to_date('19.02.2014', 'dd.mm.yyyy'), 2, to_date('24.01.2013', 'dd.mm.yyyy'), '776454201511', to_date('05.11.2013', 'dd.mm.yyyy'), 27, to_date('23.11.2012', 'dd.mm.yyyy'), '6434150', to_date('16.10.2013', 'dd.mm.yyyy'), to_date('24.09.2012', 'dd.mm.yyyy'), '292622477378', '561498815', '9d731326-d5dc-4804-aa5f-ddc603a852ae', '581050180663', '446235615', 'a32ee73e-bf40-493f-bf9e-c84c27415d2e', '1720794', to_date('08.07.2013', 'dd.mm.yyyy'), '523186850433', '875435222', 'b7b47202-ebac-423b-aeb7-f02dc25c7de6', 65, 'a15dcbf7-b0e5-447f-9ff2-42fa1e9682e3', '76', 0.166765820778332, 0.474874217284319, 0.672863127511397, 0.793654621017005, 0.289307722956551, 0.424212672013888, 0.826299816289125, 0.437701368908259, 0.358978809490324, 0.754289644655906, 0.259267531921746, 0.0560564315207565, 0.940424068803165, 0.27552733396903, 0.621631617015987, 0.382399703088403 );
insert into FIR.INVOICE_RAW values(10122, 1000495, 1, 12091242, to_date('23.02.2014', 'dd.mm.yyyy'), to_date('10.08.2012', 'dd.mm.yyyy'), '19', '1800945', to_date('08.11.2012', 'dd.mm.yyyy'), 7, to_date('15.02.2013', 'dd.mm.yyyy'), '131182180064', to_date('11.10.2013', 'dd.mm.yyyy'), 19, to_date('17.04.2013', 'dd.mm.yyyy'), '769018', to_date('28.02.2012', 'dd.mm.yyyy'), to_date('08.11.2012', 'dd.mm.yyyy'), '755410201665', '287478454', 'ef99a3cd-ca21-4654-b7e3-0528a5e2d7b9', '329698997400', '246579735', '7c36cebe-7566-464b-870e-d855f23e2d9e', '4059742', to_date('12.11.2012', 'dd.mm.yyyy'), '427289525488', '476652970', '89dc67b6-4870-42df-9a57-fba56536f0a8', 129, '62179495-e9c8-4c02-bde8-8b3f5a4c54de', '41', 0.42787700073229, 0.80583445858482, 0.351194961625708, 0.541827009777458, 0.316037148850056, 0.0479348786398465, 0.419826927790338, 0.102977660998226, 0.678705424852066, 0.354622856413304, 0.78008004733365, 0.672406613208543, 0.0286161257087328, 0.578810432729689, 0.264378011349765, 0.684520290551949 );
insert into FIR.INVOICE_RAW values(10123, 1000495, 1, 44001622, to_date('06.03.2013', 'dd.mm.yyyy'), to_date('02.12.2013', 'dd.mm.yyyy'), '12', '3257428', to_date('12.04.2014', 'dd.mm.yyyy'), 3, to_date('18.02.2012', 'dd.mm.yyyy'), '741258261207', to_date('28.05.2014', 'dd.mm.yyyy'), 12, to_date('18.12.2012', 'dd.mm.yyyy'), '7755468', to_date('13.01.2014', 'dd.mm.yyyy'), to_date('23.02.2012', 'dd.mm.yyyy'), '355163731968', '798105763', '763b5ee4-6c51-4d32-94d9-2c15e0edc005', '165549792636', '616255973', '8d5b8510-bb6f-4de9-9710-06a6d272fbef', '9812539', to_date('23.12.2012', 'dd.mm.yyyy'), '802406349486', '643877519', 'bb820210-933f-497f-b94e-568144c25528', 164, '80ea13c1-adb1-43b6-9eea-4e81173a4985', '55', 0.630223905961134, 0.814501031215536, 0.04884920783753, 0.374592194042444, 0.183487929954886, 0.58281117378865, 0.409098399062221, 0.693696931327552, 0.679395382608937, 0.301439916855395, 0.290962527641543, 0.850887174648646, 0.853263179703272, 0.742488922897023, 0.427650769440295, 0.379827428320342 );
insert into FIR.INVOICE_RAW values(10124, 1000495, 3, 2562496, to_date('13.06.2013', 'dd.mm.yyyy'), to_date('07.08.2013', 'dd.mm.yyyy'), '8', '6120786', to_date('30.09.2012', 'dd.mm.yyyy'), 7, to_date('20.09.2013', 'dd.mm.yyyy'), '863815736438', to_date('31.05.2012', 'dd.mm.yyyy'), 2, to_date('26.06.2014', 'dd.mm.yyyy'), '8335428', to_date('25.12.2012', 'dd.mm.yyyy'), to_date('01.07.2012', 'dd.mm.yyyy'), '817373309100', '393097531', 'cb57f2d9-9450-42a6-8421-c0ad7aaf5946', '318245638952', '343701693', '0058298b-9ccc-4609-a22b-2ca0bf6bf72d', '631262', to_date('25.05.2013', 'dd.mm.yyyy'), '969436618737', '832711380', 'ba23cde4-9b1f-47d1-b0e7-fef592397176', 81, '3733bde4-13e5-466a-bb3d-939bc83bc89d', '44', 0.0285591450652849, 0.900276531418914, 0.184348885521455, 0.668679452346954, 0.319120215866305, 0.896884913508261, 0.563750671019662, 0.0676259254420297, 0.859937847992376, 0.940221460508286, 0.209099544309592, 0.767303002889875, 0.605057446567834, 0.733798566616046, 0.375130937143756, 0.208700017635105 );
insert into FIR.INVOICE_RAW values(10125, 1000495, 3, 42654046, to_date('04.10.2012', 'dd.mm.yyyy'), to_date('10.04.2014', 'dd.mm.yyyy'), '12', '8114752', to_date('10.12.2012', 'dd.mm.yyyy'), 9, to_date('08.03.2014', 'dd.mm.yyyy'), '516730703966', to_date('16.07.2012', 'dd.mm.yyyy'), 9, to_date('04.07.2012', 'dd.mm.yyyy'), '4642054', to_date('07.11.2013', 'dd.mm.yyyy'), to_date('01.09.2012', 'dd.mm.yyyy'), '453542627641', '805501542', 'cd10b9c5-c729-49a0-aa6a-9ef4ef95f5c4', '256091370236', '342728921', 'd0feedfc-5232-4659-aaa0-6941f24f3fb9', '5682956', to_date('18.08.2012', 'dd.mm.yyyy'), '691149676160', '773542432', 'c6ce59e4-a8d1-4b6b-9959-d59386d24190', 19, '7c25f8b8-5af7-4d95-a02a-6aeb877beca9', '19', 0.119142363834727, 0.98508747014454, 0.311685705236944, 0.722732446492991, 0.729335887697216, 0.62933024653668, 0.108573329685523, 0.885853396675481, 0.627024532122083, 0.471970359548913, 0.636011648753663, 0.681054635756209, 0.646901962182904, 0.872324552793207, 0.149051136406628, 0.603730243911841 );
insert into FIR.INVOICE_RAW values(10126, 1000495, 2, 42769081, to_date('13.01.2014', 'dd.mm.yyyy'), to_date('26.07.2014', 'dd.mm.yyyy'), '9', '8565322', to_date('09.03.2014', 'dd.mm.yyyy'), 3, to_date('26.05.2013', 'dd.mm.yyyy'), '224603978357', to_date('20.01.2013', 'dd.mm.yyyy'), 18, to_date('11.02.2013', 'dd.mm.yyyy'), '6250046', to_date('22.06.2013', 'dd.mm.yyyy'), to_date('29.05.2014', 'dd.mm.yyyy'), '536738252130', '108840571', '1d0d695f-436c-4179-878d-8cab905010be', '518260167344', '276911575', 'f25d2618-5327-428e-bc18-f2475c5dd262', '4631172', to_date('23.11.2013', 'dd.mm.yyyy'), '382123158950', '776542171', 'ca0788ff-2681-453f-a6de-afd840e29299', 114, '0968eb68-2a44-4212-9c55-2214ca69a914', '45', 0.72438434591721, 0.183943743903164, 0.276584318036486, 0.0359474499877298, 0.605384282118354, 0.521568178442106, 0.326707253850394, 0.858687098537892, 0.752297349624474, 0.161224940401141, 0.0907242601228525, 0.349492561700518, 0.0798992771096059, 0.311884703259861, 0.367938029751153, 0.289405405190496 );
insert into FIR.INVOICE_RAW values(10127, 1000495, 2, 30774389, to_date('05.06.2012', 'dd.mm.yyyy'), to_date('17.06.2012', 'dd.mm.yyyy'), '5', '4708078', to_date('10.05.2014', 'dd.mm.yyyy'), 8, to_date('27.07.2013', 'dd.mm.yyyy'), '479623447801', to_date('15.08.2012', 'dd.mm.yyyy'), 25, to_date('20.04.2013', 'dd.mm.yyyy'), '6439759', to_date('01.07.2012', 'dd.mm.yyyy'), to_date('03.03.2012', 'dd.mm.yyyy'), '511988601415', '550038116', '97c5f370-30b7-410e-a91c-b47060cf6a25', '369735351480', '669580907', '402c85eb-1246-4a42-8779-d58fec47b449', '5759698', to_date('13.06.2012', 'dd.mm.yyyy'), '180475840818', '232813624', '7dd9bb7e-12cd-4b3f-afd1-9edc7cbbed16', 61, '5fac8399-9867-4865-bda3-b22fd3d4c950', '7', 0.030914655435325, 0.921201539654844, 0.1008238383107, 0.353188820347744, 0.276764950843884, 0.422625640138344, 0.57210839147312, 0.708447250867471, 0.127899543441785, 0.0124527826031916, 0.671751088775578, 0.905926580962691, 0.47978694619601, 0.0252278363449629, 0.0276180184574882, 0.557488431016676 );
insert into FIR.INVOICE_RAW values(10128, 1000495, 1, 14050363, to_date('25.04.2014', 'dd.mm.yyyy'), to_date('18.01.2012', 'dd.mm.yyyy'), '11', '3503732', to_date('21.08.2014', 'dd.mm.yyyy'), 3, to_date('23.06.2012', 'dd.mm.yyyy'), '515901965318', to_date('05.01.2012', 'dd.mm.yyyy'), 2, to_date('20.09.2012', 'dd.mm.yyyy'), '2189695', to_date('04.03.2013', 'dd.mm.yyyy'), to_date('28.02.2012', 'dd.mm.yyyy'), '626719211492', '211283874', 'ee0f8aac-c113-448d-a758-0adf8e79d23b', '121716251564', '525153670', '6f930a37-45dd-445f-9693-8600d9004777', '5624169', to_date('15.02.2013', 'dd.mm.yyyy'), '544962434739', '159892527', 'e1f2c746-dee7-4452-9352-af79d346ef9f', 80, '48880f06-38df-4429-b639-8706569aa7e6', '56', 0.371457703118891, 0.64021861722703, 0.429103550700985, 0.48291107429327, 0.74051745270403, 0.0361839984712116, 0.754420648214603, 0.116661179399426, 0.56612769680383, 0.465449372988869, 0.80007646689195, 0.656241171367579, 0.558013347237377, 0.545280993704349, 0.429422991084598, 0.460736877499491 );
insert into FIR.INVOICE_RAW values(10129, 1000495, 2, 47718163, to_date('18.07.2012', 'dd.mm.yyyy'), to_date('08.04.2012', 'dd.mm.yyyy'), '11', '5771345', to_date('09.03.2013', 'dd.mm.yyyy'), 7, to_date('17.12.2012', 'dd.mm.yyyy'), '611174771416', to_date('21.11.2012', 'dd.mm.yyyy'), 9, to_date('20.02.2014', 'dd.mm.yyyy'), '1601564', to_date('15.05.2013', 'dd.mm.yyyy'), to_date('20.11.2013', 'dd.mm.yyyy'), '803006827948', '974329478', '7cdedf28-c2f5-494d-aad8-39745a1d6c35', '839530758266', '868510508', 'e7d9da87-28e5-442c-9b70-10094c8bab40', '1082646', to_date('10.05.2014', 'dd.mm.yyyy'), '167247495043', '569321458', '6878586d-ec8b-4e86-b232-91db12952cb8', 60, '0ce56c37-590f-42ca-a268-8e1ffa6aa986', '86', 0.438838952890988, 0.067685212971496, 0.647381359547088, 0.563530480285888, 0.954950664637122, 0.614981833666089, 0.400130482576848, 0.768385428827436, 0.206192766877912, 0.0336121153242942, 0.46730539317583, 0.532671861598581, 0.56292586008223, 0.13613965042687, 0.344635544039605, 0.986609863111102 );
insert into FIR.INVOICE_RAW values(10130, 1000495, 2, 35647202, to_date('16.04.2012', 'dd.mm.yyyy'), to_date('28.04.2012', 'dd.mm.yyyy'), '3', '4468133', to_date('07.04.2013', 'dd.mm.yyyy'), 9, to_date('13.03.2014', 'dd.mm.yyyy'), '886122801177', to_date('12.04.2013', 'dd.mm.yyyy'), 28, to_date('02.02.2013', 'dd.mm.yyyy'), '3233080', to_date('05.11.2012', 'dd.mm.yyyy'), to_date('14.04.2014', 'dd.mm.yyyy'), '934878704479', '990899592', 'e5156bb7-2744-4557-886a-8ed63184ffd5', '396235647593', '639561106', '1c98129c-4b67-4968-afb9-48b1ce681d2a', '6663344', to_date('17.10.2012', 'dd.mm.yyyy'), '578594480555', '156762447', '277bea91-718a-491e-91b6-b2abc8070ab5', 86, '28ba933b-b189-4d7b-a104-5c9fa0308d47', '77', 0.512290913850204, 0.0571123301317507, 0.648407352924537, 0.283401517329459, 0.951260575070633, 0.467998385647311, 0.0387298343883501, 0.362496012059271, 0.975174671027425, 0.10279418998528, 0.0395593447794948, 0.662448263569944, 0.0985856932115674, 0.0899422406637772, 0.350046323775335, 0.196923265790997 );
insert into FIR.INVOICE_RAW values(10131, 1000495, 1, 39942162, to_date('30.09.2013', 'dd.mm.yyyy'), to_date('01.04.2013', 'dd.mm.yyyy'), '1', '6149996', to_date('05.06.2013', 'dd.mm.yyyy'), 2, to_date('21.01.2012', 'dd.mm.yyyy'), '105257254081', to_date('07.03.2013', 'dd.mm.yyyy'), 15, to_date('07.09.2012', 'dd.mm.yyyy'), '6588398', to_date('20.09.2012', 'dd.mm.yyyy'), to_date('23.05.2014', 'dd.mm.yyyy'), '395176926925', '237666568', '94dd63f3-4bb7-418a-a3f4-591a3f177c9f', '114076324829', '693950755', 'f4c7c7ec-c87e-4061-8399-6fcd6fbea2c2', '6281085', to_date('19.12.2012', 'dd.mm.yyyy'), '235171590347', '132561299', 'b2887427-2c52-46c4-8549-fe058ac53f5b', 9, 'bd45779a-27b5-47d7-b95a-b4f4ac247e5f', '79', 0.816018548242756, 0.64461841184861, 0.725655631034475, 0.882836462409625, 0.957893599736455, 0.170740501103336, 0.0593971917682314, 0.0537957586598563, 0.974311313114274, 0.799881326407139, 0.966776670872596, 0.487729942187541, 0.391238824180904, 0.432797691520675, 0.189977257135314, 0.277613030875853 );
insert into FIR.INVOICE_RAW values(10132, 1000495, 1, 27677091, to_date('07.06.2013', 'dd.mm.yyyy'), to_date('06.12.2012', 'dd.mm.yyyy'), '15', '6821962', to_date('07.03.2013', 'dd.mm.yyyy'), 3, to_date('23.03.2012', 'dd.mm.yyyy'), '757110252709', to_date('08.04.2012', 'dd.mm.yyyy'), 24, to_date('15.12.2012', 'dd.mm.yyyy'), '3908030', to_date('09.06.2013', 'dd.mm.yyyy'), to_date('07.11.2012', 'dd.mm.yyyy'), '350729122416', '881966934', '945bde80-e269-42f1-8e5e-dc9e3bbba646', '906980988947', '632574318', 'ba810329-8398-4530-a3b2-ec35f13cfac8', '6634273', to_date('27.06.2013', 'dd.mm.yyyy'), '280152790402', '101245200', '0b2a276a-a0b2-41ca-8d46-68d38c594f6c', 159, '6680fa5b-53b9-47ae-ab13-9a1d34c776cf', '21', 0.217607689657066, 0.701845794777314, 0.190426580696565, 0.811758662020675, 0.964183268120598, 0.558319137226007, 0.622757714997398, 0.242022487913269, 0.678430044408156, 0.316707323452787, 0.18997538610826, 0.626610685897344, 0.415271741997112, 0.0693645291353411, 0.0201464202348825, 0.425473049481154 );
insert into FIR.INVOICE_RAW values(10133, 1000540, 3, 11794408, to_date('23.05.2013', 'dd.mm.yyyy'), to_date('30.10.2013', 'dd.mm.yyyy'), '8', '9677442', to_date('24.12.2013', 'dd.mm.yyyy'), 5, to_date('10.01.2014', 'dd.mm.yyyy'), '673723632559', to_date('28.12.2012', 'dd.mm.yyyy'), 26, to_date('26.10.2012', 'dd.mm.yyyy'), '2199238', to_date('14.02.2013', 'dd.mm.yyyy'), to_date('12.06.2013', 'dd.mm.yyyy'), '857464231037', '454359102', 'd97f3e2b-bcd2-4f1a-ad1d-b299b7c31b7d', '722066153543', '702941513', 'a04c0bff-40b9-4f84-b869-cf7e7600d421', '8240375', to_date('25.03.2013', 'dd.mm.yyyy'), '177004217094', '968982702', '8fc8d0b4-5fd5-43d2-8fe5-d549b18a50ec', 169, '952c7f68-9495-4143-9e35-78855a69e745', '26', 0.723131527995286, 0.388587183499982, 0.658214374286222, 0.429977899151844, 0.141273938185197, 0.0262881107750759, 0.0655426089957089, 0.102706128779196, 0.0775128831516546, 0.766527902691871, 0.456252066165326, 0.547061779791052, 0.877237222100253, 0.72915900253186, 0.295144486844141, 0.355456417126328 );
insert into FIR.INVOICE_RAW values(10134, 1000540, 3, 7781782, to_date('08.06.2012', 'dd.mm.yyyy'), to_date('31.03.2013', 'dd.mm.yyyy'), '10', '1210201', to_date('16.04.2012', 'dd.mm.yyyy'), 5, to_date('15.07.2014', 'dd.mm.yyyy'), '963842418545', to_date('01.08.2014', 'dd.mm.yyyy'), 16, to_date('10.04.2012', 'dd.mm.yyyy'), '9439426', to_date('26.04.2012', 'dd.mm.yyyy'), to_date('15.06.2012', 'dd.mm.yyyy'), '660112462905', '867501517', '6d95bf68-cf3c-41c6-9e9d-0e1c2ef2ded7', '656754791346', '807762832', 'cc9d208c-8cc5-410d-9d9d-754455fa9df6', '920885', to_date('15.09.2013', 'dd.mm.yyyy'), '180290897450', '661875580', '9becc88f-76c4-40bd-b92b-f1f7cb74ebcf', 71, '78182751-37a1-40df-9b4e-3e284081bd0b', '12', 0.971764651579673, 0.301107507339263, 0.790291962116161, 0.00881869253181792, 0.341916934280618, 0.839266955312, 0.913764241577016, 0.278740502558062, 0.230913529280067, 0.728971230205601, 0.181104083164178, 0.727711272764816, 0.826029355556718, 0.131007917752027, 0.560400234796293, 0.232056849744197 );
insert into FIR.INVOICE_RAW values(10135, 1000540, 3, 49193334, to_date('04.09.2012', 'dd.mm.yyyy'), to_date('15.04.2014', 'dd.mm.yyyy'), '1', '1553649', to_date('20.06.2014', 'dd.mm.yyyy'), 8, to_date('23.01.2013', 'dd.mm.yyyy'), '709967672463', to_date('24.03.2012', 'dd.mm.yyyy'), 23, to_date('02.09.2013', 'dd.mm.yyyy'), '812134', to_date('27.07.2014', 'dd.mm.yyyy'), to_date('06.03.2013', 'dd.mm.yyyy'), '809024285655', '463015389', 'c98e47c1-8584-4947-a408-def4882d98c0', '951604317884', '466472228', '0a3e0952-a424-4274-955b-5d18e68ed5ad', '5076173', to_date('19.02.2012', 'dd.mm.yyyy'), '565398398719', '710502968', '485077be-ed7a-4620-bdaa-4e2b969891e2', 121, '30de7a62-84d0-496c-a581-3520e62278cc', '32', 0.512682206701805, 0.163377534674191, 0.0914955879987662, 0.879326326716378, 0.0367919285953007, 0.43382603462498, 0.740457112314392, 0.871539076264733, 0.212515858100967, 0.797933226822844, 0.251269789063963, 0.307639308882709, 0.0854384964729838, 0.741094780033964, 0.351989626117046, 0.96702900713637 );
insert into FIR.INVOICE_RAW values(10136, 1000540, 2, 8570888, to_date('07.02.2014', 'dd.mm.yyyy'), to_date('09.06.2013', 'dd.mm.yyyy'), '10', '5040173', to_date('07.11.2013', 'dd.mm.yyyy'), 1, to_date('28.03.2014', 'dd.mm.yyyy'), '546371437822', to_date('18.01.2013', 'dd.mm.yyyy'), 28, to_date('08.10.2012', 'dd.mm.yyyy'), '5422134', to_date('12.01.2013', 'dd.mm.yyyy'), to_date('23.05.2014', 'dd.mm.yyyy'), '305207212219', '463450356', '28a2afab-3f90-4861-bf9f-738988d58c22', '485109152866', '686263617', '5944cabc-5bdc-4bd9-8a02-cb629c1d2822', '8793076', to_date('03.08.2014', 'dd.mm.yyyy'), '824470971930', '193539220', 'f8f54946-35e3-41be-a914-488f1df9f761', 150, '3723bb87-c84d-42f0-bb7c-f5f14da50a0c', '24', 0.553909062200184, 0.143555465221198, 0.163545634673697, 0.730236661960481, 0.698569239442502, 0.492156336778848, 0.868844541194311, 0.721491742749462, 0.206311720985133, 0.310642858180517, 0.00855151191752009, 0.127522415075229, 0.407631681024857, 0.938065262482532, 0.789701296849968, 0.0782804885312358 );
insert into FIR.INVOICE_RAW values(10137, 1000540, 3, 25028582, to_date('03.02.2014', 'dd.mm.yyyy'), to_date('17.02.2014', 'dd.mm.yyyy'), '6', '5989237', to_date('30.10.2012', 'dd.mm.yyyy'), 5, to_date('02.04.2013', 'dd.mm.yyyy'), '693246786096', to_date('22.06.2013', 'dd.mm.yyyy'), 8, to_date('30.03.2014', 'dd.mm.yyyy'), '870768', to_date('25.04.2012', 'dd.mm.yyyy'), to_date('17.08.2014', 'dd.mm.yyyy'), '800902828846', '674644655', '2ccf8f30-7927-4b58-be90-e4c1c9f4a80e', '526055582046', '730428995', '2e570b80-4ee1-483c-ab56-5f5368ea7f05', '5579421', to_date('03.04.2014', 'dd.mm.yyyy'), '229895426236', '784471642', 'c030b000-0aa6-40ac-9367-8ce8932bca62', 32, '89fc3cba-69de-43bb-9a9d-c863337e8a2f', '3', 0.968432365436308, 0.873202371351981, 0.496743016176272, 0.0431418558783558, 0.342873431901854, 0.928740573082464, 0.791911528348882, 0.303729440692686, 0.110646423469599, 0.299295976431712, 0.0941875321297848, 0.222692553523319, 0.121228128262436, 0.0479914201647003, 0.179729578168937, 0.678181928432631 );
insert into FIR.INVOICE_RAW values(10138, 1000540, 3, 5167676, to_date('04.03.2014', 'dd.mm.yyyy'), to_date('05.05.2014', 'dd.mm.yyyy'), '9', '6714760', to_date('11.09.2013', 'dd.mm.yyyy'), 3, to_date('07.04.2014', 'dd.mm.yyyy'), '416754344571', to_date('30.07.2013', 'dd.mm.yyyy'), 22, to_date('21.01.2012', 'dd.mm.yyyy'), '2397513', to_date('15.07.2013', 'dd.mm.yyyy'), to_date('08.08.2014', 'dd.mm.yyyy'), '167120167764', '241339257', '776e2a5f-e401-48f7-8b11-104f497391d0', '872009703678', '328373421', 'fa8dccb1-a677-4072-a277-3fcf5822495a', '2906727', to_date('26.08.2013', 'dd.mm.yyyy'), '628233755895', '581408741', '415d4011-c2e1-4952-975c-cdf7c22515ea', 180, '4957b2cc-3360-4040-a89b-60f255ebc885', '89', 0.776205454383141, 0.997502499724507, 0.940684349714166, 0.952235264215728, 0.552763076290844, 0.35038980857953, 0.298146507375942, 0.901057667052866, 0.348719408898018, 0.49351660697419, 0.452749799682177, 0.598790359962168, 0.70033111921527, 0.515529848875259, 0.418985089482267, 0.295807852547526 );
insert into FIR.INVOICE_RAW values(10139, 1000540, 2, 47554861, to_date('01.07.2014', 'dd.mm.yyyy'), to_date('24.08.2014', 'dd.mm.yyyy'), '12', '263004', to_date('01.07.2013', 'dd.mm.yyyy'), 6, to_date('09.11.2012', 'dd.mm.yyyy'), '634156438802', to_date('18.03.2013', 'dd.mm.yyyy'), 4, to_date('24.01.2014', 'dd.mm.yyyy'), '2867121', to_date('03.08.2014', 'dd.mm.yyyy'), to_date('03.07.2012', 'dd.mm.yyyy'), '102629437844', '181276657', '727bc7a0-1678-43ae-9eaa-a569653cebe8', '559071546473', '606383944', '9a1858e7-0822-4a99-bc2f-463b36d2425e', '1448270', to_date('17.09.2013', 'dd.mm.yyyy'), '970178886429', '944464578', '262e3a82-5261-47c4-8f48-9c1baed030af', 156, 'c80643ba-72b5-4c3a-8a67-6fa100206fc1', '98', 0.946895979320116, 0.67318366778697, 0.87861262628744, 0.441741883494771, 0.406595118998827, 0.609525085245038, 0.422411853644257, 0.356949865052919, 0.530880186022669, 0.672863745909586, 0.846955614558866, 0.379904759759039, 0.779680591905341, 0.544174146626226, 0.199296718556106, 0.818880968642831 );
insert into FIR.INVOICE_RAW values(10140, 1000540, 1, 38584204, to_date('20.12.2013', 'dd.mm.yyyy'), to_date('12.11.2012', 'dd.mm.yyyy'), '15', '1847003', to_date('04.06.2012', 'dd.mm.yyyy'), 2, to_date('25.05.2014', 'dd.mm.yyyy'), '869380233883', to_date('05.02.2012', 'dd.mm.yyyy'), 8, to_date('23.03.2014', 'dd.mm.yyyy'), '2295457', to_date('17.09.2013', 'dd.mm.yyyy'), to_date('15.07.2012', 'dd.mm.yyyy'), '661580607074', '261332148', 'd8b1f7b4-e8c7-4fdc-a1da-a6582fb08e2c', '725107779889', '989703906', '37aa68db-df92-488b-ad60-15622d0c097e', '4960836', to_date('23.08.2012', 'dd.mm.yyyy'), '587078911980', '415727343', 'e3e3ef8d-0043-4b67-8718-504bf521a19c', 32, '3789958c-69c1-4c07-b074-cd311b7f6a0b', '87', 0.0310691842022674, 0.95363337963523, 0.218824526396964, 0.269767137369964, 0.0820979187647337, 0.0465165106796271, 0.389300176123763, 0.0579438945548348, 0.467673082588088, 0.584495675556593, 0.434063501858182, 0.992677384984064, 0.724131242709296, 0.936251756705461, 0.497852927305667, 0.666347537500014 );
insert into FIR.INVOICE_RAW values(10141, 1000540, 3, 42506997, to_date('23.01.2013', 'dd.mm.yyyy'), to_date('17.03.2014', 'dd.mm.yyyy'), '10', '4358766', to_date('09.10.2013', 'dd.mm.yyyy'), 6, to_date('02.07.2012', 'dd.mm.yyyy'), '214515953661', to_date('07.10.2012', 'dd.mm.yyyy'), 20, to_date('11.04.2014', 'dd.mm.yyyy'), '1910100', to_date('18.11.2013', 'dd.mm.yyyy'), to_date('05.11.2012', 'dd.mm.yyyy'), '341548832138', '445548422', '9ad97ee8-1a2a-4322-97cb-4c65ee08e5fb', '236481265394', '184959201', '69dbfc3d-648e-4595-a211-f051806daae2', '3027967', to_date('04.04.2014', 'dd.mm.yyyy'), '258067962206', '675285413', '17402f4b-a92a-4966-8866-d539a3cf4000', 42, '50e98278-a004-420c-9547-dec5d7b2c61f', '34', 0.577333464556063, 0.986812243697612, 0.0704819695420945, 0.743143882948506, 0.376951021783497, 0.343438167284912, 0.675530734320884, 0.721203683280015, 0.414770355641269, 0.582905282072213, 0.790106785385919, 0.616583383929256, 0.619635739186609, 0.502491528867973, 0.8752847760335, 0.906737325203948 );
insert into FIR.INVOICE_RAW values(10142, 1000540, 3, 43231592, to_date('18.08.2012', 'dd.mm.yyyy'), to_date('19.01.2013', 'dd.mm.yyyy'), '17', '8009036', to_date('18.05.2013', 'dd.mm.yyyy'), 5, to_date('16.12.2012', 'dd.mm.yyyy'), '824522842307', to_date('24.09.2012', 'dd.mm.yyyy'), 8, to_date('21.03.2014', 'dd.mm.yyyy'), '2747450', to_date('14.04.2014', 'dd.mm.yyyy'), to_date('30.01.2013', 'dd.mm.yyyy'), '762106661798', '490006331', '822d5532-330c-4a47-a42e-727520736762', '381064630960', '801508956', '35e80a80-9618-4cbc-b672-9f4b78c88177', '9135918', to_date('31.10.2013', 'dd.mm.yyyy'), '865097604691', '168485671', 'a602dc5e-375b-4a30-b352-965a94ddc276', 14, '61e7aba4-9eae-47ec-aace-9aac5c2768a9', '35', 0.996878820004351, 0.353829449207443, 0.91076136190014, 0.667732384832451, 0.933408298498675, 0.953978523124931, 0.344994550265835, 0.702687742981449, 0.700992278615475, 0.0957021848744257, 0.524309863580535, 0.959818437676792, 0.665903716192536, 0.0351543030865278, 0.725119793193936, 0.686688927787677 );
insert into FIR.INVOICE_RAW values(10143, 1000540, 3, 28819749, to_date('09.08.2012', 'dd.mm.yyyy'), to_date('08.08.2012', 'dd.mm.yyyy'), '6', '124622', to_date('11.08.2013', 'dd.mm.yyyy'), 9, to_date('25.04.2012', 'dd.mm.yyyy'), '755080166524', to_date('12.01.2013', 'dd.mm.yyyy'), 13, to_date('23.12.2012', 'dd.mm.yyyy'), '4116238', to_date('18.08.2014', 'dd.mm.yyyy'), to_date('13.06.2012', 'dd.mm.yyyy'), '735103441191', '994448154', 'efb74c89-53c8-4fa4-b7e6-01eef1d0fc3c', '355775566127', '946466304', 'd7970ca5-a44d-4740-bf28-c582a0f46b7b', '2542373', to_date('09.11.2012', 'dd.mm.yyyy'), '295356546833', '145255905', '3552fc3d-16dd-4e13-aa32-54ee790009b9', 150, '32dd366a-0c76-4f4a-8cfc-b61360b11664', '25', 0.874484283325488, 0.999732675030703, 0.627738146403682, 0.809924783562275, 0.903691454745686, 0.0210528764971778, 0.0403804215790613, 0.411857750924238, 0.09669090299713, 0.401947108750207, 0.0232541314434512, 0.634488284417656, 0.323186800965661, 0.997516256290263, 0.734230782712917, 0.0825043409515658 );
insert into FIR.INVOICE_RAW values(10144, 1000585, 2, 44269095, to_date('24.11.2012', 'dd.mm.yyyy'), to_date('21.08.2012', 'dd.mm.yyyy'), '16', '6398591', to_date('09.02.2012', 'dd.mm.yyyy'), 3, to_date('24.01.2012', 'dd.mm.yyyy'), '821479620951', to_date('31.08.2013', 'dd.mm.yyyy'), 10, to_date('27.12.2012', 'dd.mm.yyyy'), '2406943', to_date('25.10.2013', 'dd.mm.yyyy'), to_date('07.09.2013', 'dd.mm.yyyy'), '103462469476', '277112494', '7be89f3b-db3c-4ad3-899a-70c8af14aeaf', '936755645246', '869731181', '2bd8cad3-80a5-4c5c-8d50-17b29baaf5be', '2781596', to_date('29.05.2013', 'dd.mm.yyyy'), '613504184973', '818982848', '0dae7c5b-047d-40d7-a9dc-c7e9eb2d5bd8', 41, '998d12db-ab8c-4874-ba3b-64c2dd62db7f', '98', 0.849868623935556, 0.886314655135532, 0.214956177498659, 0.757807466554366, 0.708080543534868, 0.477917863744273, 0.849127347045172, 0.732826616490645, 0.109460681727836, 0.561217429377706, 0.429312108750135, 0.99698953470075, 0.498568414011304, 0.636910750361584, 0.613398796233069, 0.687723412964364 );
insert into FIR.INVOICE_RAW values(10145, 1000585, 2, 1025193, to_date('08.04.2013', 'dd.mm.yyyy'), to_date('27.07.2013', 'dd.mm.yyyy'), '8', '7320599', to_date('20.10.2013', 'dd.mm.yyyy'), 9, to_date('06.10.2012', 'dd.mm.yyyy'), '258876944747', to_date('17.09.2013', 'dd.mm.yyyy'), 11, to_date('30.01.2013', 'dd.mm.yyyy'), '3018944', to_date('18.11.2013', 'dd.mm.yyyy'), to_date('20.09.2012', 'dd.mm.yyyy'), '611048706063', '458374398', 'c17076e0-67d7-45a4-812d-f1d291f86904', '895512779796', '376101715', '24134045-801f-4bd8-8be1-360ac58ccb4f', '9208858', to_date('25.09.2012', 'dd.mm.yyyy'), '568411375390', '291200754', 'b735a95f-a5ec-4437-8c5c-31dc27473d54', 3, '36531e2b-45af-4f73-9150-34d5825a9a68', '79', 0.385178351954174, 0.610189670049674, 0.606939590818686, 0.798952567763139, 0.523242539969852, 0.893550956572197, 0.988449311344162, 0.8045166711344, 0.469058415139587, 0.316820189038674, 0.496906629994934, 0.868415053872585, 0.954138074980182, 0.015258671722961, 0.0131664346033551, 0.0487204962636905 );
insert into FIR.INVOICE_RAW values(10146, 1000585, 3, 35941763, to_date('15.10.2013', 'dd.mm.yyyy'), to_date('27.04.2014', 'dd.mm.yyyy'), '6', '2078085', to_date('12.04.2013', 'dd.mm.yyyy'), 9, to_date('27.09.2012', 'dd.mm.yyyy'), '560682808804', to_date('18.11.2013', 'dd.mm.yyyy'), 29, to_date('22.10.2012', 'dd.mm.yyyy'), '6734632', to_date('02.12.2012', 'dd.mm.yyyy'), to_date('31.03.2012', 'dd.mm.yyyy'), '509712323754', '239768498', '0d21b41b-ecb2-47f6-a2ad-67b7bbf70bc3', '163776463479', '454878301', '2a93c10f-8d8a-4f02-afe7-d9db3bca4f0f', '6847783', to_date('12.01.2012', 'dd.mm.yyyy'), '457224580731', '110398685', '0e5b82a6-8034-476b-9d23-243423cf0c70', 139, 'fd51e47e-aafb-434b-87be-4f8281db3701', '94', 0.452508525667949, 0.393271001704629, 0.821500351569383, 0.467926001394133, 0.110032870019801, 0.376217792451483, 0.508961328542308, 0.861244093562124, 0.683743132131055, 0.041697122641698, 0.666258098867842, 0.945323972006014, 0.185960388828982, 0.047958149131368, 0.00379007635814607, 0.621104839081459 );
insert into FIR.INVOICE_RAW values(10147, 1000585, 3, 47973907, to_date('01.08.2012', 'dd.mm.yyyy'), to_date('02.03.2012', 'dd.mm.yyyy'), '6', '4627761', to_date('08.04.2012', 'dd.mm.yyyy'), 5, to_date('09.10.2012', 'dd.mm.yyyy'), '841374944027', to_date('30.11.2012', 'dd.mm.yyyy'), 7, to_date('26.06.2012', 'dd.mm.yyyy'), '7034478', to_date('29.04.2013', 'dd.mm.yyyy'), to_date('31.07.2014', 'dd.mm.yyyy'), '497212886619', '841100249', 'cbfcbb07-b15f-4a3e-bf09-8afec559bf39', '993407528541', '602701988', '6a04d35f-28ed-4413-af1e-94fec254d802', '6095385', to_date('15.12.2013', 'dd.mm.yyyy'), '907750433716', '516820222', 'd9645009-df1a-45bf-9d77-1ae4752c3901', 101, '35a5ce98-d55f-4774-a55a-4976d141632f', '1', 0.233442370888517, 0.949826430505992, 0.935445567562918, 0.861967153782941, 0.638968567661461, 0.393715802763456, 0.0605295892155401, 0.847497145574306, 0.923579752875296, 0.581656152653348, 0.412423565710161, 0.572185050496918, 0.178259996780315, 0.803651813326241, 0.121551838294394, 0.0500667030224887 );
insert into FIR.INVOICE_RAW values(10148, 1000585, 1, 3643880, to_date('22.04.2014', 'dd.mm.yyyy'), to_date('27.06.2013', 'dd.mm.yyyy'), '1', '7652267', to_date('24.10.2012', 'dd.mm.yyyy'), 7, to_date('25.03.2013', 'dd.mm.yyyy'), '994401562124', to_date('21.07.2012', 'dd.mm.yyyy'), 1, to_date('18.08.2014', 'dd.mm.yyyy'), '781603', to_date('19.08.2014', 'dd.mm.yyyy'), to_date('14.12.2013', 'dd.mm.yyyy'), '732496313191', '635704280', 'a0998a4b-859c-4084-9068-dd9dc2a4e931', '388447940529', '121505291', '90c34c11-c10f-41ea-8e3b-b71f616f0bdb', '1336557', to_date('15.09.2013', 'dd.mm.yyyy'), '443677161063', '964262182', '836affe1-3bac-4683-90e4-1fc00bac3b33', 132, '4873d6a0-5ef6-4ac9-9199-65f2d72318fc', '36', 0.548909857193432, 0.769527603764798, 0.499638249398972, 0.192922730088664, 0.363408351951935, 0.351482757996527, 0.904442269310561, 0.490709796776394, 0.0511846835963357, 0.295916957918516, 0.615936592042416, 0.786116310761364, 0.175406500778816, 0.160584315266732, 0.0768360039577056, 0.779583818642229 );
insert into FIR.INVOICE_RAW values(10149, 1000585, 3, 15573492, to_date('12.05.2012', 'dd.mm.yyyy'), to_date('10.12.2012', 'dd.mm.yyyy'), '5', '1390273', to_date('23.08.2014', 'dd.mm.yyyy'), 1, to_date('27.07.2013', 'dd.mm.yyyy'), '896895272745', to_date('06.02.2013', 'dd.mm.yyyy'), 15, to_date('21.03.2013', 'dd.mm.yyyy'), '7593169', to_date('02.05.2014', 'dd.mm.yyyy'), to_date('16.03.2012', 'dd.mm.yyyy'), '426591781509', '219736680', 'f85143b8-2a11-404a-93f4-2a7be7291b49', '926722496538', '823619743', '33a65179-4761-41f2-9f35-19295a87dec5', '3329581', to_date('09.03.2012', 'dd.mm.yyyy'), '662418575436', '493081585', 'cb21a475-df10-482a-9f2c-8316000c259f', 145, '1975d164-1c15-4884-b6c8-3377be95b7a2', '77', 0.993967190847717, 0.171275410415267, 0.0559031479320969, 0.456693348221804, 0.899248363868915, 0.728052130308026, 0.410692622145029, 0.405054975489646, 0.37949092098488, 0.697239162725042, 0.511628870624876, 0.70436786054837, 0.755552330406174, 0.485943130909439, 0.252931426397027, 0.329631372508421 );
insert into FIR.INVOICE_RAW values(10150, 1000585, 2, 9325816, to_date('25.03.2013', 'dd.mm.yyyy'), to_date('04.01.2012', 'dd.mm.yyyy'), '16', '5887721', to_date('02.11.2013', 'dd.mm.yyyy'), 2, to_date('01.05.2014', 'dd.mm.yyyy'), '166021585221', to_date('25.04.2012', 'dd.mm.yyyy'), 2, to_date('25.01.2013', 'dd.mm.yyyy'), '7907166', to_date('21.02.2014', 'dd.mm.yyyy'), to_date('21.01.2014', 'dd.mm.yyyy'), '336785641294', '186695191', '095a7008-9280-49bc-8f33-b223562afb6c', '910854233324', '735390634', '3179a4bc-f874-410b-90cd-9c3c7f0b76ee', '2323441', to_date('02.08.2014', 'dd.mm.yyyy'), '323850258521', '720127903', 'eb5da02b-2e8b-43d0-aa34-b3f352014ad5', 58, 'bf6177ca-ee09-4a65-8472-0dea4e22b67d', '95', 0.509220672542798, 0.0770884254374953, 0.616853616021971, 0.520246454756822, 0.451783455187354, 0.408735519465402, 0.636413427831798, 0.684815157058097, 0.800356165412979, 0.462734412151731, 0.00726358266885559, 0.920234081763883, 0.680097519736782, 0.976205460250473, 0.35233723388628, 0.902043342079056 );
insert into FIR.INVOICE_RAW values(10151, 1000585, 1, 9610598, to_date('23.08.2012', 'dd.mm.yyyy'), to_date('16.11.2012', 'dd.mm.yyyy'), '1', '378435', to_date('28.04.2012', 'dd.mm.yyyy'), 3, to_date('01.11.2012', 'dd.mm.yyyy'), '541131237551', to_date('12.02.2014', 'dd.mm.yyyy'), 23, to_date('01.10.2012', 'dd.mm.yyyy'), '2875507', to_date('09.01.2013', 'dd.mm.yyyy'), to_date('21.02.2013', 'dd.mm.yyyy'), '921522508870', '791484901', '6ece5648-32dc-4316-abd2-5743376ebed2', '635200926938', '728022470', '5023a21b-6403-4c68-bb7e-8853ee14c55d', '8903005', to_date('24.01.2013', 'dd.mm.yyyy'), '167301884856', '692062314', '7598fcc4-5e70-4b7a-8876-1274db7e8033', 125, '2f2b8369-6066-4386-8b5e-80cb54191949', '59', 0.825411157135578, 0.555303325669516, 0.647819508168762, 0.240575600527495, 0.252050042269775, 0.59803486782966, 0.249272521235641, 0.481477347426804, 0.900290556671233, 0.0172887821762305, 0.533956817599925, 0.291039398541227, 0.687609890796062, 0.492146427506649, 0.411301588831144, 0.666373126519086 );
insert into FIR.INVOICE_RAW values(10152, 1000585, 2, 5636523, to_date('01.01.2012', 'dd.mm.yyyy'), to_date('05.08.2012', 'dd.mm.yyyy'), '4', '4806182', to_date('12.06.2014', 'dd.mm.yyyy'), 2, to_date('02.11.2013', 'dd.mm.yyyy'), '112367731287', to_date('22.05.2013', 'dd.mm.yyyy'), 28, to_date('29.05.2014', 'dd.mm.yyyy'), '7412881', to_date('03.07.2012', 'dd.mm.yyyy'), to_date('15.03.2014', 'dd.mm.yyyy'), '938400216670', '973307169', 'af032ccf-1b00-4403-951e-65ff9dfc94e6', '431445844596', '650701843', '0b0285b2-1ac9-4681-b821-33c4e8d4b892', '8137888', to_date('18.05.2013', 'dd.mm.yyyy'), '259973602904', '248978807', 'd627620d-8724-49e4-b38a-130103b1c3dd', 189, '1bb8269d-7be3-417c-a4b8-89881c90964d', '8', 0.793015879948165, 0.569969765176051, 0.281736540739302, 0.385490736172297, 0.19568513063513, 0.830683215908093, 0.564579208178716, 0.316947729008714, 0.127926564369316, 0.749141509993533, 0.459404642441964, 0.246824123545934, 0.772912530588411, 0.0619773287614702, 0.963304461894233, 0.0749932686216166 );
insert into FIR.INVOICE_RAW values(10153, 1000585, 3, 9135292, to_date('19.04.2014', 'dd.mm.yyyy'), to_date('19.12.2013', 'dd.mm.yyyy'), '6', '8773016', to_date('24.11.2013', 'dd.mm.yyyy'), 4, to_date('18.07.2012', 'dd.mm.yyyy'), '584016542191', to_date('16.08.2014', 'dd.mm.yyyy'), 8, to_date('14.08.2013', 'dd.mm.yyyy'), '3967510', to_date('30.11.2013', 'dd.mm.yyyy'), to_date('24.07.2012', 'dd.mm.yyyy'), '267698216955', '480274770', '71ad1295-d6c1-41e7-bdf1-4c28e33d7bea', '583859544146', '881885856', '6de88fd4-7b14-449d-90a2-42f0f14938ae', '8318596', to_date('21.03.2014', 'dd.mm.yyyy'), '750550779393', '537222726', '0557debd-a4f0-4962-8543-44b1728d2904', 19, '8660e3d9-d2cb-4c55-ab3f-8d6af31e14d0', '13', 0.634239303709119, 0.299984040344127, 0.362465939653323, 0.0557975336237799, 0.86735081852756, 0.421879118504878, 0.069407132952198, 0.51414099359612, 0.448220456693424, 0.429479925161917, 0.125768340716962, 0.208274133134761, 0.547670644963007, 0.366353134329595, 0.729401572015789, 0.145159089074078 );
insert into FIR.INVOICE_RAW values(10154, 1000585, 1, 30801528, to_date('18.04.2012', 'dd.mm.yyyy'), to_date('29.10.2013', 'dd.mm.yyyy'), '4', '5998011', to_date('21.06.2014', 'dd.mm.yyyy'), 4, to_date('24.11.2012', 'dd.mm.yyyy'), '657791234621', to_date('01.12.2013', 'dd.mm.yyyy'), 18, to_date('12.05.2014', 'dd.mm.yyyy'), '9755084', to_date('20.08.2012', 'dd.mm.yyyy'), to_date('17.08.2012', 'dd.mm.yyyy'), '424670533689', '589271887', '56b5ca96-5de7-4990-a775-3f394d66f3c8', '103024982510', '134802516', '6e531649-02d7-461b-bd3e-250e86639713', '5381077', to_date('21.05.2013', 'dd.mm.yyyy'), '172492634360', '575812105', 'e2b96377-8b10-43a5-b648-f770d6b1bb4b', 79, '6ec1b03a-5c71-4294-8647-f9886b3e9e84', '70', 0.404695560412805, 0.802929249966018, 0.586131267988184, 0.854802002131381, 0.750943945139155, 0.682126817611105, 0.683246726022682, 0.59681190019325, 0.345579555884739, 0.7031693997342, 0.953322267603745, 0.193714608062857, 0.890012489580555, 0.889231697138972, 0.753977596179572, 0.470535540706727 );
insert into FIR.INVOICE_RAW values(10155, 1000630, 1, 4716954, to_date('16.10.2012', 'dd.mm.yyyy'), to_date('07.07.2012', 'dd.mm.yyyy'), '16', '2582979', to_date('06.01.2014', 'dd.mm.yyyy'), 1, to_date('17.11.2012', 'dd.mm.yyyy'), '555635442473', to_date('22.08.2013', 'dd.mm.yyyy'), 22, to_date('13.11.2013', 'dd.mm.yyyy'), '9326232', to_date('13.04.2012', 'dd.mm.yyyy'), to_date('01.01.2012', 'dd.mm.yyyy'), '713634698673', '815228839', '1aeb8ec5-6e4a-4ef1-b3f3-8308b4e1986d', '804069918408', '766818959', '8de22309-652c-44a6-b36a-5af5a2fb79a3', '2582388', to_date('06.08.2014', 'dd.mm.yyyy'), '114349578873', '527751371', 'a7bfee20-e1c4-4995-8fbe-e5682dc3799c', 134, '228a99d2-22e9-4826-a958-8d3d4beb0278', '60', 0.731663681907423, 0.0808926499825402, 0.151665195427679, 0.571121874996984, 0.959086381811223, 0.207667082644844, 0.160366886370055, 0.367205685175585, 0.27590206930223, 0.430539620309388, 0.143940784569802, 0.0172523586159816, 0.312836870696785, 0.516760766746831, 0.79969136593849, 0.965258248599832 );
insert into FIR.INVOICE_RAW values(10156, 1000630, 2, 39974356, to_date('01.06.2012', 'dd.mm.yyyy'), to_date('11.10.2012', 'dd.mm.yyyy'), '14', '1549420', to_date('18.03.2012', 'dd.mm.yyyy'), 6, to_date('18.02.2014', 'dd.mm.yyyy'), '618382154895', to_date('15.06.2012', 'dd.mm.yyyy'), 2, to_date('27.08.2013', 'dd.mm.yyyy'), '6207900', to_date('16.12.2012', 'dd.mm.yyyy'), to_date('24.06.2014', 'dd.mm.yyyy'), '156188394967', '152293674', 'a82e5ad2-2e8f-480c-b058-db22338f9878', '476019761331', '355178767', 'f8795a65-1a8f-4cab-b9a3-a51e42037ebb', '5001070', to_date('30.04.2013', 'dd.mm.yyyy'), '202552898799', '597653848', '2efba020-7bb9-42ce-a787-6b5937d47038', 46, '1b6490f6-b6ec-4fe7-b794-6f1cd9f13cb6', '60', 0.410899703116575, 0.281377029270575, 0.54508352118781, 0.851305874926646, 0.185321419586112, 0.00245874142388755, 0.052217918472466, 0.941546902033289, 0.74655778368309, 0.487079903710205, 0.63650667138235, 0.645936399533384, 0.480624662004702, 0.45332419707129, 0.713603841938825, 0.127984420455985 );
insert into FIR.INVOICE_RAW values(10157, 1000630, 2, 28964789, to_date('28.01.2012', 'dd.mm.yyyy'), to_date('27.12.2012', 'dd.mm.yyyy'), '13', '6036266', to_date('23.09.2012', 'dd.mm.yyyy'), 7, to_date('22.07.2013', 'dd.mm.yyyy'), '149723481627', to_date('12.07.2014', 'dd.mm.yyyy'), 7, to_date('08.03.2014', 'dd.mm.yyyy'), '5906896', to_date('30.05.2012', 'dd.mm.yyyy'), to_date('01.11.2013', 'dd.mm.yyyy'), '613207356693', '958177882', 'd6025733-f747-493e-9e13-510651c72681', '432284206812', '560757359', '9ebe8d8d-8201-4519-a1c0-35177c919f74', '9339924', to_date('02.05.2013', 'dd.mm.yyyy'), '165590167436', '330172179', 'b372ed96-86b0-4375-9878-96192cdefe3f', 20, '49a12bbd-8f84-440a-b576-c9ac1cd3cc0e', '41', 0.657008610040419, 0.405685477613325, 0.76016420440756, 0.722315172069853, 0.488793973572922, 0.776044781681171, 0.482767008004136, 0.453429180408562, 0.284258752728002, 0.136620457813433, 0.0131837953874766, 0.993154762775244, 0.941934105447463, 0.913423351903178, 0.74105050635573, 0.829428936741049 );
insert into FIR.INVOICE_RAW values(10158, 1000630, 2, 2678493, to_date('15.06.2013', 'dd.mm.yyyy'), to_date('11.04.2012', 'dd.mm.yyyy'), '14', '8929411', to_date('11.02.2014', 'dd.mm.yyyy'), 1, to_date('25.07.2013', 'dd.mm.yyyy'), '801724839204', to_date('26.01.2014', 'dd.mm.yyyy'), 18, to_date('27.02.2012', 'dd.mm.yyyy'), '889426', to_date('23.03.2014', 'dd.mm.yyyy'), to_date('02.02.2012', 'dd.mm.yyyy'), '946721422970', '472243597', 'ee4e3a02-6a38-427b-9245-6b7c313f1285', '536073977278', '500642563', '7d2d6bf4-c24c-4ff2-8f2e-fa8e2fb86e78', '7227331', to_date('13.09.2013', 'dd.mm.yyyy'), '737813170283', '911170514', 'b6a291a6-85b2-4816-8576-7e2e472d0a2f', 129, 'd0aaf3b9-7085-4a4b-bd23-614eed0bf282', '68', 0.192049927633279, 0.834712363236916, 0.810740333893681, 0.843589337004157, 0.257413257964614, 0.476435159554908, 0.14370721631856, 0.994771921073446, 0.990015314421624, 0.175703210838001, 0.690596520290988, 0.73407049092188, 0.430831054426185, 0.717080454675984, 0.576900398161682, 0.240311360098567 );
insert into FIR.INVOICE_RAW values(10159, 1000630, 1, 6558623, to_date('01.07.2014', 'dd.mm.yyyy'), to_date('13.04.2013', 'dd.mm.yyyy'), '10', '6997793', to_date('28.02.2014', 'dd.mm.yyyy'), 8, to_date('24.06.2013', 'dd.mm.yyyy'), '275991490694', to_date('28.08.2012', 'dd.mm.yyyy'), 13, to_date('15.06.2013', 'dd.mm.yyyy'), '4710437', to_date('12.04.2014', 'dd.mm.yyyy'), to_date('24.12.2013', 'dd.mm.yyyy'), '154325253256', '572375270', 'cee0a7ea-ce0c-40f0-ac2f-62a180fa4e31', '888182856705', '374250216', 'db98426e-fb1c-42fe-bf04-471ec1365798', '5903142', to_date('22.09.2012', 'dd.mm.yyyy'), '923242259744', '916358509', '1d486a5e-7e63-4994-b7d6-668458e8ff39', 76, 'a7c6dd52-81b8-4096-9d26-01889e813de6', '34', 0.319884045198506, 0.389102888940416, 0.349451608187264, 0.401321011316646, 0.622142196456968, 0.857371506680442, 0.00350944744586453, 0.145062951438624, 0.34209310558722, 0.956324067412095, 0.28651979392698, 0.00298685673763364, 0.337218589306445, 0.93056084771201, 0.153539354053111, 0.739267350984396 );
insert into FIR.INVOICE_RAW values(10160, 1000630, 3, 40326796, to_date('06.08.2014', 'dd.mm.yyyy'), to_date('07.04.2014', 'dd.mm.yyyy'), '17', '1699287', to_date('15.07.2012', 'dd.mm.yyyy'), 4, to_date('11.10.2012', 'dd.mm.yyyy'), '662853589723', to_date('13.06.2013', 'dd.mm.yyyy'), 23, to_date('19.10.2012', 'dd.mm.yyyy'), '4146418', to_date('23.11.2013', 'dd.mm.yyyy'), to_date('23.08.2013', 'dd.mm.yyyy'), '464379817347', '219445425', '2bb1c1c6-4902-4393-98a1-e72fdfb18bf7', '787837188382', '312656149', 'e68c17e2-ea23-421c-b9de-95eedf6597e2', '1086260', to_date('28.03.2014', 'dd.mm.yyyy'), '347292906417', '978915884', '3f5ae188-2337-4c60-a04f-a59b992c68f6', 71, '60bd1a60-df32-4069-916d-600e4d13fc20', '42', 0.914441421122496, 0.947554174786226, 0.275440747512244, 0.145552599870391, 0.11396520357298, 0.406104726905983, 0.865037684731669, 0.622746451582176, 0.497003894530704, 0.356729084791955, 0.424267970223105, 0.320080620385744, 0.612047478375978, 0.475539757160256, 0.331524378774466, 0.499878773698527 );
insert into FIR.INVOICE_RAW values(10161, 1000630, 3, 5120787, to_date('04.12.2013', 'dd.mm.yyyy'), to_date('14.08.2013', 'dd.mm.yyyy'), '5', '5437972', to_date('08.01.2014', 'dd.mm.yyyy'), 9, to_date('02.08.2013', 'dd.mm.yyyy'), '582868816575', to_date('02.09.2012', 'dd.mm.yyyy'), 28, to_date('08.03.2012', 'dd.mm.yyyy'), '70026', to_date('25.11.2012', 'dd.mm.yyyy'), to_date('14.05.2012', 'dd.mm.yyyy'), '591195779847', '538620800', '309b6137-24dd-442b-9bf8-476fc616cd70', '235398185032', '273072787', '0cb0eae0-b863-4b66-bb1d-be2e4fc8974e', '7349668', to_date('11.08.2012', 'dd.mm.yyyy'), '497341487359', '847009664', '9e3c44ae-02ea-4c24-8fd2-f4940cc6912e', 126, '09bbbe95-cc04-4542-8df7-dc25b275adb4', '51', 0.55435091888269, 0.818195848641077, 0.919486673045664, 0.268385594370023, 0.694464824020148, 0.288414539903595, 0.506535958268929, 0.595890631245398, 0.258701418646938, 0.765211036785138, 0.0341257117847566, 0.514181843266907, 0.629601146387682, 0.883224233930569, 0.914755952970477, 0.344504507418957 );
insert into FIR.INVOICE_RAW values(10162, 1000630, 1, 20552829, to_date('06.04.2014', 'dd.mm.yyyy'), to_date('14.01.2013', 'dd.mm.yyyy'), '1', '2930332', to_date('01.04.2013', 'dd.mm.yyyy'), 2, to_date('05.10.2013', 'dd.mm.yyyy'), '478072574855', to_date('06.01.2012', 'dd.mm.yyyy'), 15, to_date('15.06.2014', 'dd.mm.yyyy'), '4809381', to_date('01.12.2012', 'dd.mm.yyyy'), to_date('24.08.2014', 'dd.mm.yyyy'), '559339646710', '892214965', 'ee5b40fa-d59d-460e-902f-8aeac5c1a786', '928695626094', '694938910', '072ea20f-02cc-4dde-92b9-b91c79a92004', '9367618', to_date('12.01.2012', 'dd.mm.yyyy'), '459858852480', '919216581', '9b1647e1-71e1-494f-92f0-261fb02a62ee', 25, '0038c961-db96-40fd-bf5c-2aea6708043e', '97', 0.257477651470098, 0.53004770471251, 0.0905459844928914, 0.25241019681674, 0.151238212432358, 0.884824394660454, 0.984774310134712, 0.146326355238597, 0.597997745777479, 0.348836734587716, 0.509981796848579, 0.644174679482437, 0.267163133838756, 0.548475621523557, 0.454552070915025, 0.97249671768979 );
insert into FIR.INVOICE_RAW values(10163, 1000630, 2, 40198837, to_date('10.03.2013', 'dd.mm.yyyy'), to_date('26.07.2014', 'dd.mm.yyyy'), '12', '800941', to_date('24.04.2014', 'dd.mm.yyyy'), 3, to_date('09.04.2014', 'dd.mm.yyyy'), '472011923546', to_date('07.06.2014', 'dd.mm.yyyy'), 17, to_date('17.11.2012', 'dd.mm.yyyy'), '4285152', to_date('06.04.2012', 'dd.mm.yyyy'), to_date('19.03.2012', 'dd.mm.yyyy'), '619074309925', '297525746', '15c0a259-9d3e-4692-8896-fce7285ab992', '147798176715', '225954446', '51f1a0c3-83dc-4138-b83e-85ad2338d6a6', '4570363', to_date('25.02.2012', 'dd.mm.yyyy'), '766271991172', '556966141', '7e55cf86-2550-401d-870e-b70cc2a974f7', 49, '428ae3ae-0992-4f72-a77a-88b261c5fc54', '49', 0.757857651336984, 0.332966143886077, 0.0850439975434188, 0.307594571871494, 0.547352890273255, 0.73432399739247, 0.69126703901741, 0.961521450412237, 0.948817275440701, 0.776855009969722, 0.549780251248637, 0.58845963682442, 0.705112549804669, 0.713867009484147, 0.247551703940868, 0.0839686715435091 );
insert into FIR.INVOICE_RAW values(10164, 1000630, 1, 29565619, to_date('14.05.2012', 'dd.mm.yyyy'), to_date('28.12.2012', 'dd.mm.yyyy'), '9', '4988700', to_date('08.01.2014', 'dd.mm.yyyy'), 5, to_date('05.05.2012', 'dd.mm.yyyy'), '652234664349', to_date('11.06.2013', 'dd.mm.yyyy'), 11, to_date('22.09.2012', 'dd.mm.yyyy'), '9084283', to_date('12.12.2012', 'dd.mm.yyyy'), to_date('25.06.2013', 'dd.mm.yyyy'), '968112974800', '137887923', '067d5451-5b6e-40eb-8ec5-4015e444028e', '513973305008', '908128152', '4d7bfb4b-1114-45e3-addf-fc2e7e2eb8b4', '6654991', to_date('05.09.2012', 'dd.mm.yyyy'), '605096424338', '878424989', 'b8802d54-45d6-458f-bc8c-7ad9cc2a4ee7', 112, 'b30b8ac2-5731-4d76-9bc6-48be70c096a8', '54', 0.817808129274197, 0.846368370506153, 0.347367234224159, 0.643074047585518, 0.934525580580591, 0.811233079438672, 0.751353969216046, 0.58837657542358, 0.616506897200135, 0.433472078961074, 0.362547027581626, 0.329737074826722, 0.231878429759237, 0.193597055130451, 0.028432188568838, 0.0391056575063177 );
insert into FIR.INVOICE_RAW values(10165, 1000630, 3, 3190409, to_date('30.01.2012', 'dd.mm.yyyy'), to_date('31.08.2013', 'dd.mm.yyyy'), '14', '4466217', to_date('22.03.2014', 'dd.mm.yyyy'), 4, to_date('25.02.2012', 'dd.mm.yyyy'), '607666257122', to_date('10.08.2013', 'dd.mm.yyyy'), 9, to_date('08.03.2014', 'dd.mm.yyyy'), '9337776', to_date('09.11.2013', 'dd.mm.yyyy'), to_date('15.11.2012', 'dd.mm.yyyy'), '445284203969', '549013568', '7e8a1f58-f04e-40b0-868f-1da564baa2dc', '301693491123', '183079457', '748a4706-383b-4c6c-8797-29234765dd9e', '2478195', to_date('30.03.2014', 'dd.mm.yyyy'), '933614226683', '982316102', '6af827be-60d9-419b-8baa-77df7b5e6ffb', 52, '57681187-f2e9-4b58-8330-08e2818b1e9e', '42', 0.048957685497104, 0.287733631342525, 0.63371018908625, 0.974189578077844, 0.579069083360522, 0.240952479765263, 0.77788145922957, 0.337758072343542, 0.846494334212734, 0.418052109153034, 0.465462024074729, 0.303178188532208, 0.83855313101716, 0.575493432383748, 0.62120590853561, 0.176655079786039 );
insert into FIR.INVOICE_RAW values(10166, 1000675, 1, 27188652, to_date('24.01.2014', 'dd.mm.yyyy'), to_date('31.01.2012', 'dd.mm.yyyy'), '8', '997120', to_date('10.01.2013', 'dd.mm.yyyy'), 5, to_date('30.05.2013', 'dd.mm.yyyy'), '740000383275', to_date('11.06.2013', 'dd.mm.yyyy'), 5, to_date('04.03.2013', 'dd.mm.yyyy'), '903837', to_date('04.04.2013', 'dd.mm.yyyy'), to_date('07.12.2013', 'dd.mm.yyyy'), '510131481414', '280624523', 'c9780d5e-252f-4257-b7f2-acc38d5cd001', '207421171799', '541301284', '67602a7a-5c56-4d82-8851-16c444bce5bd', '4361674', to_date('21.05.2014', 'dd.mm.yyyy'), '525393830164', '510795137', 'ea4dfc59-d598-4e33-b210-5cf118679092', 113, '150143e1-84c7-4815-945b-abb5e27f436a', '10', 0.86475676012447, 0.938786758547084, 0.889239825256746, 0.0450105015398052, 0.100033352663756, 0.204907555694183, 0.796642313616649, 0.655407564088426, 0.515328203102261, 0.237441541737617, 0.783795634649599, 0.950572570297202, 0.941459925818006, 0.84444315444885, 0.74887543392781, 0.101820051251827 );
insert into FIR.INVOICE_RAW values(10167, 1000675, 3, 7563215, to_date('19.03.2013', 'dd.mm.yyyy'), to_date('20.11.2012', 'dd.mm.yyyy'), '4', '1147758', to_date('30.04.2013', 'dd.mm.yyyy'), 8, to_date('29.04.2012', 'dd.mm.yyyy'), '787229173996', to_date('16.08.2013', 'dd.mm.yyyy'), 11, to_date('19.01.2012', 'dd.mm.yyyy'), '3449145', to_date('15.05.2013', 'dd.mm.yyyy'), to_date('06.11.2012', 'dd.mm.yyyy'), '109359384203', '442408371', 'b380c7ea-cb2c-4894-851a-53e04fb3fb09', '545920118208', '508417997', 'f0e0f01c-b3fc-4572-9d61-a9f6cb218ca8', '3729734', to_date('11.03.2013', 'dd.mm.yyyy'), '389898430941', '139424462', '4b7c4e1d-1b3b-4e9a-b990-0fe2851eecc0', 105, '17742798-cfd0-4cdf-9e55-4a65f71c2edf', '74', 0.478362049198878, 0.874072265286964, 0.365381943232092, 0.182375988076616, 0.531376695507847, 0.446490728969914, 0.23976434359316, 0.329717105408067, 0.00533469766626819, 0.956923472209332, 0.82056351603035, 0.788849196298443, 0.807446868534874, 0.72407376380827, 0.764137589728524, 0.76581275452199 );
insert into FIR.INVOICE_RAW values(10168, 1000675, 1, 14792317, to_date('15.08.2012', 'dd.mm.yyyy'), to_date('13.08.2013', 'dd.mm.yyyy'), '16', '2707639', to_date('17.05.2014', 'dd.mm.yyyy'), 3, to_date('02.04.2012', 'dd.mm.yyyy'), '535212994463', to_date('02.12.2012', 'dd.mm.yyyy'), 5, to_date('15.11.2013', 'dd.mm.yyyy'), '9903564', to_date('07.01.2013', 'dd.mm.yyyy'), to_date('10.01.2014', 'dd.mm.yyyy'), '632762321491', '207263190', 'addb53ad-f838-4d51-9c90-0a45f5edb0a8', '166230399858', '179120494', '0d372ae9-4e80-46a5-bbbc-2c9f2ba3b9c1', '5560357', to_date('21.05.2013', 'dd.mm.yyyy'), '817575314151', '465670881', '8a70d7af-e688-4cdc-8a30-8d3414230caa', 168, '66f8d35a-f4cc-4b7e-8a7f-3bfd2fd37cb6', '7', 0.239106020070196, 0.174065717577034, 0.104479905266538, 0.179435115391126, 0.48540156031279, 0.93576811809827, 0.954796962884626, 0.413855739130571, 0.476516780199724, 0.0723211830818659, 0.585149575297325, 0.854295181042652, 0.360628158953333, 0.235965713037162, 0.291377644190275, 0.862085180758538 );
insert into FIR.INVOICE_RAW values(10169, 1000675, 3, 2917110, to_date('23.05.2012', 'dd.mm.yyyy'), to_date('05.11.2013', 'dd.mm.yyyy'), '19', '9506686', to_date('23.02.2014', 'dd.mm.yyyy'), 2, to_date('06.04.2012', 'dd.mm.yyyy'), '443571824072', to_date('13.08.2014', 'dd.mm.yyyy'), 27, to_date('30.01.2014', 'dd.mm.yyyy'), '7714204', to_date('18.04.2012', 'dd.mm.yyyy'), to_date('27.02.2014', 'dd.mm.yyyy'), '697527762307', '451415150', 'dd9a78a1-f967-4752-a0ba-61ffce7f8a04', '597163431125', '221370991', 'f2565bf9-efa5-49f9-a113-5be966ddc614', '4716470', to_date('26.08.2013', 'dd.mm.yyyy'), '114009407520', '985232549', '4cf653bf-a8d8-4bfd-b657-756902a171d9', 175, '0f125570-2ad4-4c5b-919d-5dd2a37dde6a', '53', 0.309424069854163, 0.664994697861837, 0.144404497064838, 0.806515063069069, 0.188743152743552, 0.400895010866642, 0.272928003814504, 0.143407232660524, 0.984051940489584, 0.105462685276504, 0.0658604279467186, 0.225447550520975, 0.386841201869231, 0.84402529329249, 0.439938026219578, 0.836982949095304 );
insert into FIR.INVOICE_RAW values(10170, 1000675, 3, 4866848, to_date('20.06.2013', 'dd.mm.yyyy'), to_date('08.09.2013', 'dd.mm.yyyy'), '4', '2621524', to_date('11.07.2014', 'dd.mm.yyyy'), 8, to_date('03.12.2012', 'dd.mm.yyyy'), '420703880495', to_date('04.10.2012', 'dd.mm.yyyy'), 7, to_date('29.05.2012', 'dd.mm.yyyy'), '8430020', to_date('23.11.2012', 'dd.mm.yyyy'), to_date('01.07.2013', 'dd.mm.yyyy'), '471235520778', '919583226', '31a98c3d-4727-458e-bbc3-23bcad1201d0', '511197461568', '808204793', '64842b49-df80-4646-a037-042c5a642d4d', '3004768', to_date('28.08.2014', 'dd.mm.yyyy'), '535629253749', '713737188', 'ed80742e-3b89-4bdd-8368-74af23e9ad6a', 10, 'df618ea1-5aeb-4260-bdd3-cbccc6ae433b', '85', 0.622739698562184, 0.690360087291505, 0.0941250892794342, 0.00112709729053411, 0.636571610642863, 0.870301375570847, 0.546859692105492, 0.308879860820658, 0.0412638238823338, 0.912447742611378, 0.702948150552319, 0.660279375808444, 0.47627225633537, 0.243608508838158, 0.205103748573504, 0.853660373414708 );
insert into FIR.INVOICE_RAW values(10171, 1000675, 1, 8031701, to_date('04.07.2013', 'dd.mm.yyyy'), to_date('10.03.2013', 'dd.mm.yyyy'), '6', '3515679', to_date('18.06.2014', 'dd.mm.yyyy'), 5, to_date('03.06.2013', 'dd.mm.yyyy'), '975440612782', to_date('05.04.2014', 'dd.mm.yyyy'), 9, to_date('11.07.2014', 'dd.mm.yyyy'), '4681301', to_date('22.11.2013', 'dd.mm.yyyy'), to_date('19.10.2013', 'dd.mm.yyyy'), '124958151950', '464715311', '61d797c5-e976-438f-b28b-63ccd87ff447', '650531454164', '304331558', '8c95905a-f4ca-428a-8308-1a08bd2c528d', '283427', to_date('05.10.2013', 'dd.mm.yyyy'), '579556933502', '800400218', '6a0b8d9d-9d1a-4c03-bc7e-67c4859d5a49', 37, 'abec1f68-d941-480f-babf-d78effffe490', '45', 0.0218777982619953, 0.626712730911892, 0.842993824669623, 0.707075330758037, 0.736442960210351, 0.999742841813594, 0.650894547650076, 0.952528716974206, 0.804410397915361, 0.322492488810091, 0.325418087339689, 0.165702019429627, 0.732691099742749, 0.276525239588937, 0.163839384058416, 0.327694009676433 );
insert into FIR.INVOICE_RAW values(10172, 1000675, 3, 12095116, to_date('02.12.2012', 'dd.mm.yyyy'), to_date('11.11.2013', 'dd.mm.yyyy'), '8', '8487199', to_date('22.02.2013', 'dd.mm.yyyy'), 8, to_date('17.08.2014', 'dd.mm.yyyy'), '228612978395', to_date('11.08.2013', 'dd.mm.yyyy'), 14, to_date('19.03.2012', 'dd.mm.yyyy'), '8813015', to_date('20.11.2012', 'dd.mm.yyyy'), to_date('19.10.2012', 'dd.mm.yyyy'), '655856472756', '117620587', '3306f795-94d6-44f5-b6a2-6525122d0884', '910026116543', '397121392', '20f9a352-d03b-4fd3-adcf-9977153f70b6', '2208713', to_date('08.11.2012', 'dd.mm.yyyy'), '999726957251', '805097788', 'd74d2cab-c7d6-4953-8557-31399ba49757', 153, '3aabf72b-8d10-43c8-b4d0-6cd9e01299b2', '9', 0.913409927819581, 0.792568982947883, 0.938281735842247, 0.852567066835504, 0.379785581203078, 0.742265339820769, 0.747926772454719, 0.687104908603758, 0.83780243798988, 0.365100681020459, 0.931985506756224, 0.99432944971804, 0.160040046162922, 0.25965330342746, 0.97483819861656, 0.337361981783696 );
insert into FIR.INVOICE_RAW values(10173, 1000675, 3, 16355007, to_date('07.12.2012', 'dd.mm.yyyy'), to_date('08.05.2014', 'dd.mm.yyyy'), '8', '6385359', to_date('22.06.2013', 'dd.mm.yyyy'), 5, to_date('28.12.2012', 'dd.mm.yyyy'), '422299327143', to_date('27.06.2013', 'dd.mm.yyyy'), 3, to_date('21.01.2013', 'dd.mm.yyyy'), '8425046', to_date('14.07.2014', 'dd.mm.yyyy'), to_date('04.02.2013', 'dd.mm.yyyy'), '210797605553', '512896949', 'b84cc053-3c72-4297-b460-202a05dcdebb', '132204412041', '944629127', 'e76aeaed-ab32-4664-bc30-1ff82d17d32e', '7914317', to_date('13.10.2013', 'dd.mm.yyyy'), '728290873722', '826474870', 'de2ea21f-0070-492d-a238-cd853c87c58b', 153, '4ba078cf-7244-42b5-8e25-39215cee80db', '28', 0.477093618119645, 0.0846556905119939, 0.579256044970479, 0.931128194523569, 0.104377312634316, 0.569276077006606, 0.260208889963203, 0.273966185876153, 0.241946165096921, 0.9833563426432, 0.781534463531121, 0.341981269112779, 0.274482602381372, 0.863450772065414, 0.977111067612242, 0.624592268199004 );
insert into FIR.INVOICE_RAW values(10174, 1000675, 3, 2855479, to_date('21.02.2012', 'dd.mm.yyyy'), to_date('11.06.2012', 'dd.mm.yyyy'), '8', '3129072', to_date('28.10.2012', 'dd.mm.yyyy'), 7, to_date('02.09.2013', 'dd.mm.yyyy'), '483990197476', to_date('28.07.2014', 'dd.mm.yyyy'), 26, to_date('25.04.2014', 'dd.mm.yyyy'), '3571591', to_date('14.06.2013', 'dd.mm.yyyy'), to_date('23.09.2013', 'dd.mm.yyyy'), '297898743071', '125626356', 'a05e8db3-7b95-4f5d-b5a8-9628f0799551', '102454635459', '782448983', '85cbf5d1-2faa-48fa-9b9c-6d2d4e3d8bdc', '8094039', to_date('18.09.2013', 'dd.mm.yyyy'), '823470682435', '249800125', '0f5f6167-76b8-4960-8f7c-01463d9e47f1', 132, 'e4262750-e279-4f83-87ae-4571a5f46a73', '70', 0.581129925130461, 0.0490052616451891, 0.642179575116457, 0.545879569624495, 0.880231234189231, 0.486757138970661, 0.844836098535376, 0.987272012041543, 0.392623036351345, 0.813577294728522, 0.384732212584807, 0.468450581407384, 0.119343272465907, 0.0895483685143052, 0.772710099710482, 0.2006683131683 );
insert into FIR.INVOICE_RAW values(10175, 1000675, 3, 20731688, to_date('22.07.2012', 'dd.mm.yyyy'), to_date('14.08.2013', 'dd.mm.yyyy'), '11', '6947733', to_date('17.03.2013', 'dd.mm.yyyy'), 6, to_date('24.02.2013', 'dd.mm.yyyy'), '187000501860', to_date('06.01.2014', 'dd.mm.yyyy'), 27, to_date('15.03.2013', 'dd.mm.yyyy'), '3851366', to_date('29.01.2014', 'dd.mm.yyyy'), to_date('16.06.2012', 'dd.mm.yyyy'), '777017769246', '883735295', '7033bedf-c064-4cfb-aaef-513e1ca72ccb', '747139392085', '567825319', '7b0ca3e6-03aa-4f52-aeee-65653eb821b8', '7134367', to_date('01.05.2014', 'dd.mm.yyyy'), '807191669024', '220680935', '5bd576f3-469b-4a00-ab2f-f9753fdbb766', 40, 'f654a469-dd6d-47d6-94a9-108d40c49272', '47', 0.698862736438803, 0.812715833453795, 0.0764094880206555, 0.288579162344606, 0.626527410292312, 0.623234916768612, 0.645224004818696, 0.882870777921225, 0.634947883726539, 0.986526524641796, 0.901294869790457, 0.211259014071552, 0.710945134847865, 0.50286897574685, 0.39901424823283, 0.301603370952235 );
insert into FIR.INVOICE_RAW values(10176, 1000675, 1, 27468218, to_date('01.04.2014', 'dd.mm.yyyy'), to_date('04.02.2013', 'dd.mm.yyyy'), '1', '8468950', to_date('29.06.2014', 'dd.mm.yyyy'), 1, to_date('29.08.2012', 'dd.mm.yyyy'), '888910288869', to_date('17.12.2012', 'dd.mm.yyyy'), 28, to_date('17.03.2012', 'dd.mm.yyyy'), '1066595', to_date('09.02.2013', 'dd.mm.yyyy'), to_date('10.10.2013', 'dd.mm.yyyy'), '298464447899', '911818313', '254bf337-e676-4a21-b5fe-1bba433af451', '854921901826', '286193194', '942515f3-42e9-4335-bb5f-a87f320f8be7', '7652409', to_date('25.08.2013', 'dd.mm.yyyy'), '737526262307', '583596422', '0257586c-4edd-4b77-bbf9-12fedbddc3f6', 31, '40096e0a-038a-4a35-b7db-d7f0066931cc', '37', 0.182963138997072, 0.38034829608181, 0.566792638770674, 0.681112924442214, 0.674223545321368, 0.596143374962799, 0.938867778023178, 0.579700302602584, 0.0845104596039794, 0.729467919436036, 0.902629650618243, 0.125721827673596, 0.0720782121979064, 0.627495032561708, 0.187950266147009, 0.272164737466799 );
insert into FIR.INVOICE_RAW values(10177, 1000720, 1, 2206685, to_date('03.02.2012', 'dd.mm.yyyy'), to_date('31.10.2012', 'dd.mm.yyyy'), '15', '7980443', to_date('15.03.2014', 'dd.mm.yyyy'), 4, to_date('24.08.2014', 'dd.mm.yyyy'), '628062796071', to_date('18.09.2013', 'dd.mm.yyyy'), 6, to_date('15.03.2014', 'dd.mm.yyyy'), '3528958', to_date('26.03.2014', 'dd.mm.yyyy'), to_date('23.08.2014', 'dd.mm.yyyy'), '690216887787', '274841437', '45ac2a68-7a4f-452a-95ab-88e257fb80ce', '668093731410', '226814108', '875c7fbc-ff66-4d88-bcc9-c5b44196d763', '7382068', to_date('05.04.2012', 'dd.mm.yyyy'), '988118673097', '680946602', '85558c96-6ca4-4c9f-af78-dffb365cd045', 43, 'ac428a62-22eb-466f-b6e7-e1be5686cd65', '97', 0.0157273970617575, 0.813778723037699, 0.02591485251948, 0.317472488767222, 0.284451759552793, 0.384937314030219, 0.519376961756208, 0.139624932380218, 0.606632199886549, 0.439308198373443, 0.259333724276784, 0.362105136905846, 0.03223428178217, 0.913173463155131, 0.519606473631974, 0.790243511456178 );
insert into FIR.INVOICE_RAW values(10178, 1000720, 3, 8720137, to_date('20.04.2013', 'dd.mm.yyyy'), to_date('10.07.2014', 'dd.mm.yyyy'), '14', '6133886', to_date('12.10.2012', 'dd.mm.yyyy'), 2, to_date('16.11.2013', 'dd.mm.yyyy'), '870419472350', to_date('20.02.2014', 'dd.mm.yyyy'), 24, to_date('24.01.2014', 'dd.mm.yyyy'), '4276337', to_date('05.08.2012', 'dd.mm.yyyy'), to_date('15.04.2014', 'dd.mm.yyyy'), '412868859347', '452836694', '20008c3f-7253-4ee1-8d43-031169301a3a', '188276262248', '636529407', 'd2fd3979-62a1-4f29-bbcb-d07cb32c8457', '5600157', to_date('16.06.2012', 'dd.mm.yyyy'), '907890374562', '900411519', 'f97001a5-464d-45c6-96fb-ffcd27c2b8b9', 174, '246bdc50-593a-421d-b5fc-3cf0e7cf1b43', '17', 0.186475737572869, 0.333316067854555, 0.2550693742256, 0.13440717017949, 0.6207856133677, 0.391257238756519, 0.297609703288232, 0.682326716222952, 0.347967241121441, 0.524433625174888, 0.164212666528398, 0.867709874579548, 0.476764069626464, 0.580067447656797, 0.157286861053336, 0.155885773317835 );
insert into FIR.INVOICE_RAW values(10179, 1000720, 3, 42512044, to_date('28.06.2012', 'dd.mm.yyyy'), to_date('27.01.2013', 'dd.mm.yyyy'), '7', '8147709', to_date('23.03.2013', 'dd.mm.yyyy'), 2, to_date('13.10.2012', 'dd.mm.yyyy'), '405911562621', to_date('19.03.2013', 'dd.mm.yyyy'), 20, to_date('06.06.2012', 'dd.mm.yyyy'), '1169259', to_date('01.06.2013', 'dd.mm.yyyy'), to_date('05.11.2012', 'dd.mm.yyyy'), '470836777591', '614852758', '15095310-4f8c-4251-9df2-fb761b2e4463', '870338517166', '314245918', 'cba4c626-36fd-4327-80b8-917f3a8ecb4d', '769724', to_date('13.08.2013', 'dd.mm.yyyy'), '280824348502', '110722129', '7a72b756-8c7b-4c79-83ce-fec775d6cfd4', 67, 'a9bf7086-a5df-41d8-9099-0d4228b9846e', '41', 0.461144323209834, 0.176697667304751, 0.00903953984800705, 0.595681887397394, 0.787193805811551, 0.385321914863457, 0.0571122099911385, 0.700691393902847, 0.525361026881896, 0.44624073265411, 0.977747680608997, 0.84772774197521, 0.109139103493252, 0.89881126391646, 0.155522089058311, 0.623737881716219 );
insert into FIR.INVOICE_RAW values(10180, 1000720, 2, 8647195, to_date('03.01.2014', 'dd.mm.yyyy'), to_date('16.03.2013', 'dd.mm.yyyy'), '5', '6763409', to_date('02.01.2012', 'dd.mm.yyyy'), 2, to_date('28.04.2013', 'dd.mm.yyyy'), '894127593846', to_date('02.09.2012', 'dd.mm.yyyy'), 26, to_date('28.04.2014', 'dd.mm.yyyy'), '9540864', to_date('20.01.2012', 'dd.mm.yyyy'), to_date('13.06.2014', 'dd.mm.yyyy'), '956399633424', '755632385', 'bb89ec61-5eeb-496a-84ab-0a7ded20ea8b', '495197459180', '861755118', 'e4733413-d251-445b-a2d4-4d7c6a532009', '8182132', to_date('20.06.2012', 'dd.mm.yyyy'), '838586275467', '215388327', '40570a77-f154-445e-8f8b-0afa6bdd77c7', 66, '643c8b37-0e49-4595-a7f5-c11d51bbfe61', '14', 0.438594427629651, 0.684906377310355, 0.797875637560094, 0.381488370886766, 0.633394825101548, 0.412477337481676, 0.126222206338412, 0.350557663641198, 0.654854555919233, 0.576498654473805, 0.452442397574169, 0.537364171136806, 0.951259337808592, 0.380377751486552, 0.330038631022926, 0.0843235189487802 );
insert into FIR.INVOICE_RAW values(10181, 1000720, 3, 6210531, to_date('01.11.2013', 'dd.mm.yyyy'), to_date('14.12.2013', 'dd.mm.yyyy'), '12', '2086406', to_date('10.05.2014', 'dd.mm.yyyy'), 2, to_date('26.05.2014', 'dd.mm.yyyy'), '949760387944', to_date('29.06.2012', 'dd.mm.yyyy'), 24, to_date('19.08.2014', 'dd.mm.yyyy'), '665049', to_date('24.01.2012', 'dd.mm.yyyy'), to_date('29.05.2014', 'dd.mm.yyyy'), '826331472378', '440038258', '34b4896c-dbb5-4c43-b584-119e8a6f9e6e', '973987697868', '736713942', '207aeff7-1950-4d20-bc81-fa5a2a2be754', '4662791', to_date('03.09.2013', 'dd.mm.yyyy'), '174148362263', '731302489', 'a2eda862-c061-42dd-af4a-0a3529c97429', 167, '2be011e6-8580-4f80-97cc-a828f753491f', '86', 0.708401637016051, 0.18081535779909, 0.347054885861955, 0.943281325019561, 0.413331872044751, 0.161284606513234, 0.0419645705455749, 0.629171172449911, 0.202932007705295, 0.675189046037937, 0.191167258746534, 0.595687765439827, 0.971624097307969, 0.29961888319795, 0.123831478470858, 0.677943943849739 );
insert into FIR.INVOICE_RAW values(10182, 1000720, 2, 17152024, to_date('01.03.2014', 'dd.mm.yyyy'), to_date('05.02.2014', 'dd.mm.yyyy'), '4', '6569559', to_date('25.08.2014', 'dd.mm.yyyy'), 4, to_date('28.08.2014', 'dd.mm.yyyy'), '501875569041', to_date('26.08.2013', 'dd.mm.yyyy'), 2, to_date('27.12.2012', 'dd.mm.yyyy'), '494267', to_date('19.06.2012', 'dd.mm.yyyy'), to_date('13.02.2013', 'dd.mm.yyyy'), '561297464843', '188430240', '70eb222f-e3ce-4920-a33f-2de975e1ef8c', '346608470330', '552982157', 'f454fb2d-682c-4b08-a2b3-8675c8a2c3da', '9847093', to_date('26.03.2014', 'dd.mm.yyyy'), '477383795146', '490070855', '355c7007-f237-4b61-9deb-6eee49f33a4e', 37, '26bcb884-ffbf-4780-a5ee-4c78cea3c8ef', '56', 0.808736803386704, 0.976422051888156, 0.857387312155863, 0.989610123908897, 0.518539646881884, 0.544769953724356, 0.332528175009661, 0.716635670846624, 0.435507148707056, 0.94106126015124, 0.86253605962849, 0.922161528804415, 0.186127237130947, 0.0217802357030009, 0.714620715339957, 0.51832747436982 );
insert into FIR.INVOICE_RAW values(10183, 1000720, 3, 6483471, to_date('05.12.2012', 'dd.mm.yyyy'), to_date('29.03.2013', 'dd.mm.yyyy'), '8', '4224392', to_date('13.10.2012', 'dd.mm.yyyy'), 1, to_date('21.08.2014', 'dd.mm.yyyy'), '541773132628', to_date('19.04.2014', 'dd.mm.yyyy'), 5, to_date('28.10.2012', 'dd.mm.yyyy'), '2780891', to_date('23.06.2013', 'dd.mm.yyyy'), to_date('11.12.2012', 'dd.mm.yyyy'), '989673899710', '537719276', '8708aca2-5896-4548-87a8-08ff907a6490', '980199424519', '125992445', 'e7a7aa25-00b7-48cc-bfed-c1c7f6647398', '1699683', to_date('03.01.2014', 'dd.mm.yyyy'), '176265519527', '861468417', 'a8011ed0-5b1f-4575-8380-e95fec068b90', 102, '7eca537f-6290-4596-858a-3b7aa1041a16', '38', 0.554058918521767, 0.802607870103143, 0.955371176803192, 0.253705122160588, 0.359745214395106, 0.738580418628911, 0.707826370702976, 0.994781041049762, 0.361687640362274, 0.576993838221298, 0.321917808298915, 0.589343581623092, 0.57025169142068, 0.666386832793423, 0.601538513601543, 0.680879368298165 );
insert into FIR.INVOICE_RAW values(10184, 1000720, 3, 3407820, to_date('30.01.2014', 'dd.mm.yyyy'), to_date('20.04.2013', 'dd.mm.yyyy'), '6', '9805267', to_date('21.04.2013', 'dd.mm.yyyy'), 5, to_date('08.07.2013', 'dd.mm.yyyy'), '328450682037', to_date('06.11.2012', 'dd.mm.yyyy'), 12, to_date('25.08.2014', 'dd.mm.yyyy'), '9385160', to_date('24.12.2012', 'dd.mm.yyyy'), to_date('10.06.2013', 'dd.mm.yyyy'), '649251833900', '685202360', 'bc9bb618-d357-49ee-90a0-6e7de2d5534d', '429110226204', '939351755', '249329fe-81b7-478f-ae30-d71e8dc1b2f3', '3679556', to_date('20.01.2014', 'dd.mm.yyyy'), '456525267348', '244140664', '711dc548-8b99-438e-b09c-f4889a435c54', 91, '0d61cfb0-c5d3-4945-8df6-2c62d5a86d76', '14', 0.106113273234159, 0.380469693513806, 0.574158398236222, 0.0855886708412266, 0.926538731402968, 0.200944180693917, 0.833976085686114, 0.315097281390381, 0.690328728729081, 0.409465204183694, 0.306893483878529, 0.466281708081384, 0.878746373522443, 0.38380374078816, 0.290091377352407, 0.914557957981973 );
insert into FIR.INVOICE_RAW values(10185, 1000720, 1, 32306372, to_date('03.03.2013', 'dd.mm.yyyy'), to_date('16.03.2013', 'dd.mm.yyyy'), '17', '2779406', to_date('10.09.2013', 'dd.mm.yyyy'), 2, to_date('11.05.2014', 'dd.mm.yyyy'), '631738935031', to_date('04.05.2013', 'dd.mm.yyyy'), 10, to_date('16.07.2014', 'dd.mm.yyyy'), '5764650', to_date('21.10.2013', 'dd.mm.yyyy'), to_date('29.11.2012', 'dd.mm.yyyy'), '280961910485', '976344552', '8e5fc68b-4579-4ae8-9acd-f661f38102ef', '561080222832', '942850312', '642a8fb1-5b31-4ea8-8505-806becb1e32f', '239495', to_date('13.06.2012', 'dd.mm.yyyy'), '103777195670', '444038608', '49a86e43-00a2-4bd0-b1bb-cbac7ff4ddf9', 187, '0a326566-c586-432a-9a59-af4693934195', '59', 0.742120520091672, 0.0531820999706081, 0.63589348207968, 0.637103709223263, 0.609769460097779, 0.986947110848011, 0.308902888702649, 0.193412894938799, 0.96122230215055, 0.857763437022345, 0.627987808840344, 0.158434948026405, 0.443562642877718, 0.351423220406949, 0.219907690407665, 0.762423940823611 );
insert into FIR.INVOICE_RAW values(10186, 1000720, 3, 7705465, to_date('16.01.2012', 'dd.mm.yyyy'), to_date('11.09.2012', 'dd.mm.yyyy'), '8', '6713028', to_date('20.01.2014', 'dd.mm.yyyy'), 7, to_date('26.06.2013', 'dd.mm.yyyy'), '152845412730', to_date('26.05.2014', 'dd.mm.yyyy'), 8, to_date('23.05.2014', 'dd.mm.yyyy'), '1668169', to_date('03.04.2014', 'dd.mm.yyyy'), to_date('05.10.2013', 'dd.mm.yyyy'), '996557799992', '709763102', '277023ad-4afc-409c-ba57-d27bafc42f8c', '510777914098', '210796551', 'edc9f81a-8a17-4250-8969-bad41f85b3b0', '3453417', to_date('19.05.2014', 'dd.mm.yyyy'), '525958429645', '678427810', '23991e10-5f3b-4d75-9bb5-f9f5f3b66526', 100, '5cd6fb89-771c-473b-a204-4d05d94fb294', '10', 0.499410488409647, 0.455323891460581, 0.0354464738794819, 0.861530583753032, 0.116493038887388, 0.0699988263985137, 0.739901505755215, 0.296552382082004, 0.154215029978293, 0.904635049823967, 0.18338118734927, 0.399128070287, 0.695913889303763, 0.261738139326562, 0.501222545980114, 0.972849678235524 );
insert into FIR.INVOICE_RAW values(10187, 1000720, 3, 46568904, to_date('02.01.2012', 'dd.mm.yyyy'), to_date('27.12.2012', 'dd.mm.yyyy'), '18', '3228206', to_date('27.08.2012', 'dd.mm.yyyy'), 4, to_date('19.08.2013', 'dd.mm.yyyy'), '776635342572', to_date('07.07.2012', 'dd.mm.yyyy'), 8, to_date('15.06.2014', 'dd.mm.yyyy'), '4423852', to_date('10.10.2013', 'dd.mm.yyyy'), to_date('01.05.2013', 'dd.mm.yyyy'), '691790663087', '808559997', '39365bd2-9a4e-49ba-b64f-f4e9e31dae3f', '890545342447', '935125731', '8fe17fde-c23f-4082-bad5-b2f9f8d5e664', '6091070', to_date('13.04.2012', 'dd.mm.yyyy'), '938771190265', '408650196', '7a181533-bc81-403f-9e6f-28bc06a0df36', 54, '1147ba1f-28bf-45e7-8f71-b1c8a744fa46', '53', 0.338529699639664, 0.606330625063894, 0.488921082806271, 0.293110408491041, 0.361909066029782, 0.240682238824983, 0.708441556295586, 0.0808565379496927, 0.298472003684599, 0.441604456604274, 0.583030033196802, 0.0585226477396314, 0.516239357886947, 0.0161786587052879, 0.289781957999702, 0.698632784978781 );
insert into FIR.INVOICE_RAW values(10188, 1000765, 2, 31598198, to_date('21.04.2013', 'dd.mm.yyyy'), to_date('14.12.2012', 'dd.mm.yyyy'), '3', '348549', to_date('24.12.2012', 'dd.mm.yyyy'), 9, to_date('26.12.2013', 'dd.mm.yyyy'), '533796192815', to_date('29.09.2013', 'dd.mm.yyyy'), 9, to_date('06.05.2013', 'dd.mm.yyyy'), '8372641', to_date('07.10.2013', 'dd.mm.yyyy'), to_date('24.05.2012', 'dd.mm.yyyy'), '903815990736', '349956555', '6f1549cd-fd53-4810-85a0-69d1ed09ad6b', '519875318018', '899436364', 'd46a1235-6e81-41a8-81ab-096cea03d6f2', '8974427', to_date('23.02.2012', 'dd.mm.yyyy'), '698379768951', '377963806', 'd5227aa2-f2c1-4bc1-a2ac-f8841e57c977', 116, '921a3d6e-1e2e-4cce-a2ab-7eaed43a52cb', '4', 0.916403108237499, 0.848548190132039, 0.822626261423634, 0.760642310492994, 0.58136078323301, 0.154778068025959, 0.517772511820203, 0.279483324512599, 0.35668523765946, 0.230280383597259, 0.539245055308214, 0.590975789162785, 0.803215301038332, 0.206428334213061, 0.929431664258908, 0.791986942194396 );
insert into FIR.INVOICE_RAW values(10189, 1000765, 3, 40017810, to_date('20.12.2012', 'dd.mm.yyyy'), to_date('12.04.2012', 'dd.mm.yyyy'), '4', '3471856', to_date('21.01.2013', 'dd.mm.yyyy'), 9, to_date('10.04.2014', 'dd.mm.yyyy'), '147343920870', to_date('28.02.2014', 'dd.mm.yyyy'), 17, to_date('02.03.2014', 'dd.mm.yyyy'), '2706617', to_date('25.11.2012', 'dd.mm.yyyy'), to_date('11.12.2012', 'dd.mm.yyyy'), '159046717700', '148355795', '910099c4-12ca-4957-a681-4e3e742abe77', '322989577755', '858688676', '88df7150-f6c4-49e6-8831-e01fae02f56e', '6748842', to_date('20.07.2014', 'dd.mm.yyyy'), '199671155673', '853407840', '0d9eae7b-149d-45b5-955f-e8e6cac41756', 106, '5bdb07f8-4e67-4b20-9b09-a52ad7cae28d', '47', 0.119811589885415, 0.371300161523419, 0.989055644250035, 0.0408724001799116, 0.614500711958157, 0.803648465221584, 0.11773209465562, 0.0869753798874912, 0.487703269574653, 0.103044360458406, 0.109496131590333, 0.894303306887999, 0.205450494403695, 0.907623159656126, 0.653513793206547, 0.442537324709137 );
insert into FIR.INVOICE_RAW values(10190, 1000765, 2, 39858188, to_date('17.08.2014', 'dd.mm.yyyy'), to_date('13.08.2012', 'dd.mm.yyyy'), '18', '6367800', to_date('20.05.2012', 'dd.mm.yyyy'), 9, to_date('26.10.2013', 'dd.mm.yyyy'), '332073273249', to_date('08.02.2014', 'dd.mm.yyyy'), 1, to_date('26.11.2013', 'dd.mm.yyyy'), '3215348', to_date('19.09.2012', 'dd.mm.yyyy'), to_date('20.07.2012', 'dd.mm.yyyy'), '169058456972', '406544112', 'e1d0bec2-2d9b-4222-ac05-caca3eeaae4e', '841811400823', '256576976', '1fdd482a-ea26-44ac-8225-f8b3979f4b46', '1128230', to_date('25.08.2013', 'dd.mm.yyyy'), '320812836122', '443949923', '0aa18441-ed8f-4cd6-88b6-d39380a48eff', 95, 'f8355000-4560-483f-b063-e8c61241714b', '93', 0.586716866393907, 0.728680679448266, 0.628610510671796, 0.609618170936414, 0.365942152853097, 0.0193227049984609, 0.660673995344282, 0.0536795282055063, 0.458024253816355, 0.207806007102042, 0.452422035137388, 0.140602645529715, 0.876708762662815, 0.773617048176758, 0.74029240977964, 0.748774031060177 );
insert into FIR.INVOICE_RAW values(10191, 1000765, 3, 10998495, to_date('15.08.2012', 'dd.mm.yyyy'), to_date('19.12.2012', 'dd.mm.yyyy'), '10', '7931253', to_date('23.02.2013', 'dd.mm.yyyy'), 5, to_date('23.02.2012', 'dd.mm.yyyy'), '779993104249', to_date('26.04.2014', 'dd.mm.yyyy'), 17, to_date('03.11.2013', 'dd.mm.yyyy'), '7697092', to_date('03.12.2012', 'dd.mm.yyyy'), to_date('23.04.2014', 'dd.mm.yyyy'), '730125261183', '860733561', '258ac5e1-9c56-45aa-ac1e-99b100617887', '670232440299', '198692192', '6c8a3e06-28ab-4c9d-9631-9392098c6c17', '2765457', to_date('22.07.2013', 'dd.mm.yyyy'), '101859547045', '222250801', 'f5ae3f81-8751-4002-a806-afe6c1a4dd97', 38, '57edfa3c-db8e-474a-84aa-b482a241cece', '43', 0.137694952607944, 0.643382175193812, 0.725225484336366, 0.375349151611025, 0.156298742236709, 0.561675306205487, 0.751059612143347, 0.725995611271819, 0.51062648068677, 0.10093104518062, 0.900839567603934, 0.387214340449876, 0.707752131255228, 0.0115015409009073, 0.666420765531445, 0.593163694531267 );
insert into FIR.INVOICE_RAW values(10192, 1000765, 3, 7454163, to_date('27.02.2013', 'dd.mm.yyyy'), to_date('26.10.2013', 'dd.mm.yyyy'), '3', '6661339', to_date('13.05.2014', 'dd.mm.yyyy'), 2, to_date('02.01.2014', 'dd.mm.yyyy'), '940325364361', to_date('18.06.2013', 'dd.mm.yyyy'), 17, to_date('13.04.2012', 'dd.mm.yyyy'), '4475407', to_date('06.04.2014', 'dd.mm.yyyy'), to_date('26.07.2012', 'dd.mm.yyyy'), '507858791136', '758840631', '135fdd07-152e-471f-b0c9-c8340342f4b3', '644006182290', '490153453', '88dabca2-db09-4d75-afb3-216a358677b0', '3051502', to_date('11.03.2013', 'dd.mm.yyyy'), '239620750319', '841370338', 'b66e3f73-59dc-42c0-b37b-87419728fb6c', 16, 'e7b48c23-c980-4ea1-b769-21bda55a277d', '13', 0.872651296608453, 0.175492912146958, 0.349023129487887, 0.00591583084590539, 0.681485031117445, 0.635162846946699, 0.24972448369941, 0.86182915738869, 0.274755575356426, 0.664792137995731, 0.843666633518258, 0.408466936279306, 0.542504995848287, 0.340551210725937, 0.324118169641177, 0.81131013287758 );
insert into FIR.INVOICE_RAW values(10193, 1000765, 1, 27837108, to_date('08.03.2012', 'dd.mm.yyyy'), to_date('24.04.2013', 'dd.mm.yyyy'), '8', '2862356', to_date('22.07.2014', 'dd.mm.yyyy'), 6, to_date('02.09.2012', 'dd.mm.yyyy'), '641837699793', to_date('20.08.2012', 'dd.mm.yyyy'), 21, to_date('09.07.2012', 'dd.mm.yyyy'), '9973464', to_date('26.05.2013', 'dd.mm.yyyy'), to_date('22.01.2013', 'dd.mm.yyyy'), '590693757770', '135261734', 'df0aaa8f-5968-46cd-9f65-1186aca0de25', '910128409862', '149447351', 'c7889786-9774-4717-ae45-8e995a224aa2', '2059547', to_date('16.08.2013', 'dd.mm.yyyy'), '944892192672', '592296645', 'a29cbe38-c07e-4fcf-a519-3af28c56a962', 55, '8ba7a07a-7a4b-4b01-8be8-1a2d190610e2', '57', 0.0723218056710073, 0.71303900643859, 0.869167809779368, 0.405668060484188, 0.812584000086684, 0.606015691350222, 0.143901093464299, 0.634979771745847, 0.637201959563979, 0.826984441292931, 0.672490417339136, 0.983555643811615, 0.811686694068688, 0.88552104536701, 0.394607503150873, 0.879170924834521 );
insert into FIR.INVOICE_RAW values(10194, 1000765, 2, 8317341, to_date('10.05.2014', 'dd.mm.yyyy'), to_date('13.11.2012', 'dd.mm.yyyy'), '12', '8357618', to_date('19.04.2014', 'dd.mm.yyyy'), 1, to_date('10.12.2013', 'dd.mm.yyyy'), '269500290647', to_date('08.09.2012', 'dd.mm.yyyy'), 21, to_date('08.05.2013', 'dd.mm.yyyy'), '5583588', to_date('22.07.2014', 'dd.mm.yyyy'), to_date('18.04.2012', 'dd.mm.yyyy'), '397408794192', '778360421', '127b7179-78b0-4f0f-96cd-906674e506d3', '540365613526', '249748419', '6cde6f18-e425-4cf6-87c9-30c33bd0ccf5', '4412648', to_date('10.05.2013', 'dd.mm.yyyy'), '293463926435', '387041606', '98008946-11bc-4c3d-9e6f-0c2677bdb606', 50, '3ef8f758-2640-4aaf-98ab-f56b1f879fd7', '46', 0.508618745258366, 0.766836768838967, 0.241799759325478, 0.327468623559675, 0.930765099791235, 0.319087289887987, 0.324566670844595, 0.928548503168183, 0.536949748889054, 0.278312776832987, 0.634075139013154, 0.319685113299491, 0.683279157003052, 0.456965278581234, 0.317890070061148, 0.69435454378573 );
insert into FIR.INVOICE_RAW values(10195, 1000765, 3, 37187765, to_date('06.02.2012', 'dd.mm.yyyy'), to_date('26.12.2013', 'dd.mm.yyyy'), '13', '9830857', to_date('05.11.2013', 'dd.mm.yyyy'), 2, to_date('11.05.2013', 'dd.mm.yyyy'), '675049432737', to_date('18.02.2013', 'dd.mm.yyyy'), 15, to_date('10.01.2013', 'dd.mm.yyyy'), '7831390', to_date('22.07.2013', 'dd.mm.yyyy'), to_date('15.07.2014', 'dd.mm.yyyy'), '559851536372', '747560898', '54fefa20-2bc1-4305-a5ab-bb6005162bb9', '744932797599', '564837798', '060cbb3f-0cea-4e49-86b9-14f8012554d2', '8729091', to_date('20.10.2013', 'dd.mm.yyyy'), '713140643892', '623860118', '9df2ac79-f2f0-47ab-a3ac-d9a9f82a4ab2', 65, '8b3c27f7-364d-446e-9efe-55a7b8a50e5e', '39', 0.522047976274997, 0.904533969659607, 0.864497953962766, 0.13194267737304, 0.374740577011714, 0.458696786527846, 0.656796447307242, 0.775709564227476, 0.696835234154405, 0.170022809025842, 0.407111230030242, 0.223090281813913, 0.0341349775130558, 0.527847881674696, 0.310006466838534, 0.0180767770009473 );
insert into FIR.INVOICE_RAW values(10196, 1000765, 3, 9333156, to_date('30.03.2013', 'dd.mm.yyyy'), to_date('10.04.2014', 'dd.mm.yyyy'), '1', '2838739', to_date('29.06.2013', 'dd.mm.yyyy'), 9, to_date('18.05.2014', 'dd.mm.yyyy'), '770066644500', to_date('13.01.2013', 'dd.mm.yyyy'), 24, to_date('26.09.2012', 'dd.mm.yyyy'), '1255343', to_date('10.08.2014', 'dd.mm.yyyy'), to_date('26.03.2012', 'dd.mm.yyyy'), '752161649625', '664381283', '670f4b3c-f1d4-4515-9ede-3dc39b496fca', '125517199689', '590256469', '184e2bfc-02d1-454b-87ac-4d637a12a343', '8448470', to_date('18.03.2013', 'dd.mm.yyyy'), '438084990179', '925048453', '409d3133-bd25-493e-8b75-562693b17ae8', 89, 'c34039d3-7bde-4df2-91dc-604847a204bf', '80', 0.541278066365643, 0.129023005314648, 0.965374384990602, 0.106298253455338, 0.512993142713324, 0.653523621453682, 0.38218141504665, 0.464928640734837, 0.310194419841373, 0.0231096157911744, 0.682343913559962, 0.81722065239084, 0.219191285883631, 0.744885111108834, 0.511895593494128, 0.0755046727487374 );
insert into FIR.INVOICE_RAW values(10197, 1000765, 2, 431202, to_date('23.05.2014', 'dd.mm.yyyy'), to_date('17.01.2014', 'dd.mm.yyyy'), '4', '2463467', to_date('29.06.2013', 'dd.mm.yyyy'), 4, to_date('03.05.2014', 'dd.mm.yyyy'), '839272475062', to_date('29.07.2014', 'dd.mm.yyyy'), 17, to_date('25.08.2013', 'dd.mm.yyyy'), '6536792', to_date('06.05.2012', 'dd.mm.yyyy'), to_date('20.03.2013', 'dd.mm.yyyy'), '824043858264', '919928416', '39b84faf-a58d-4377-b4cb-c14a49ca7ccb', '448867255164', '747028586', '2ed00e68-a045-4bae-a4be-850c846da9e3', '360136', to_date('24.09.2013', 'dd.mm.yyyy'), '202897565232', '191276398', '6e6c2283-b65a-4c4c-8d27-79c44df16f21', 82, '798cfa09-524d-4792-a260-6b0684d63d49', '43', 0.311752315290157, 0.824040476616491, 0.556950946597825, 0.824080197058656, 0.241521708314084, 0.491161783920211, 0.396400306558423, 0.678632237798829, 0.853085017229004, 0.228729369690981, 0.424712915636931, 0.733759520451426, 0.766282266828363, 0.678856012261871, 0.786504865058933, 0.507887838644855 );
insert into FIR.INVOICE_RAW values(10198, 1000765, 3, 6580039, to_date('03.01.2014', 'dd.mm.yyyy'), to_date('28.05.2013', 'dd.mm.yyyy'), '17', '5971199', to_date('03.02.2012', 'dd.mm.yyyy'), 7, to_date('13.08.2012', 'dd.mm.yyyy'), '488161905115', to_date('26.02.2013', 'dd.mm.yyyy'), 24, to_date('23.10.2012', 'dd.mm.yyyy'), '6902094', to_date('16.07.2012', 'dd.mm.yyyy'), to_date('05.11.2012', 'dd.mm.yyyy'), '224378833943', '761469255', '56eab909-9ac7-4e4f-a431-bd2c830b5255', '725829346801', '298217252', '182749c1-1cbf-48a9-90bd-967d9dccb712', '1938894', to_date('04.04.2012', 'dd.mm.yyyy'), '107967194614', '858791826', 'f2b3d589-7b8d-46a5-aeaf-fbf750550d06', 98, 'cd71e789-6132-44c6-8e4c-329ac328f773', '97', 0.775340008444777, 0.427747246077166, 0.70716517824082, 0.324443813564462, 0.480030322670951, 0.632604722693844, 0.132589154007188, 0.503062708537589, 0.335108732495042, 0.271443515211085, 0.459022561767615, 0.694618459183079, 0.227555610811131, 0.114749491733848, 0.615088778368704, 0.158124001770338 );
insert into FIR.INVOICE_RAW values(10199, 1000810, 3, 37863632, to_date('07.02.2014', 'dd.mm.yyyy'), to_date('12.02.2014', 'dd.mm.yyyy'), '5', '3330444', to_date('19.03.2012', 'dd.mm.yyyy'), 6, to_date('03.11.2012', 'dd.mm.yyyy'), '573080496519', to_date('27.06.2014', 'dd.mm.yyyy'), 24, to_date('02.08.2013', 'dd.mm.yyyy'), '6691431', to_date('06.06.2013', 'dd.mm.yyyy'), to_date('04.07.2012', 'dd.mm.yyyy'), '364188576925', '899426198', 'd6e64563-0cdc-4827-aca1-42cb115ce802', '211119931779', '724062618', 'e37df45c-af77-4682-8245-1bbc020c7e09', '299985', to_date('26.12.2013', 'dd.mm.yyyy'), '547979318277', '682023464', 'bf498fb6-c648-4d1b-a1c4-1caba9b913bb', 24, '9014860e-463a-4f6c-b575-31e5e2c09ae3', '73', 0.604967681507099, 0.865309440468116, 0.0079953046552815, 0.256660716727684, 0.387847120588574, 0.598339678532602, 0.634990418625525, 0.382341161548319, 0.401417638827775, 0.861100296425214, 0.767405787374548, 0.366334854330092, 0.944952387802746, 0.416087458103936, 0.463249841455021, 0.499150265240646 );
insert into FIR.INVOICE_RAW values(10200, 1000810, 3, 12788489, to_date('20.04.2012', 'dd.mm.yyyy'), to_date('30.05.2013', 'dd.mm.yyyy'), '8', '6639058', to_date('06.08.2014', 'dd.mm.yyyy'), 2, to_date('03.01.2013', 'dd.mm.yyyy'), '596010733750', to_date('02.09.2013', 'dd.mm.yyyy'), 20, to_date('04.08.2012', 'dd.mm.yyyy'), '7410140', to_date('21.06.2012', 'dd.mm.yyyy'), to_date('05.01.2012', 'dd.mm.yyyy'), '443409659170', '416691214', '155e18bf-7264-48d9-a133-d75b7845f0b4', '709262939374', '130626545', '7a3429d5-3fa3-4957-8f48-7579e9f487a8', '8879927', to_date('10.07.2013', 'dd.mm.yyyy'), '128283597357', '394666739', 'a0e06d3e-3b1c-42df-bf1d-942882f3cc65', 118, '3d045b8f-a554-483b-af69-6698e0d9968f', '87', 0.943516585018261, 0.772299270039564, 0.209988360856654, 0.44323128715308, 0.758541418592698, 0.231219806350404, 0.31682370338441, 0.140116315865943, 0.230288465614565, 0.673921536968053, 0.0696702949095845, 0.114518414304833, 0.0548208654182129, 0.359800017140713, 0.216509237054973, 0.94709987656544 );
insert into FIR.INVOICE_RAW values(10201, 1000810, 2, 26606122, to_date('28.09.2012', 'dd.mm.yyyy'), to_date('03.07.2014', 'dd.mm.yyyy'), '17', '4329791', to_date('12.03.2013', 'dd.mm.yyyy'), 6, to_date('16.01.2013', 'dd.mm.yyyy'), '583667688253', to_date('25.08.2014', 'dd.mm.yyyy'), 29, to_date('28.10.2012', 'dd.mm.yyyy'), '7778537', to_date('26.06.2014', 'dd.mm.yyyy'), to_date('04.10.2012', 'dd.mm.yyyy'), '581425923309', '344989396', 'e64395ec-a671-425f-8aab-19f7743452d0', '962575519397', '448999776', '19a52cee-7fa8-4afd-962b-4fbd523c84f0', '2847117', to_date('29.05.2013', 'dd.mm.yyyy'), '932406654450', '241951322', '871b1888-2cf6-4f38-b3fc-b272a42e721d', 43, '855397c3-4768-4278-8e39-e28d750c6f6c', '83', 0.932972359439811, 0.898888127831224, 0.0986613352311129, 0.841707442813417, 0.102959001484774, 0.94667259042462, 0.270990098487116, 0.503005272943063, 0.284444799313529, 0.0894744932136845, 0.911267390899019, 0.662516065716052, 0.256108674805662, 0.129634055835024, 0.953991276190612, 0.936189711064189 );
insert into FIR.INVOICE_RAW values(10202, 1000810, 2, 10024785, to_date('14.02.2014', 'dd.mm.yyyy'), to_date('04.12.2012', 'dd.mm.yyyy'), '9', '9235625', to_date('05.07.2013', 'dd.mm.yyyy'), 9, to_date('28.04.2013', 'dd.mm.yyyy'), '185644645680', to_date('28.01.2014', 'dd.mm.yyyy'), 8, to_date('30.12.2013', 'dd.mm.yyyy'), '7422637', to_date('07.01.2012', 'dd.mm.yyyy'), to_date('19.03.2013', 'dd.mm.yyyy'), '414058557869', '885233231', 'b40d265d-81f2-4445-b640-bbebd04b0e58', '184961434353', '200183572', '89d8a898-177c-44c7-a1de-26901b90ae12', '1993439', to_date('08.02.2012', 'dd.mm.yyyy'), '675189393822', '154917679', '5f01107b-5347-4b2c-bd10-96aef946319f', 6, '8da9ee50-45fc-4e43-bf1f-1d13a26b3fcd', '61', 0.120546173826114, 0.69631487722337, 0.936065172281146, 0.929762520794646, 0.803567557038538, 0.88655416801877, 0.23189732443164, 0.123833809571263, 0.645809973425143, 0.990828670091382, 0.0201507569384532, 0.249205070663805, 0.793446489979255, 0.0496329083338533, 0.99812424741598, 0.974641073949002 );
insert into FIR.INVOICE_RAW values(10203, 1000810, 1, 15529159, to_date('27.05.2013', 'dd.mm.yyyy'), to_date('06.08.2012', 'dd.mm.yyyy'), '17', '9126612', to_date('01.10.2013', 'dd.mm.yyyy'), 8, to_date('30.05.2013', 'dd.mm.yyyy'), '981181637640', to_date('01.07.2014', 'dd.mm.yyyy'), 18, to_date('23.05.2014', 'dd.mm.yyyy'), '6057396', to_date('04.05.2014', 'dd.mm.yyyy'), to_date('04.02.2014', 'dd.mm.yyyy'), '549055572405', '402877287', '4b8774a7-9ca7-42bc-86ba-4d914085d315', '480758768306', '946925167', '6d69139a-22d4-4712-b3b0-6f6eec865bd6', '882179', to_date('06.05.2012', 'dd.mm.yyyy'), '393320808999', '593554375', '34dc8d4c-8ec1-4a6b-90d1-a0d6fbf6c8d7', 46, '0c6ea4b2-11e5-4605-aede-3295b4d9205f', '85', 0.440935755353857, 0.660232847398255, 0.87620784522789, 0.911349681630428, 0.478865372705676, 0.346340296951281, 0.036890891863448, 0.205873187727236, 0.374315253633221, 0.416690551404232, 0.869380058659883, 0.938972069387777, 0.976367432613097, 0.873325665422401, 0.37723561533598, 0.97154477935822 );
insert into FIR.INVOICE_RAW values(10204, 1000810, 3, 20269692, to_date('09.11.2013', 'dd.mm.yyyy'), to_date('23.04.2012', 'dd.mm.yyyy'), '4', '1110287', to_date('08.12.2013', 'dd.mm.yyyy'), 3, to_date('29.07.2012', 'dd.mm.yyyy'), '622205766639', to_date('10.05.2012', 'dd.mm.yyyy'), 8, to_date('16.07.2012', 'dd.mm.yyyy'), '2088763', to_date('31.12.2012', 'dd.mm.yyyy'), to_date('20.11.2013', 'dd.mm.yyyy'), '145204790233', '352280864', 'db14357a-ff8a-46cc-bf25-1899906631af', '770053846327', '776894401', '638ee879-72f6-4c0b-b80f-7863998ef24d', '4401459', to_date('02.06.2014', 'dd.mm.yyyy'), '961457179323', '574003622', 'cf5c2503-1b39-4815-ae30-2d2f444e3675', 173, 'd0279311-23e6-4d2e-a7c4-855e1352b721', '55', 0.432705420736552, 0.549644293519503, 0.606562964434998, 0.333442182901056, 0.218458926872564, 0.336436118621582, 0.569325143736473, 0.288880602125488, 0.322364501339553, 0.908306713173309, 0.455736803568777, 0.396597976981009, 0.893304206381228, 0.644033422062189, 0.797445060125294, 0.803316426837498 );
insert into FIR.INVOICE_RAW values(10205, 1000810, 1, 20439795, to_date('06.06.2013', 'dd.mm.yyyy'), to_date('10.09.2013', 'dd.mm.yyyy'), '1', '1783077', to_date('24.11.2012', 'dd.mm.yyyy'), 8, to_date('14.11.2013', 'dd.mm.yyyy'), '892024915898', to_date('22.10.2013', 'dd.mm.yyyy'), 8, to_date('05.06.2013', 'dd.mm.yyyy'), '7385574', to_date('01.07.2013', 'dd.mm.yyyy'), to_date('09.11.2012', 'dd.mm.yyyy'), '853111128068', '203574711', 'b5636854-6a72-43ec-be8e-5dcb6f335fea', '489640275492', '332003546', '6821ad6b-a911-44d8-b879-de754f76ac4b', '6064177', to_date('25.09.2012', 'dd.mm.yyyy'), '990088809750', '739724714', '43a80501-fb19-4541-8b7a-de63d6e29426', 171, '4a6a2d1c-5b05-480d-95a2-4f5345661293', '19', 0.939516189479975, 0.0815887968435831, 0.498262465232174, 0.675549628993287, 0.247003670896871, 0.71888986822166, 0.906018965368168, 0.194809159820345, 0.620919682840314, 0.156877457702941, 0.0502945860150711, 0.685268247819165, 0.498451906022826, 0.755494212152201, 0.240968636349295, 0.511690503224586 );
insert into FIR.INVOICE_RAW values(10206, 1000810, 1, 35086624, to_date('05.09.2012', 'dd.mm.yyyy'), to_date('02.04.2012', 'dd.mm.yyyy'), '6', '8576259', to_date('17.12.2012', 'dd.mm.yyyy'), 3, to_date('23.08.2014', 'dd.mm.yyyy'), '442301288421', to_date('01.01.2014', 'dd.mm.yyyy'), 26, to_date('22.02.2014', 'dd.mm.yyyy'), '7142349', to_date('01.04.2012', 'dd.mm.yyyy'), to_date('09.02.2012', 'dd.mm.yyyy'), '365011337116', '334176185', 'e6c2ae65-7610-49aa-8d40-266f876b6d7b', '694612152685', '530945832', '29df09a7-4d51-495b-852f-8e6cefd3c3fd', '4160614', to_date('17.11.2012', 'dd.mm.yyyy'), '216408675862', '623789370', '2d00c584-2932-4d0c-888d-86f6d9e957f5', 96, 'e9685434-02d2-4989-a13c-2ccfe212d4c0', '36', 0.661212981520786, 0.319891422204623, 0.371274833274668, 0.0627270657861266, 0.213677565201036, 0.456374339040543, 0.17588096492732, 0.356019970195377, 0.836658307740771, 0.0752032488003388, 0.203805133795275, 0.0277200341353752, 0.63337442727451, 0.639286939352419, 0.731155249164978, 0.072856592979681 );
insert into FIR.INVOICE_RAW values(10207, 1000810, 2, 14724361, to_date('22.03.2012', 'dd.mm.yyyy'), to_date('29.11.2012', 'dd.mm.yyyy'), '19', '9823650', to_date('23.08.2012', 'dd.mm.yyyy'), 9, to_date('26.01.2014', 'dd.mm.yyyy'), '261330354424', to_date('14.06.2012', 'dd.mm.yyyy'), 29, to_date('09.05.2013', 'dd.mm.yyyy'), '940069', to_date('24.05.2013', 'dd.mm.yyyy'), to_date('19.08.2012', 'dd.mm.yyyy'), '539717564832', '165292926', '2ccdaf4d-b919-48b2-9385-0e50be4be0e8', '987436323034', '947029927', '9b633efc-3185-4f90-a74d-c3c7de8dc4db', '8417054', to_date('03.11.2013', 'dd.mm.yyyy'), '668577681805', '783751944', 'ac9631af-5cf7-42a1-95f8-9b34a2c5185a', 188, '7ee2e82a-ceb9-4b40-b39d-e2b9c7292db3', '7', 0.18343156119037, 0.95171461671205, 0.965078328254204, 0.971088803825476, 0.335849480859865, 0.263961229596269, 0.378169004515824, 0.603478729540239, 0.496392249826524, 0.808604595162256, 0.173813414375211, 0.975353506382254, 0.00192209472969272, 0.512972394243336, 0.436429078428274, 0.71964561041428 );
insert into FIR.INVOICE_RAW values(10208, 1000810, 1, 25714299, to_date('15.04.2013', 'dd.mm.yyyy'), to_date('28.04.2012', 'dd.mm.yyyy'), '16', '9823557', to_date('13.10.2013', 'dd.mm.yyyy'), 7, to_date('16.12.2012', 'dd.mm.yyyy'), '606611785327', to_date('03.08.2013', 'dd.mm.yyyy'), 2, to_date('10.11.2013', 'dd.mm.yyyy'), '655686', to_date('13.07.2014', 'dd.mm.yyyy'), to_date('28.01.2014', 'dd.mm.yyyy'), '512911425207', '860740535', 'f2d31390-a341-4fa3-8601-0a4f57efcd87', '854110543400', '246796564', 'bcdaa342-9acc-41f2-a7ec-807ab88b226a', '1055394', to_date('15.05.2013', 'dd.mm.yyyy'), '401375902198', '743847584', '9170a851-d932-49d7-9e4e-17a1e11c3e4f', 138, 'c0a9678c-b9eb-4867-a951-24beb28e2abb', '80', 0.491168218427882, 0.401866991260027, 0.0903148106719902, 0.520753335450195, 0.894925141192472, 0.139250809391612, 0.0558465165346146, 0.435643028205094, 0.12009304441516, 0.831405224200061, 0.341398523348104, 0.665438111250027, 0.122012592908932, 0.275912404654507, 0.234349469297728, 0.733521908863225 );
insert into FIR.INVOICE_RAW values(10209, 1000810, 3, 16788996, to_date('01.10.2012', 'dd.mm.yyyy'), to_date('27.12.2012', 'dd.mm.yyyy'), '1', '8629091', to_date('22.03.2012', 'dd.mm.yyyy'), 1, to_date('16.08.2012', 'dd.mm.yyyy'), '223168970670', to_date('08.08.2012', 'dd.mm.yyyy'), 10, to_date('29.10.2012', 'dd.mm.yyyy'), '6134803', to_date('01.01.2013', 'dd.mm.yyyy'), to_date('24.02.2012', 'dd.mm.yyyy'), '230338151622', '561657411', '993f66a1-1952-45d5-b893-b3804bb6c6e9', '325339739315', '369907283', '645d14e6-e8f7-4b41-918f-a6d68085a8c5', '8747534', to_date('08.08.2012', 'dd.mm.yyyy'), '394543371274', '996316780', '72b2198d-456e-4580-a7e3-8bf2df7f073b', 136, 'a6c0131e-a121-498a-83f0-3dce44c892c4', '19', 0.378555298959164, 0.282506525182401, 0.160957777016311, 0.635636984200979, 0.734848303596884, 0.147364842774051, 0.195591391155306, 0.628227793438466, 0.00635700533462549, 0.597866047452142, 0.621961403462086, 0.00705008767873518, 0.720347460229112, 0.685261220059014, 0.104320829317123, 0.132562361719349 );
insert into FIR.INVOICE_RAW values(10210, 1000855, 1, 35851751, to_date('01.03.2014', 'dd.mm.yyyy'), to_date('05.07.2014', 'dd.mm.yyyy'), '13', '4721602', to_date('19.03.2013', 'dd.mm.yyyy'), 1, to_date('20.07.2013', 'dd.mm.yyyy'), '699289203578', to_date('12.06.2014', 'dd.mm.yyyy'), 11, to_date('22.02.2012', 'dd.mm.yyyy'), '8471581', to_date('19.10.2012', 'dd.mm.yyyy'), to_date('01.12.2012', 'dd.mm.yyyy'), '217625615200', '939722644', '05a75a20-1f46-43bb-871c-49e8f7e00af4', '237639413467', '366779270', '711b6d8b-04f6-4868-bec6-53d1f631d8be', '9992236', to_date('07.10.2013', 'dd.mm.yyyy'), '391905773057', '718905711', '2fe79002-a4ab-43fa-8733-03f277f8e395', 104, '355ccfbb-c683-48f9-8025-875d39290e43', '16', 0.675704607123372, 0.510130620333427, 0.0760310436953004, 0.943665775444203, 0.346802584522778, 0.114597683825808, 0.497976376441296, 0.74100205662707, 0.550915456167848, 0.092812770089513, 0.800629172846968, 0.620484093493076, 0.929415761925939, 0.554292336364413, 0.745721362412778, 0.996215220539 );
insert into FIR.INVOICE_RAW values(10211, 1000855, 3, 942151, to_date('08.03.2013', 'dd.mm.yyyy'), to_date('03.01.2012', 'dd.mm.yyyy'), '13', '2525692', to_date('23.02.2014', 'dd.mm.yyyy'), 1, to_date('13.04.2012', 'dd.mm.yyyy'), '452551263508', to_date('15.06.2014', 'dd.mm.yyyy'), 9, to_date('25.08.2014', 'dd.mm.yyyy'), '5325406', to_date('17.02.2014', 'dd.mm.yyyy'), to_date('04.12.2012', 'dd.mm.yyyy'), '796041934314', '345062789', '6b549fb0-b2d8-4ea0-adb2-9a862717faaa', '168727866830', '124030607', '7a05cd89-d48d-4a3a-a671-14af1d901251', '1408508', to_date('28.05.2012', 'dd.mm.yyyy'), '907058614353', '779450759', '534a016b-08e3-4a82-bf08-f315c769861f', 80, '00aa5847-35ad-4f09-9a13-bf16b9b9e7a4', '69', 0.899024984286644, 0.472498785458737, 0.747091201947579, 0.275239186955262, 0.878722513969393, 0.126936160552751, 0.0241291346140807, 0.280125413220434, 0.81097692847763, 0.621292822352281, 0.0729142143730606, 0.917677635754308, 0.66220389523646, 0.510990799642629, 0.808497875374042, 0.68213048655639 );
insert into FIR.INVOICE_RAW values(10212, 1000855, 2, 26134062, to_date('04.01.2014', 'dd.mm.yyyy'), to_date('21.03.2013', 'dd.mm.yyyy'), '6', '3192519', to_date('27.04.2014', 'dd.mm.yyyy'), 1, to_date('10.06.2014', 'dd.mm.yyyy'), '693724492712', to_date('04.12.2013', 'dd.mm.yyyy'), 1, to_date('17.10.2013', 'dd.mm.yyyy'), '5464211', to_date('11.07.2012', 'dd.mm.yyyy'), to_date('15.12.2013', 'dd.mm.yyyy'), '861505978776', '964509873', '76e610cb-5288-46e3-93a5-8fd8784606ae', '452731879431', '360847116', '87d71824-9b32-49ec-b4b2-455d634f12a1', '994107', to_date('07.05.2013', 'dd.mm.yyyy'), '214954931398', '122777561', 'e57e1460-1029-4b91-b679-ee793dc1685c', 161, 'dee81803-66b8-40fa-b800-bb7a02134eb7', '72', 0.58092287489256, 0.346636935298628, 0.0982378749634316, 0.378319547222145, 0.570176861980081, 0.490582614899884, 0.876472775766846, 0.422390817395593, 0.845071833508588, 0.545864899431292, 0.441414125003579, 0.80884121302927, 0.134665653172259, 0.71267901999535, 0.0563516263181118, 0.985915855963675 );
insert into FIR.INVOICE_RAW values(10213, 1000855, 1, 17801437, to_date('24.07.2014', 'dd.mm.yyyy'), to_date('20.04.2012', 'dd.mm.yyyy'), '1', '9537830', to_date('31.03.2013', 'dd.mm.yyyy'), 4, to_date('24.03.2012', 'dd.mm.yyyy'), '132102157678', to_date('04.07.2012', 'dd.mm.yyyy'), 20, to_date('26.10.2012', 'dd.mm.yyyy'), '758466', to_date('26.09.2012', 'dd.mm.yyyy'), to_date('28.07.2013', 'dd.mm.yyyy'), '441148789481', '903548431', 'b01c93ec-f9f3-4ab4-8291-a4cf378e5a1c', '141406965799', '758305669', '5df7e6ef-164d-41f1-8cf0-580f04deb489', '9666437', to_date('16.12.2012', 'dd.mm.yyyy'), '284941277975', '772962172', 'a708c2a7-7733-4b47-a499-e94f10bb5555', 91, '5a1a4aa0-93fe-4237-a26a-949ffd6aa2d2', '97', 0.05436490478663, 0.385487904020347, 0.740771330306666, 0.371024133810319, 0.71948209857544, 0.561279554181397, 0.322849236579076, 0.535478996827956, 0.542895099400959, 0.947295976312503, 0.223039212274849, 0.927093032713557, 0.760825793147472, 0.367545720826623, 0.0146837765419314, 0.898547451895916 );
insert into FIR.INVOICE_RAW values(10214, 1000855, 2, 13976830, to_date('24.08.2013', 'dd.mm.yyyy'), to_date('07.03.2012', 'dd.mm.yyyy'), '1', '9852840', to_date('30.04.2013', 'dd.mm.yyyy'), 1, to_date('04.09.2013', 'dd.mm.yyyy'), '641606457055', to_date('22.05.2012', 'dd.mm.yyyy'), 11, to_date('06.11.2013', 'dd.mm.yyyy'), '9977508', to_date('05.04.2012', 'dd.mm.yyyy'), to_date('29.06.2013', 'dd.mm.yyyy'), '441644586161', '811343232', '81144dc8-6145-4dcd-8e7d-08ca5b1947f5', '520309285864', '780240447', 'fbf04e49-3f88-4e31-9dcb-aa678c9907cb', '3361504', to_date('11.03.2013', 'dd.mm.yyyy'), '442162877541', '984181863', 'a8329636-4e33-4e6b-8ebf-d8d356385c69', 137, '33adda58-692e-4fe8-8ca8-1dd91858f518', '72', 0.635651424823166, 0.434440207869951, 0.292977062656068, 0.899646440008491, 0.254359475455414, 0.419907032242002, 0.636014666238806, 0.324020112549896, 0.927206040791798, 0.708710418412793, 0.81416942682777, 0.256949904960091, 0.0899839415633976, 0.403215846234567, 0.584575265452534, 0.531626030118962 );
insert into FIR.INVOICE_RAW values(10215, 1000855, 2, 47613120, to_date('18.02.2014', 'dd.mm.yyyy'), to_date('20.02.2014', 'dd.mm.yyyy'), '14', '4410789', to_date('12.08.2013', 'dd.mm.yyyy'), 3, to_date('15.03.2014', 'dd.mm.yyyy'), '965154399030', to_date('02.01.2012', 'dd.mm.yyyy'), 8, to_date('26.04.2013', 'dd.mm.yyyy'), '2207274', to_date('28.11.2012', 'dd.mm.yyyy'), to_date('05.08.2014', 'dd.mm.yyyy'), '692515136792', '376540140', '8ed9925e-9680-491b-8772-2ddec9872186', '723539766266', '377921492', '68b9089b-2b5b-4743-87c2-288a2aab9b97', '6223243', to_date('20.10.2013', 'dd.mm.yyyy'), '963823276190', '621440306', '081d786d-5797-4a5b-89bf-4d30686a1777', 125, '6846b829-09f8-4b59-bb71-5d921391475c', '9', 0.83254211714144, 0.690421418142701, 0.35114087786113, 0.464018694341191, 0.46893557462326, 0.795865812709492, 0.0927429078578683, 0.175997299689798, 0.478681755009425, 0.9270585807632, 0.222597524161729, 0.515282851883808, 0.689115051035357, 0.819897255310741, 0.633878408295046, 0.960661614295403 );
insert into FIR.INVOICE_RAW values(10216, 1000855, 3, 38575601, to_date('19.02.2014', 'dd.mm.yyyy'), to_date('05.10.2013', 'dd.mm.yyyy'), '7', '3850459', to_date('11.02.2014', 'dd.mm.yyyy'), 8, to_date('30.04.2014', 'dd.mm.yyyy'), '966292836052', to_date('08.01.2013', 'dd.mm.yyyy'), 19, to_date('01.11.2012', 'dd.mm.yyyy'), '8231846', to_date('29.08.2014', 'dd.mm.yyyy'), to_date('18.08.2014', 'dd.mm.yyyy'), '259494996954', '416667274', '704b66bf-ba37-4f37-8c1d-73ec99b89f73', '979606539738', '182007721', '0815ef6b-d256-412d-b003-5b935c8cab0b', '9920445', to_date('28.10.2012', 'dd.mm.yyyy'), '394702840795', '869799839', '5bd7e2cb-6bd4-4ef4-b194-31b8b84509d6', 70, 'fa8024db-c820-479b-954c-0331b446ddea', '31', 0.784640223153234, 0.452506266279382, 0.92549635047349, 0.21409010757417, 0.463311731565423, 0.418582353470187, 0.318824496268679, 0.1123238360101, 0.517754761277584, 0.807911987326998, 0.348089597350028, 0.450918151741344, 0.151241831551884, 0.635447343175974, 0.310904829907652, 0.257119069926962 );
insert into FIR.INVOICE_RAW values(10217, 1000855, 1, 47915867, to_date('04.01.2013', 'dd.mm.yyyy'), to_date('15.12.2013', 'dd.mm.yyyy'), '19', '1194375', to_date('09.03.2012', 'dd.mm.yyyy'), 4, to_date('16.10.2012', 'dd.mm.yyyy'), '205774369013', to_date('23.08.2012', 'dd.mm.yyyy'), 23, to_date('19.12.2013', 'dd.mm.yyyy'), '3690026', to_date('22.01.2014', 'dd.mm.yyyy'), to_date('21.03.2013', 'dd.mm.yyyy'), '568966371047', '249674833', '9fbf290c-dcc1-40d4-8c9a-1ea22bf31190', '807589560722', '188130511', '1e6b0058-2636-4f84-9b18-9ccb11e531c7', '9455792', to_date('14.02.2014', 'dd.mm.yyyy'), '311913863417', '254758898', '5750de47-731c-4be1-babe-2cb66ed5d13c', 114, '0e264166-c020-42ae-b472-e4cd2b85a198', '41', 0.639704664535683, 0.00687337573937763, 0.666404295557367, 0.34033011102133, 0.318727019391361, 0.351584758307591, 0.504390383374128, 0.417499742665095, 0.0762344827299167, 0.377201875847393, 0.872119566366132, 0.491313566682541, 0.641629398167892, 0.935791528753839, 0.879004004355056, 0.123170186822848 );
insert into FIR.INVOICE_RAW values(10218, 1000855, 3, 48867329, to_date('16.07.2013', 'dd.mm.yyyy'), to_date('10.03.2014', 'dd.mm.yyyy'), '2', '5039801', to_date('12.09.2012', 'dd.mm.yyyy'), 6, to_date('18.02.2012', 'dd.mm.yyyy'), '766368888378', to_date('05.11.2013', 'dd.mm.yyyy'), 14, to_date('01.07.2014', 'dd.mm.yyyy'), '2807190', to_date('22.10.2012', 'dd.mm.yyyy'), to_date('19.04.2012', 'dd.mm.yyyy'), '555631984539', '225288673', '113d4702-ff4f-424c-88f8-903782d6c72a', '640911633432', '309612511', '81a2dc7f-f134-47db-8ff4-1539f0088c09', '5870146', to_date('16.06.2013', 'dd.mm.yyyy'), '388905713184', '246429250', '44d7db2a-70de-4256-9974-f3f396fea3a2', 160, 'e806f886-a814-4e6c-b283-7e08543fda8f', '99', 0.0446624830573157, 0.538797459350339, 0.523454264515757, 0.783174777768168, 0.764784609323733, 0.144224135737971, 0.0773016764211011, 0.419597489489055, 0.612272869615011, 0.859072839309961, 0.234857728814174, 0.00834864098967455, 0.848725563776086, 0.668315592533124, 0.601845312678183, 0.597714879362711 );
insert into FIR.INVOICE_RAW values(10219, 1000855, 2, 23526256, to_date('12.04.2014', 'dd.mm.yyyy'), to_date('19.08.2014', 'dd.mm.yyyy'), '18', '2027922', to_date('28.06.2014', 'dd.mm.yyyy'), 3, to_date('08.04.2014', 'dd.mm.yyyy'), '748060931519', to_date('16.03.2013', 'dd.mm.yyyy'), 3, to_date('28.12.2012', 'dd.mm.yyyy'), '4399203', to_date('01.03.2012', 'dd.mm.yyyy'), to_date('07.05.2013', 'dd.mm.yyyy'), '435824485231', '403554191', '53075a18-36b4-4182-9d63-b8d84dcd2935', '471018917460', '970101974', '393276c4-7031-4889-b79d-94baf91879d9', '2647392', to_date('18.02.2013', 'dd.mm.yyyy'), '533006642187', '627400347', 'a869d809-e6fd-4ffd-84f5-fa6bac62619a', 187, '67162093-e723-4cd4-97be-d8d57afd871a', '24', 0.36121179459673, 0.750201078015473, 0.805583720004924, 0.747133880735903, 0.750646024360622, 0.958217398709719, 0.0727945659648602, 0.8480387324691, 0.00230347924041724, 0.36442673130167, 0.554232812744674, 0.88729251729664, 0.247993196941909, 0.161877459456156, 0.77183726931542, 0.88410265179542 );
insert into FIR.INVOICE_RAW values(10220, 1000855, 1, 22755750, to_date('14.07.2012', 'dd.mm.yyyy'), to_date('04.01.2013', 'dd.mm.yyyy'), '12', '7652755', to_date('24.05.2012', 'dd.mm.yyyy'), 3, to_date('25.06.2014', 'dd.mm.yyyy'), '652665732327', to_date('27.11.2013', 'dd.mm.yyyy'), 10, to_date('02.09.2013', 'dd.mm.yyyy'), '7558459', to_date('05.03.2012', 'dd.mm.yyyy'), to_date('24.06.2012', 'dd.mm.yyyy'), '532696330922', '495908940', '2325aed4-62d7-4090-88d8-1bb39c0feb0b', '958555584174', '704540821', '17e7e645-b64a-4662-9b43-8f191769cd94', '5981675', to_date('17.08.2012', 'dd.mm.yyyy'), '255219123983', '414010296', 'eaa17b60-a5ab-4ca5-96cf-f76bb88f8466', 170, '7fe44dcb-63e9-4306-8931-43ad3188cd76', '45', 0.136610204883204, 0.232892504536031, 0.0604113135768153, 0.630114665082709, 0.46636136130726, 0.0240772101208927, 0.972294340362909, 0.39129011490908, 0.210895066247738, 0.933648716161795, 0.664192050073385, 0.451122456440293, 0.416471484311145, 0.962206790206119, 0.656268665406978, 0.456776353277628 );
insert into FIR.INVOICE_RAW values(10221, 1000900, 3, 41637723, to_date('11.04.2013', 'dd.mm.yyyy'), to_date('15.01.2014', 'dd.mm.yyyy'), '2', '8654924', to_date('28.09.2012', 'dd.mm.yyyy'), 6, to_date('11.04.2014', 'dd.mm.yyyy'), '515126934535', to_date('29.05.2012', 'dd.mm.yyyy'), 17, to_date('21.11.2012', 'dd.mm.yyyy'), '3747712', to_date('11.03.2013', 'dd.mm.yyyy'), to_date('15.08.2013', 'dd.mm.yyyy'), '300372670585', '965158828', 'ad3f6181-b207-43bb-acfe-154597ac77d2', '106031314481', '370716979', '8ccfb8bf-ab12-45b5-a6d9-d09c73c05132', '289880', to_date('01.12.2012', 'dd.mm.yyyy'), '866767476896', '302286963', '0bbf3ca8-f505-4156-87f2-2ecc67d5b98a', 179, 'dcaf7f3d-683b-483f-a5c7-a556984cda5c', '97', 0.341096895905722, 0.19423150326788, 0.72230829192433, 0.822950160979736, 0.710922668553387, 0.402042037528959, 0.645256215541277, 0.767474809087568, 0.255454620465382, 0.945058339249836, 0.613903049665458, 0.756413816826611, 0.115284453199843, 0.327435664519405, 0.13967839169301, 0.323725884465373 );
insert into FIR.INVOICE_RAW values(10222, 1000900, 3, 5226615, to_date('26.03.2014', 'dd.mm.yyyy'), to_date('16.11.2013', 'dd.mm.yyyy'), '15', '5758508', to_date('08.06.2012', 'dd.mm.yyyy'), 9, to_date('05.12.2012', 'dd.mm.yyyy'), '996615257344', to_date('09.05.2012', 'dd.mm.yyyy'), 13, to_date('14.07.2014', 'dd.mm.yyyy'), '2489753', to_date('16.08.2012', 'dd.mm.yyyy'), to_date('26.03.2014', 'dd.mm.yyyy'), '461049385103', '850215734', 'b3f2ea0a-dad1-453e-b44b-0040ac5dc2b4', '250478731887', '298301286', 'a1221646-c273-4946-b04b-098e3efb1899', '4067061', to_date('17.05.2014', 'dd.mm.yyyy'), '170862651132', '288045919', '0c036a1f-a04d-43e0-ac3b-733afbeda09b', 68, '5cc5e43d-e7fb-485b-8ca0-f9cb6d95850d', '51', 0.508776937848319, 0.787739536626143, 0.0449416185938481, 0.57409584269584, 0.32376183724206, 0.353285053443762, 0.589630686486899, 0.405024407154426, 0.745527940683778, 0.66736617342912, 0.663340505987099, 0.282742700671192, 0.704923356745822, 0.898708611213932, 0.945327443510912, 0.59997121877967 );
insert into FIR.INVOICE_RAW values(10223, 1000900, 3, 44472948, to_date('11.09.2012', 'dd.mm.yyyy'), to_date('23.02.2014', 'dd.mm.yyyy'), '8', '8157030', to_date('27.06.2012', 'dd.mm.yyyy'), 6, to_date('03.01.2012', 'dd.mm.yyyy'), '413471433357', to_date('23.08.2012', 'dd.mm.yyyy'), 17, to_date('15.12.2013', 'dd.mm.yyyy'), '5451643', to_date('23.01.2014', 'dd.mm.yyyy'), to_date('13.03.2013', 'dd.mm.yyyy'), '841194975344', '939486991', 'a95dc9ed-0c84-49ca-9cb5-74c46dc7df20', '729911394947', '340104469', '32ea274e-57be-4f9f-9619-8009a86df991', '5582837', to_date('12.05.2013', 'dd.mm.yyyy'), '191210404121', '593066960', '2fc9c78c-0ba0-4d77-a1db-afd483e340dd', 25, '34fcd5b3-398b-480e-930d-bb5b3cbbbd6d', '98', 0.566809309910428, 0.567125490199367, 0.378749090888886, 0.267751291053254, 0.144521607619022, 0.551016336097855, 0.581067144675677, 0.50412705098471, 0.625743217592008, 0.399649418610916, 0.860094512747645, 0.780245180605094, 0.952905828576957, 0.0898385984310129, 0.11706637270612, 0.144304767318212 );
insert into FIR.INVOICE_RAW values(10224, 1000900, 2, 5658223, to_date('12.10.2012', 'dd.mm.yyyy'), to_date('06.02.2013', 'dd.mm.yyyy'), '4', '2685959', to_date('02.07.2012', 'dd.mm.yyyy'), 7, to_date('23.04.2012', 'dd.mm.yyyy'), '578379588945', to_date('21.06.2014', 'dd.mm.yyyy'), 16, to_date('17.07.2012', 'dd.mm.yyyy'), '9250919', to_date('25.07.2013', 'dd.mm.yyyy'), to_date('08.03.2014', 'dd.mm.yyyy'), '703616820371', '397827179', '58f0de55-a370-4794-9a45-2dd660583196', '444089230413', '917371377', '50497645-9746-470d-985e-f76734bd0375', '3138628', to_date('29.09.2012', 'dd.mm.yyyy'), '897963489002', '932509604', '9cbb2b09-62aa-437f-925d-17b509f5c2d2', 62, '1c8bf2fc-44fc-40e1-b107-9fd949bdb2c9', '53', 0.10644595003987, 0.676673803327919, 0.105374801021709, 0.0431278497181497, 0.423009867045567, 0.181921624663249, 0.553446589761156, 0.616203431792652, 0.289778988943332, 0.136467849899301, 0.0432459945060527, 0.289426251449355, 0.518220593462801, 0.513180540647907, 0.23821916256017, 0.874636242573446 );
insert into FIR.INVOICE_RAW values(10225, 1000900, 2, 48510356, to_date('09.03.2012', 'dd.mm.yyyy'), to_date('02.03.2013', 'dd.mm.yyyy'), '12', '3449069', to_date('25.08.2013', 'dd.mm.yyyy'), 6, to_date('21.05.2013', 'dd.mm.yyyy'), '426131628691', to_date('04.10.2013', 'dd.mm.yyyy'), 8, to_date('03.10.2013', 'dd.mm.yyyy'), '2940285', to_date('22.09.2013', 'dd.mm.yyyy'), to_date('26.11.2013', 'dd.mm.yyyy'), '716362672236', '240503877', 'b9818daa-2563-435e-8570-0ceb926bea54', '286253123483', '966076179', '9cfea3d5-862b-4bc7-92b1-f865b3a7797c', '3716826', to_date('19.02.2012', 'dd.mm.yyyy'), '549013135739', '466251222', '675c27f7-e173-46d0-b83c-c76460439474', 180, 'eb67e8e6-d76f-40da-93f3-021663cd7ea9', '30', 0.144356965620237, 0.00837569311651201, 0.82148998129251, 0.400599551573675, 0.6562735487969, 0.148068377817081, 0.0716113061977603, 0.798471151757274, 0.541225998448779, 0.513298552722344, 0.926886702388006, 0.216883166328484, 0.742251125975629, 0.193542750642422, 0.837651751859883, 0.205867799094817 );
insert into FIR.INVOICE_RAW values(10226, 1000900, 1, 20059658, to_date('31.08.2012', 'dd.mm.yyyy'), to_date('10.06.2012', 'dd.mm.yyyy'), '17', '6318982', to_date('29.06.2012', 'dd.mm.yyyy'), 7, to_date('27.11.2013', 'dd.mm.yyyy'), '598978753124', to_date('27.09.2013', 'dd.mm.yyyy'), 5, to_date('23.04.2013', 'dd.mm.yyyy'), '5629572', to_date('26.07.2013', 'dd.mm.yyyy'), to_date('15.04.2013', 'dd.mm.yyyy'), '788222189967', '238098452', 'eb4b3b8f-db1e-458c-82f9-0d9479444c8e', '659580103974', '422127977', '0cf11eba-8ca4-4ad7-ba64-532af204b862', '2586655', to_date('22.12.2012', 'dd.mm.yyyy'), '913220306422', '418264142', 'c3de1b4e-73cc-42b7-9459-28ff8657db48', 47, 'fe1b89e0-bd62-41bb-b32e-7ad4c9a9ec9d', '21', 0.695953118007608, 0.324069171829181, 0.711702940851312, 0.391859577219868, 0.84762053510529, 0.782962042271608, 0.8956093112452, 0.0564772119077282, 0.532755314154902, 0.499528146115843, 0.48959972313121, 0.11923656618187, 0.496085671473334, 0.829910567416768, 0.492317807158603, 0.925203932414392 );
insert into FIR.INVOICE_RAW values(10227, 1000900, 1, 4890987, to_date('14.04.2013', 'dd.mm.yyyy'), to_date('20.11.2012', 'dd.mm.yyyy'), '1', '2070311', to_date('25.06.2012', 'dd.mm.yyyy'), 1, to_date('23.11.2012', 'dd.mm.yyyy'), '251093918584', to_date('07.01.2013', 'dd.mm.yyyy'), 4, to_date('23.03.2013', 'dd.mm.yyyy'), '758552', to_date('17.04.2014', 'dd.mm.yyyy'), to_date('13.04.2014', 'dd.mm.yyyy'), '192136158164', '760265562', '627ac7c4-4b9a-4abf-a2c8-dbce0285c1ba', '178387358273', '843922973', '2fd47a53-ff1e-4e51-b55b-82ca80af2cff', '907835', to_date('13.08.2014', 'dd.mm.yyyy'), '322791983200', '317535485', '5d268c9c-6905-4e5b-a18f-dfc5b9836df7', 75, '4951257e-5f15-406c-b801-e556ab89e529', '39', 0.170779071827782, 0.21920481194705, 0.287235267594101, 0.348741279611709, 0.813577050256346, 0.477319532296303, 0.397912577911239, 0.31002260293347, 0.65846207163225, 0.779963746098784, 0.777723424033133, 0.221358827418349, 0.495133942223682, 0.501622241223986, 0.948927875584424, 0.0187062956479873 );
insert into FIR.INVOICE_RAW values(10228, 1000900, 2, 10748102, to_date('22.01.2012', 'dd.mm.yyyy'), to_date('10.03.2012', 'dd.mm.yyyy'), '10', '2234689', to_date('04.05.2012', 'dd.mm.yyyy'), 4, to_date('11.10.2012', 'dd.mm.yyyy'), '948431574471', to_date('09.01.2013', 'dd.mm.yyyy'), 6, to_date('24.05.2012', 'dd.mm.yyyy'), '5336470', to_date('04.08.2013', 'dd.mm.yyyy'), to_date('12.02.2014', 'dd.mm.yyyy'), '857210925751', '377312107', '12a86873-f314-4f00-a25f-4f0b270dd2d3', '596894353728', '627772553', '6cc8aba4-7552-4473-8b83-dde8ce56ab7b', '2586670', to_date('16.06.2014', 'dd.mm.yyyy'), '432501785771', '521803540', '4a182a24-a8aa-4d84-b2f9-36bc89466cfd', 124, '6cf2ec95-2774-4452-9c29-a5ae5405a8a0', '82', 0.693358531544618, 0.237422669416956, 0.87991321593519, 0.401932746359116, 0.949402826348973, 0.423712295211718, 0.356790053358669, 0.534051265350567, 0.320533837341021, 0.848715963237321, 0.54822437630418, 0.0976050263725244, 0.647198456175252, 0.966017366836787, 0.469912345274311, 0.304709151994767 );
insert into FIR.INVOICE_RAW values(10229, 1000900, 2, 18978033, to_date('03.02.2012', 'dd.mm.yyyy'), to_date('16.07.2014', 'dd.mm.yyyy'), '19', '7910854', to_date('05.04.2012', 'dd.mm.yyyy'), 1, to_date('04.05.2014', 'dd.mm.yyyy'), '885301836657', to_date('15.05.2012', 'dd.mm.yyyy'), 10, to_date('27.06.2014', 'dd.mm.yyyy'), '2169876', to_date('21.12.2012', 'dd.mm.yyyy'), to_date('31.07.2012', 'dd.mm.yyyy'), '582714793115', '254412744', 'bd31f04e-ad0f-4c55-9a33-bf037ca830fd', '178121494436', '860768744', 'f98132de-b7e1-49c3-89e4-e84b5f209bac', '1802261', to_date('15.02.2014', 'dd.mm.yyyy'), '281142994765', '540857235', '5459456e-5810-4fa4-a748-f7bccf6c7cd8', 99, 'beebe2f3-5587-4827-93b9-12d66410f043', '5', 0.31048638574336, 0.277880278545376, 0.638631395827342, 0.485194083529149, 0.730522358198894, 0.949093692912298, 0.585025667019666, 0.785833179385324, 0.810038369060512, 0.173451511270111, 0.341109774699951, 0.363610678521735, 0.779751524692286, 0.929340436556069, 0.430834187395328, 0.150386005710059 );
insert into FIR.INVOICE_RAW values(10230, 1000900, 1, 15975174, to_date('04.10.2012', 'dd.mm.yyyy'), to_date('29.01.2012', 'dd.mm.yyyy'), '5', '6719719', to_date('23.01.2014', 'dd.mm.yyyy'), 5, to_date('02.06.2013', 'dd.mm.yyyy'), '323082795987', to_date('08.04.2014', 'dd.mm.yyyy'), 2, to_date('20.05.2014', 'dd.mm.yyyy'), '1119614', to_date('25.11.2013', 'dd.mm.yyyy'), to_date('04.06.2012', 'dd.mm.yyyy'), '713171938232', '689635458', '0211dbdf-3dfd-443d-94c8-0bdfa80a38ff', '589806780076', '145415430', '24b8e8c0-b588-4088-bf22-3261fe4f6a62', '8902158', to_date('23.09.2013', 'dd.mm.yyyy'), '209544138649', '821906390', 'e11bd3bc-56c4-40e8-be66-ca0773fc6b04', 41, '2195f539-c935-433f-ab27-0a707905010b', '92', 0.151913332357962, 0.577075102635228, 0.427279750084169, 0.367435512304043, 0.650129837286719, 0.357725588771387, 0.873464483243164, 0.617883962866796, 0.824704381089986, 0.92700777339144, 0.102302786010458, 0.0213066241803144, 0.0741533502350344, 0.481419812646424, 0.788751674251981, 0.68814751118801 );
insert into FIR.INVOICE_RAW values(10231, 1000900, 2, 35634128, to_date('16.07.2013', 'dd.mm.yyyy'), to_date('15.07.2012', 'dd.mm.yyyy'), '1', '7842086', to_date('20.09.2012', 'dd.mm.yyyy'), 2, to_date('14.06.2013', 'dd.mm.yyyy'), '433719399489', to_date('21.09.2012', 'dd.mm.yyyy'), 21, to_date('16.03.2014', 'dd.mm.yyyy'), '5362798', to_date('25.10.2013', 'dd.mm.yyyy'), to_date('29.12.2013', 'dd.mm.yyyy'), '392296300024', '500122837', 'e062a0e5-1cdd-439e-9c1e-726f11f68812', '525976143067', '876788446', 'c5c85d13-fec9-4b05-8b03-50e41d27f6d7', '5925470', to_date('12.09.2012', 'dd.mm.yyyy'), '168992888206', '473988972', 'e2095be0-fec3-4ef6-837c-1e60c48b6759', 74, 'bf6424bc-8021-411d-b00d-8e05636669cc', '94', 0.888543365471318, 0.712480092287287, 0.576796210173888, 0.302002379345709, 0.308278703274335, 0.286062409768841, 0.039008222538516, 0.9701741882461, 0.193577216096957, 0.335474513161683, 0.321976666023013, 0.358153436034058, 0.4281577339527, 0.840254157707214, 0.763189630938316, 0.924109912442095 );
insert into FIR.INVOICE_RAW values(10232, 1000945, 1, 44709236, to_date('21.06.2013', 'dd.mm.yyyy'), to_date('31.01.2013', 'dd.mm.yyyy'), '14', '8553909', to_date('12.02.2014', 'dd.mm.yyyy'), 2, to_date('29.06.2013', 'dd.mm.yyyy'), '385852345697', to_date('08.05.2014', 'dd.mm.yyyy'), 22, to_date('28.02.2014', 'dd.mm.yyyy'), '467350', to_date('03.07.2013', 'dd.mm.yyyy'), to_date('26.02.2013', 'dd.mm.yyyy'), '612901123258', '143168454', 'fc6c8c8f-ce56-4175-8c00-865ba54d1306', '935958869713', '433391796', 'c4247016-241a-4a86-b617-49608840ebef', '7416483', to_date('23.03.2012', 'dd.mm.yyyy'), '651068789594', '698362530', '1fa571d1-7a2b-4838-aaf4-d17fab0dbd46', 132, '7642c047-6ab2-4547-b1ed-ae654709ff3c', '19', 0.439625726751809, 0.595650667136372, 0.320423260480363, 0.713976359327313, 0.91244250997549, 0.402352126036935, 0.234877671690135, 0.497417400822704, 0.261065006377671, 0.769958154191244, 0.977831262619156, 0.67212978502369, 0.294124286758771, 0.666549914826895, 0.981467326628728, 0.4840577363428 );
insert into FIR.INVOICE_RAW values(10233, 1000945, 3, 42326286, to_date('09.02.2014', 'dd.mm.yyyy'), to_date('07.09.2012', 'dd.mm.yyyy'), '10', '1561689', to_date('09.04.2013', 'dd.mm.yyyy'), 4, to_date('21.12.2013', 'dd.mm.yyyy'), '915722313027', to_date('11.07.2013', 'dd.mm.yyyy'), 12, to_date('13.07.2014', 'dd.mm.yyyy'), '2602476', to_date('27.04.2014', 'dd.mm.yyyy'), to_date('10.06.2012', 'dd.mm.yyyy'), '276928717455', '944131705', '35cdd011-5f57-492c-84a1-ad60dbdf393f', '899803587289', '290970808', '6a11f56f-db65-431d-a243-550d92c629d1', '3041895', to_date('14.06.2014', 'dd.mm.yyyy'), '553594389815', '212354750', '44f8bfcc-b273-423c-8e8e-098e2af7ebf3', 185, '0eb0ef68-0a40-4024-8d2a-8546dd08c571', '17', 0.500536932843056, 0.438150848466042, 0.744491326969346, 0.952477166407032, 0.197089003490791, 0.479865487888393, 0.532511062702402, 0.245550246557943, 0.553790603090911, 0.839645033161922, 0.940060981521411, 0.610925057721755, 0.388963952841686, 0.17557466503958, 0.641290740874266, 0.104194863282235 );
insert into FIR.INVOICE_RAW values(10234, 1000945, 1, 5735369, to_date('23.05.2012', 'dd.mm.yyyy'), to_date('13.07.2012', 'dd.mm.yyyy'), '6', '6663994', to_date('27.02.2012', 'dd.mm.yyyy'), 9, to_date('04.05.2012', 'dd.mm.yyyy'), '747723202712', to_date('17.08.2013', 'dd.mm.yyyy'), 14, to_date('16.05.2012', 'dd.mm.yyyy'), '4242905', to_date('13.04.2013', 'dd.mm.yyyy'), to_date('07.05.2012', 'dd.mm.yyyy'), '655467781236', '295551873', '8cc9d6e7-bda6-4e4e-b5f1-2ea0573a5b67', '195394331776', '433307792', '3e55de2e-67ad-48e7-9842-9d9ac6fd9c77', '8427598', to_date('24.09.2012', 'dd.mm.yyyy'), '652077797088', '884021427', 'ca8a0cea-076e-4743-875e-77d68eb68de6', 55, '5852afed-fe62-46fe-bdad-2f68481c14cb', '30', 0.0523791914118357, 0.254140752020358, 0.728572396900771, 0.870442623212208, 0.250497591798425, 0.562810734176454, 0.312308229651446, 0.768053124550755, 0.288694428880091, 0.0274293520615573, 0.313134121854386, 0.774782503850191, 0.225744548824497, 0.298928135679536, 0.29169800052964, 0.187248171394341 );
insert into FIR.INVOICE_RAW values(10235, 1000945, 3, 16733861, to_date('09.04.2013', 'dd.mm.yyyy'), to_date('29.09.2013', 'dd.mm.yyyy'), '12', '391960', to_date('06.07.2012', 'dd.mm.yyyy'), 4, to_date('16.08.2013', 'dd.mm.yyyy'), '412737872444', to_date('25.11.2012', 'dd.mm.yyyy'), 26, to_date('21.04.2013', 'dd.mm.yyyy'), '2427609', to_date('11.08.2012', 'dd.mm.yyyy'), to_date('28.01.2014', 'dd.mm.yyyy'), '140900517173', '427872398', 'fcf3bbc7-f3e5-413f-b463-8b198c8e5d9a', '479180627969', '515653667', '31a232bf-6429-497f-b2cc-905b7719dfc2', '4317708', to_date('22.10.2012', 'dd.mm.yyyy'), '476658460525', '696049497', '43d420e8-9043-4dfb-bf86-67fab05b4991', 1, '3bf8cc71-3d90-4553-9eaf-0269924fdfbc', '57', 0.16712338345457, 0.725870679936312, 0.725140503479699, 0.691124540609831, 0.296545672368512, 0.988432148931749, 0.710713456715789, 0.788809450244908, 0.649030920420322, 0.337221739505055, 0.65656099452477, 0.698554153879431, 0.577669435915383, 0.41642082315703, 0.809042263687142, 0.52083453979382 );
insert into FIR.INVOICE_RAW values(10236, 1000945, 2, 44201098, to_date('10.03.2014', 'dd.mm.yyyy'), to_date('04.06.2014', 'dd.mm.yyyy'), '18', '3914012', to_date('20.03.2013', 'dd.mm.yyyy'), 7, to_date('24.05.2013', 'dd.mm.yyyy'), '701949803363', to_date('27.08.2013', 'dd.mm.yyyy'), 13, to_date('22.04.2014', 'dd.mm.yyyy'), '5654692', to_date('20.06.2013', 'dd.mm.yyyy'), to_date('10.02.2013', 'dd.mm.yyyy'), '343821768221', '368251251', 'd1497726-0642-4c47-84b7-6d1ab6e0b9c7', '116241250807', '468290312', 'bfd75fc2-aee5-486d-9417-1483d44bfec9', '6766730', to_date('31.05.2014', 'dd.mm.yyyy'), '633678172926', '731445161', 'e773b558-2fa2-4bf7-b523-2026d6d8f95a', 131, '91770d24-43ec-4c62-ac5d-0da52b5d7078', '4', 0.516553469242786, 0.571112233945686, 0.0768519454062227, 0.182875080584956, 0.402940967773526, 0.735613724559366, 0.524531250132495, 0.617229013525522, 0.135460454102354, 0.43874061500595, 0.777319643542785, 0.181385457600181, 0.00702703092574469, 0.499623530776996, 0.398847290966123, 0.510464132535488 );
insert into FIR.INVOICE_RAW values(10237, 1000945, 1, 29418596, to_date('24.03.2014', 'dd.mm.yyyy'), to_date('10.06.2012', 'dd.mm.yyyy'), '4', '3591534', to_date('29.10.2013', 'dd.mm.yyyy'), 7, to_date('03.05.2014', 'dd.mm.yyyy'), '342359102148', to_date('23.02.2012', 'dd.mm.yyyy'), 22, to_date('31.07.2012', 'dd.mm.yyyy'), '5257608', to_date('04.04.2014', 'dd.mm.yyyy'), to_date('12.05.2012', 'dd.mm.yyyy'), '743654524168', '218265207', '1fa1c1d8-8fa2-458e-bcf9-1d4c86471bd9', '520307483275', '596267412', '24f6092e-d55f-4aa7-ab1b-5d412aebde99', '1885248', to_date('27.07.2014', 'dd.mm.yyyy'), '156491164261', '620035935', 'ad8cbc47-c331-4df4-8566-0ff1349b374d', 2, '4160ef80-2305-4c4c-b8fc-89d141ba832d', '14', 0.145372670677198, 0.907156797082702, 0.657121794138626, 0.467277536386288, 0.820501398211579, 0.394656861850366, 0.690162931890303, 0.972148243790561, 0.97975412103336, 0.844179190157065, 0.960167627763081, 0.623452937055124, 0.877280616144315, 0.186330224939776, 0.149892406142267, 0.155729590987661 );
insert into FIR.INVOICE_RAW values(10238, 1000945, 3, 23186203, to_date('10.07.2012', 'dd.mm.yyyy'), to_date('01.02.2012', 'dd.mm.yyyy'), '13', '9043079', to_date('05.01.2014', 'dd.mm.yyyy'), 1, to_date('22.05.2014', 'dd.mm.yyyy'), '775566966687', to_date('23.02.2013', 'dd.mm.yyyy'), 6, to_date('10.06.2014', 'dd.mm.yyyy'), '5430900', to_date('02.02.2013', 'dd.mm.yyyy'), to_date('02.02.2014', 'dd.mm.yyyy'), '215125391043', '801059771', 'd873791d-0aa9-4552-94ad-b947cd8357e4', '705231562971', '935602156', '15e53c08-2169-486a-a695-aaf677817f80', '547561', to_date('06.01.2014', 'dd.mm.yyyy'), '618127507931', '875481311', '7696de85-0a71-421e-9a94-6c0da3a02ce3', 26, '25776b38-d6db-4bc4-92bc-5f67f35298ff', '25', 0.435756345016768, 0.690841512144935, 0.188375122001569, 0.580516862487661, 0.0806771549771899, 0.862216513539765, 0.244049720579781, 0.364794243296978, 0.616052571505333, 0.562172448058693, 0.192808432594318, 0.53102300340823, 0.21171395304227, 0.198201974480507, 0.160928483661697, 0.663676501560806 );
insert into FIR.INVOICE_RAW values(10239, 1000945, 3, 39836958, to_date('26.05.2014', 'dd.mm.yyyy'), to_date('15.01.2013', 'dd.mm.yyyy'), '6', '3677511', to_date('02.06.2012', 'dd.mm.yyyy'), 4, to_date('07.07.2012', 'dd.mm.yyyy'), '925309114502', to_date('08.08.2014', 'dd.mm.yyyy'), 19, to_date('22.09.2013', 'dd.mm.yyyy'), '937717', to_date('31.12.2013', 'dd.mm.yyyy'), to_date('23.08.2012', 'dd.mm.yyyy'), '947246299804', '407363548', 'ce386c06-baa5-4d83-9a32-2cba853a9784', '767590672404', '594262894', '6e3b3032-975a-47df-8790-d0ac50908280', '8887941', to_date('12.02.2013', 'dd.mm.yyyy'), '229141771078', '773218213', '2a42cb12-9fad-4b1d-971f-3c706b52b37a', 160, 'b4564000-8919-4385-b949-a3e4be179a62', '41', 0.554658077449844, 0.712313826993254, 0.495804275151251, 0.985891004086421, 0.345378441896931, 0.0264437450219149, 0.889886286524072, 0.401177358534735, 0.751804401051162, 0.996622534001536, 0.695239237833414, 0.293292020118466, 0.700931283971728, 0.745521067988836, 0.298760110651497, 0.29389193388349 );
insert into FIR.INVOICE_RAW values(10240, 1000945, 1, 13090084, to_date('22.07.2013', 'dd.mm.yyyy'), to_date('01.08.2013', 'dd.mm.yyyy'), '16', '9004101', to_date('03.02.2012', 'dd.mm.yyyy'), 6, to_date('06.03.2013', 'dd.mm.yyyy'), '573390112185', to_date('02.12.2012', 'dd.mm.yyyy'), 12, to_date('26.01.2014', 'dd.mm.yyyy'), '1734772', to_date('27.03.2014', 'dd.mm.yyyy'), to_date('22.09.2012', 'dd.mm.yyyy'), '138671449626', '803184875', 'de184a02-ba75-43fc-af01-8e832d6a461f', '165874895207', '669634444', '7b4f877c-d9b2-4497-95e4-01c454cd6620', '9949608', to_date('27.02.2014', 'dd.mm.yyyy'), '939365545308', '987167956', '6c57258c-a56a-4183-8a53-a058226995e1', 82, '5bd5bf3a-b9a6-4d34-bd6c-4defe06f24fb', '58', 0.0598842129390148, 0.0709182592439084, 0.0209197946921549, 0.913532384165345, 0.364020790142948, 0.570376520776365, 0.949857869162158, 0.262350156559772, 0.417812130608508, 0.14494946838587, 0.234022810232836, 0.587234539718942, 0.967108246389361, 0.542013117364614, 0.348814146755642, 0.957299016396189 );
insert into FIR.INVOICE_RAW values(10241, 1000945, 1, 18417936, to_date('03.02.2012', 'dd.mm.yyyy'), to_date('06.02.2012', 'dd.mm.yyyy'), '3', '4437510', to_date('23.07.2013', 'dd.mm.yyyy'), 9, to_date('02.06.2013', 'dd.mm.yyyy'), '679578917333', to_date('06.01.2013', 'dd.mm.yyyy'), 18, to_date('07.06.2013', 'dd.mm.yyyy'), '1828025', to_date('15.02.2014', 'dd.mm.yyyy'), to_date('17.09.2012', 'dd.mm.yyyy'), '576428705467', '670926326', 'c8e0ddd9-a9f5-425e-9fda-a984dec115b0', '845568584349', '529925168', '4585eca5-f3d5-4484-aa1d-611501312082', '4062522', to_date('06.09.2013', 'dd.mm.yyyy'), '855504711603', '674941216', '212c562a-9067-4078-81ef-fdcb085b2cc5', 41, '9cf93eb7-6816-4111-b296-ddf4b8f2ed04', '77', 0.528611569911526, 0.181072613774367, 0.0525165521784297, 0.854517126388157, 0.244851598164463, 0.648453611251178, 0.211231212695703, 0.38613938837598, 0.55194645633546, 0.676189066225751, 0.449213049118041, 0.819199294233322, 0.515490038094805, 0.845436131975351, 0.557956001049818, 0.560586678125237 );
insert into FIR.INVOICE_RAW values(10242, 1000945, 2, 21846192, to_date('18.05.2013', 'dd.mm.yyyy'), to_date('01.04.2014', 'dd.mm.yyyy'), '17', '1575215', to_date('12.10.2013', 'dd.mm.yyyy'), 2, to_date('11.09.2013', 'dd.mm.yyyy'), '401854478662', to_date('01.04.2014', 'dd.mm.yyyy'), 12, to_date('11.10.2013', 'dd.mm.yyyy'), '548457', to_date('15.10.2012', 'dd.mm.yyyy'), to_date('22.07.2012', 'dd.mm.yyyy'), '276600782180', '231402467', '2102341c-9c44-4eae-9ea1-d0553bdf3879', '716569884449', '199908756', '8062200b-5819-4d4c-95c6-628fd957f6b1', '8308958', to_date('12.08.2012', 'dd.mm.yyyy'), '193281769728', '873645948', '474f4ead-5459-4e1b-be8d-4971bc2f8a46', 68, 'c8304a1a-fecb-4f2f-8df7-bc0f4162d801', '34', 0.650476898369601, 0.987079556559715, 0.378123584845161, 0.581498118388233, 0.790554363183004, 0.925116404856144, 0.806501946321922, 0.497056236722067, 0.7825541318313, 0.561580118519058, 0.110372075862424, 0.0948375706071209, 0.310083561255635, 0.0690867202678168, 0.694628891858565, 0.882302647867381 );
insert into FIR.INVOICE_RAW values(10243, 1000990, 1, 12974997, to_date('14.01.2013', 'dd.mm.yyyy'), to_date('01.09.2012', 'dd.mm.yyyy'), '11', '5761145', to_date('25.04.2014', 'dd.mm.yyyy'), 3, to_date('22.04.2014', 'dd.mm.yyyy'), '764645140316', to_date('15.09.2012', 'dd.mm.yyyy'), 20, to_date('28.10.2012', 'dd.mm.yyyy'), '8910588', to_date('15.08.2013', 'dd.mm.yyyy'), to_date('11.02.2013', 'dd.mm.yyyy'), '479232674489', '660648649', '39525583-95dc-429c-9f7e-0c80a65f6bdf', '422643548988', '900264825', 'e081f52e-2213-4018-98f6-fa24cc86cc3c', '7635836', to_date('07.08.2013', 'dd.mm.yyyy'), '374583950163', '691977796', '4ebdc0a8-2fcf-474f-82c1-b06b955389c6', 138, 'e0ca06aa-5693-44b3-b900-011719c5ad94', '6', 0.532924472602515, 0.995105877516375, 0.109927763747949, 0.834463840739086, 0.380868281415137, 0.921938125007757, 0.855408207911722, 0.62191723735161, 0.576541196823372, 0.936239575006179, 0.076882092317977, 0.14370370430113, 0.0375676048163174, 0.0714875697491167, 0.123220127133289, 0.55483448857201 );
insert into FIR.INVOICE_RAW values(10244, 1000990, 2, 22810529, to_date('27.10.2013', 'dd.mm.yyyy'), to_date('21.07.2012', 'dd.mm.yyyy'), '5', '9110031', to_date('30.06.2014', 'dd.mm.yyyy'), 1, to_date('04.11.2013', 'dd.mm.yyyy'), '941379780034', to_date('12.02.2012', 'dd.mm.yyyy'), 7, to_date('12.12.2012', 'dd.mm.yyyy'), '9240958', to_date('28.11.2012', 'dd.mm.yyyy'), to_date('23.09.2013', 'dd.mm.yyyy'), '327694995595', '933113741', 'eff5d6a7-e96c-47c1-9841-cbbdd83c0021', '500892938539', '950761878', '772da9dc-bc81-4285-87a3-bc3434cbc283', '736222', to_date('22.01.2013', 'dd.mm.yyyy'), '920456895526', '387609459', 'a8bc622e-560c-4202-af14-da85cd0b1f61', 101, 'bd732dd1-debf-4c2f-9790-9a41825c3bf7', '30', 0.0401501357742353, 0.715548674909188, 0.264987094451202, 0.21915762090085, 0.695586060497717, 0.577588388965274, 0.454728670630012, 0.91822539545513, 0.418084092632907, 0.437045335507507, 0.311421168181776, 0.694082885838152, 0.518721513226033, 0.157408870364264, 0.449976891023096, 0.00627606828057955 );
insert into FIR.INVOICE_RAW values(10245, 1000990, 2, 25324904, to_date('08.02.2013', 'dd.mm.yyyy'), to_date('06.03.2012', 'dd.mm.yyyy'), '12', '3602741', to_date('26.11.2013', 'dd.mm.yyyy'), 8, to_date('30.09.2012', 'dd.mm.yyyy'), '180027312224', to_date('17.07.2013', 'dd.mm.yyyy'), 6, to_date('10.10.2012', 'dd.mm.yyyy'), '1303209', to_date('04.02.2013', 'dd.mm.yyyy'), to_date('29.02.2012', 'dd.mm.yyyy'), '552653376809', '647282221', '5e9797e6-cef6-4f86-b526-ad94d7219e48', '355911168658', '303088336', '3be989f2-f271-48d2-887e-9cec4dc9f3b9', '4099897', to_date('09.08.2012', 'dd.mm.yyyy'), '696194390615', '463443858', 'e8df8d27-573b-4844-bf9c-5eeb7b576c73', 178, '2e106a4c-961c-49f4-8063-6171aa7e1b4c', '37', 0.976515071455629, 0.22732131938791, 0.647459845825778, 0.570477043544164, 0.337569709558771, 0.870087886634324, 0.728135038971964, 0.535841090388522, 0.543405137277863, 0.210949331620219, 0.941983138184055, 0.31136369300604, 0.336414408095374, 0.204148070516134, 0.658911869236693, 0.460595205640698 );
insert into FIR.INVOICE_RAW values(10246, 1000990, 1, 10937577, to_date('09.08.2013', 'dd.mm.yyyy'), to_date('11.07.2014', 'dd.mm.yyyy'), '15', '6554555', to_date('07.05.2013', 'dd.mm.yyyy'), 7, to_date('12.11.2013', 'dd.mm.yyyy'), '236407954380', to_date('08.09.2012', 'dd.mm.yyyy'), 14, to_date('12.10.2012', 'dd.mm.yyyy'), '4524753', to_date('05.10.2013', 'dd.mm.yyyy'), to_date('25.10.2013', 'dd.mm.yyyy'), '282649576849', '733599346', '12465a03-19db-4593-bdb4-3b7aec57c80a', '914211999530', '908588182', 'dffcbc55-1d6a-470e-b08a-abbf4185d183', '6504628', to_date('28.05.2013', 'dd.mm.yyyy'), '788220292918', '346216432', 'b1c2c5d2-a5d4-4e6c-8625-b5a12b61e77e', 58, 'c57f3228-4233-4561-95fd-03902036f991', '69', 0.724728732241657, 0.263040832366348, 0.571788360165334, 0.160916929208169, 0.145073472124093, 0.935194635267926, 0.165829493275764, 0.921411011797102, 0.0566726643856022, 0.09787655346928, 0.281182266902729, 0.53039027309529, 0.610869780001636, 0.286418057180204, 0.163091447745958, 0.750093926559246 );
insert into FIR.INVOICE_RAW values(10247, 1000990, 1, 14360407, to_date('21.06.2014', 'dd.mm.yyyy'), to_date('25.05.2014', 'dd.mm.yyyy'), '17', '4955315', to_date('22.03.2012', 'dd.mm.yyyy'), 8, to_date('06.02.2013', 'dd.mm.yyyy'), '314995358708', to_date('16.07.2012', 'dd.mm.yyyy'), 29, to_date('12.03.2013', 'dd.mm.yyyy'), '8727407', to_date('15.06.2012', 'dd.mm.yyyy'), to_date('01.04.2012', 'dd.mm.yyyy'), '312460971252', '672346208', '044c3c15-227a-40be-97c2-4465c0fcabd4', '856102367345', '351307872', '4170ff42-c41b-4ce2-8bfe-54cd99cafaea', '4768719', to_date('02.03.2012', 'dd.mm.yyyy'), '555003965674', '462567408', 'cfc021e3-62bd-40b5-8ec5-acb900c37abb', 135, 'bbd122ac-6d74-4728-b547-263cb25f4087', '16', 0.848958387434929, 0.964114432206431, 0.454037563621084, 0.129633239065126, 0.913899232593318, 0.584894285344004, 0.229425130518817, 0.00110966526023562, 0.0530179669396104, 0.530444378745949, 0.481356772352642, 0.356875092888658, 0.819433254571368, 0.092754388271251, 0.139380831801976, 0.483392264919072 );
insert into FIR.INVOICE_RAW values(10248, 1000990, 1, 40141490, to_date('01.12.2013', 'dd.mm.yyyy'), to_date('23.08.2014', 'dd.mm.yyyy'), '16', '2456063', to_date('13.03.2014', 'dd.mm.yyyy'), 5, to_date('17.01.2014', 'dd.mm.yyyy'), '155700581935', to_date('03.05.2012', 'dd.mm.yyyy'), 19, to_date('30.07.2014', 'dd.mm.yyyy'), '9765868', to_date('24.03.2014', 'dd.mm.yyyy'), to_date('07.04.2013', 'dd.mm.yyyy'), '529293594348', '294558230', '9f8b5097-b215-4256-ab55-275e75aff6f9', '952963707982', '773444731', 'f7a9c634-76ac-4ed8-ba35-68e82bc975ca', '8160595', to_date('14.12.2013', 'dd.mm.yyyy'), '926425371079', '594191791', '6bfb4119-cbda-4118-b0ba-5707c0a8fabf', 133, '4a7af2f2-b22b-4e09-8fac-30e4b281f8e5', '55', 0.0458977963057802, 0.398432999103532, 0.731722110757475, 0.845403132888211, 0.669808821133249, 0.599620467796745, 0.922901792881499, 0.0322292065397972, 0.458405489781129, 0.0109597477181627, 0.139196103969215, 0.70753415241257, 0.912038007244486, 0.00927030574962045, 0.854441702298094, 0.196444199511988 );
insert into FIR.INVOICE_RAW values(10249, 1000990, 3, 42101055, to_date('04.04.2014', 'dd.mm.yyyy'), to_date('25.08.2013', 'dd.mm.yyyy'), '19', '5755208', to_date('23.06.2012', 'dd.mm.yyyy'), 5, to_date('01.03.2013', 'dd.mm.yyyy'), '443698424194', to_date('10.11.2013', 'dd.mm.yyyy'), 4, to_date('20.01.2014', 'dd.mm.yyyy'), '1535437', to_date('17.04.2014', 'dd.mm.yyyy'), to_date('25.04.2014', 'dd.mm.yyyy'), '495327215261', '279575192', '9cf428d7-e90c-4629-865e-dcddaa61ccb9', '275378487495', '920763992', 'd90408d7-c725-4986-a38d-75696860ec68', '7174186', to_date('17.02.2014', 'dd.mm.yyyy'), '690705132398', '896614602', '6470f0ac-8fe5-4d1c-b820-2fb75479a240', 160, 'a05f7953-baf9-440a-a3ec-b40757e345da', '75', 0.942571694470277, 0.594809546878007, 0.493648374217399, 0.953258279223581, 0.45174035683821, 0.0442047971506625, 0.990342472209754, 0.635261530818074, 0.284564160874376, 0.304216217391294, 0.332151455493714, 0.76529827609905, 0.839040468837619, 0.618189901867038, 0.655775270730152, 0.437483152578344 );
insert into FIR.INVOICE_RAW values(10250, 1000990, 1, 34777335, to_date('24.11.2012', 'dd.mm.yyyy'), to_date('29.09.2012', 'dd.mm.yyyy'), '4', '6862811', to_date('28.07.2013', 'dd.mm.yyyy'), 6, to_date('18.05.2013', 'dd.mm.yyyy'), '500666663287', to_date('14.11.2013', 'dd.mm.yyyy'), 29, to_date('15.01.2013', 'dd.mm.yyyy'), '1416883', to_date('16.09.2013', 'dd.mm.yyyy'), to_date('06.07.2012', 'dd.mm.yyyy'), '320155553838', '519613105', 'cf9d1856-a400-4d3f-bdd7-6ac80a6df3d0', '813403524253', '963678260', '8a6d450b-18b1-4ac5-ad0e-25205cee2c52', '8903788', to_date('13.08.2012', 'dd.mm.yyyy'), '824090341534', '664091537', '93c7769b-69d5-4e9e-8fc0-a1f28a7ef966', 149, '2eb88765-cb48-4529-9ae9-ef412a0d77ed', '88', 0.309368473156061, 0.473192426596392, 0.996030697131544, 0.330708233327935, 0.38208853052095, 0.218141499542697, 0.557766753508601, 0.408221745587989, 0.851089020190336, 0.640286035202577, 0.612071033852208, 0.948152752103355, 0.775541893102015, 0.434211795886146, 0.813440211961716, 0.0619407552582867 );
insert into FIR.INVOICE_RAW values(10251, 1000990, 2, 24078687, to_date('21.12.2012', 'dd.mm.yyyy'), to_date('16.03.2014', 'dd.mm.yyyy'), '8', '1275519', to_date('21.07.2012', 'dd.mm.yyyy'), 3, to_date('02.01.2012', 'dd.mm.yyyy'), '866364108677', to_date('03.04.2012', 'dd.mm.yyyy'), 24, to_date('13.04.2012', 'dd.mm.yyyy'), '3522655', to_date('16.02.2013', 'dd.mm.yyyy'), to_date('23.07.2013', 'dd.mm.yyyy'), '498582964977', '822469339', 'f89010a4-2f12-4807-bf20-175521a99ef7', '274773985234', '769609368', '5f711576-66f6-44c2-b8cf-bb2e290b838b', '6607912', to_date('10.12.2012', 'dd.mm.yyyy'), '777793925810', '672115990', '059f47e8-8c23-4651-819c-1a42846ce8b6', 87, '602180b2-011c-4285-bf6b-8158fde9d7e3', '42', 0.798918799403551, 0.646550557411532, 0.551313874568471, 0.495592383432944, 0.133989207508969, 0.2623218694992, 0.106435361367853, 0.749462481005798, 0.618707853191862, 0.630938499062759, 0.246028981751776, 0.209137303852074, 0.9630222301758, 0.18001374843531, 0.126174860227003, 0.0567563763152605 );
insert into FIR.INVOICE_RAW values(10252, 1000990, 2, 31604602, to_date('16.06.2012', 'dd.mm.yyyy'), to_date('10.08.2013', 'dd.mm.yyyy'), '15', '443473', to_date('19.07.2013', 'dd.mm.yyyy'), 9, to_date('14.02.2014', 'dd.mm.yyyy'), '818471931247', to_date('12.02.2014', 'dd.mm.yyyy'), 18, to_date('22.08.2014', 'dd.mm.yyyy'), '2960312', to_date('22.09.2012', 'dd.mm.yyyy'), to_date('28.10.2012', 'dd.mm.yyyy'), '891457140307', '230306969', '58d430c5-14b4-40c5-9f09-16adeeba1509', '132518672471', '956636214', '0fe1ffa7-5bbe-4234-9474-03c3d81c5f1e', '7631074', to_date('12.05.2013', 'dd.mm.yyyy'), '990819541576', '256605421', '0f3a093d-a0b8-428d-b4f2-f1dcf093d86f', 90, '9bd28ff4-0e33-4457-850b-d3cf520abdec', '40', 0.49862253316614, 0.532930440983237, 0.678624427727714, 0.538396201812847, 0.214575965988718, 0.840351324919775, 0.387843215553017, 0.0548162199812085, 0.10067592891896, 0.720239560920857, 0.620049046175577, 0.627928172530573, 0.775044604099842, 0.212899682211177, 0.12898880295874, 0.566971651076792 );
insert into FIR.INVOICE_RAW values(10253, 1000990, 1, 17878360, to_date('28.08.2014', 'dd.mm.yyyy'), to_date('09.07.2012', 'dd.mm.yyyy'), '19', '6747723', to_date('14.06.2013', 'dd.mm.yyyy'), 8, to_date('09.11.2012', 'dd.mm.yyyy'), '781653864999', to_date('21.11.2012', 'dd.mm.yyyy'), 28, to_date('05.04.2013', 'dd.mm.yyyy'), '5538095', to_date('21.04.2014', 'dd.mm.yyyy'), to_date('19.01.2014', 'dd.mm.yyyy'), '956134681110', '107936959', '664afaf8-3de4-4052-9020-0f43f41a9273', '159794297968', '401378920', 'cd6b750a-73bf-4a83-a5f1-ba6f6927b48e', '7383360', to_date('12.03.2013', 'dd.mm.yyyy'), '188830310307', '561188934', '9b7e3321-a2b8-4ce7-94fc-6d4cfa87567d', 192, 'db2e197e-6eab-494d-9cf1-2f8951bf8fe8', '70', 0.775857633806699, 0.704512311008066, 0.773047415899601, 0.858580414605597, 0.57642738501375, 0.487938820611657, 0.329832997326661, 0.438155118580048, 0.213024578622088, 0.132171917768275, 0.0891424506386474, 0.00811565202107451, 0.085068496915078, 0.682785625887469, 0.449679996562041, 0.0553419310857271 );
insert into FIR.INVOICE_RAW values(10254, 1001035, 1, 19618721, to_date('27.02.2012', 'dd.mm.yyyy'), to_date('07.08.2013', 'dd.mm.yyyy'), '5', '534361', to_date('29.04.2014', 'dd.mm.yyyy'), 2, to_date('18.12.2012', 'dd.mm.yyyy'), '619433947077', to_date('05.10.2013', 'dd.mm.yyyy'), 26, to_date('15.02.2013', 'dd.mm.yyyy'), '1818289', to_date('01.03.2013', 'dd.mm.yyyy'), to_date('08.01.2013', 'dd.mm.yyyy'), '438639331687', '132800629', '6dede5e7-b60a-4de0-8c39-e85949ded9e1', '474303943868', '401560968', 'a8657ed6-b74d-4414-8723-f68693c01dee', '6054992', to_date('01.08.2012', 'dd.mm.yyyy'), '174943499823', '955746243', '51fc0b1b-248d-46b9-891c-c12de2c814e7', 89, '452a15b3-5a5a-447e-8f5a-a68a5d74e50c', '96', 0.189915593801958, 0.776272337313868, 0.276051514910558, 0.17977041945782, 0.63196587871386, 0.498826603637462, 0.850706675020376, 0.710577129251592, 0.703884912516868, 0.356602587437538, 0.334847430854499, 0.0876786425186687, 0.141970876204768, 0.60088922157925, 0.525190586934421, 0.608909216527319 );
insert into FIR.INVOICE_RAW values(10255, 1001035, 1, 36561331, to_date('04.03.2013', 'dd.mm.yyyy'), to_date('26.08.2014', 'dd.mm.yyyy'), '19', '2900359', to_date('04.07.2012', 'dd.mm.yyyy'), 8, to_date('08.09.2013', 'dd.mm.yyyy'), '308279958863', to_date('31.01.2014', 'dd.mm.yyyy'), 5, to_date('05.07.2014', 'dd.mm.yyyy'), '7575667', to_date('06.12.2012', 'dd.mm.yyyy'), to_date('31.12.2012', 'dd.mm.yyyy'), '163652331653', '389842296', '26f56d87-9830-45a8-8584-d78ce1da8f00', '753178247976', '945240292', '689d6e35-12e1-4c11-b5f4-1c39690a77f2', '3603283', to_date('04.08.2012', 'dd.mm.yyyy'), '983353319171', '383344803', '0091b019-b52a-4dac-8596-d58ba06aac5d', 194, '8b4d039a-3688-42ac-9b52-77c985677e08', '5', 0.262235168024076, 0.682075443063898, 0.312877525721154, 0.07920593213253, 0.094012910543947, 0.48605478298201, 0.389023605915263, 0.33890680612014, 0.456633755218533, 0.387607389310192, 0.848592321317919, 0.418168191061434, 0.289099106234079, 0.971391626154721, 0.432939229269018, 0.381373621700971 );
insert into FIR.INVOICE_RAW values(10256, 1001035, 1, 10688017, to_date('28.01.2014', 'dd.mm.yyyy'), to_date('09.08.2014', 'dd.mm.yyyy'), '15', '4956961', to_date('12.02.2012', 'dd.mm.yyyy'), 3, to_date('31.12.2013', 'dd.mm.yyyy'), '387680868543', to_date('13.03.2013', 'dd.mm.yyyy'), 28, to_date('07.04.2014', 'dd.mm.yyyy'), '5507045', to_date('23.06.2014', 'dd.mm.yyyy'), to_date('03.09.2013', 'dd.mm.yyyy'), '881649332286', '714488437', '3b7a94ba-b219-4217-b9ea-7aebe9a08dc2', '821935587863', '493959101', '7388552c-b868-4e55-a71a-467ce8ce9769', '1608044', to_date('04.06.2014', 'dd.mm.yyyy'), '622308840095', '401804618', 'cc9c7bda-474d-476a-aec0-255bd64c0713', 104, 'cc5fbfaa-14c0-49a2-b183-7caa26acadf0', '1', 0.731331809764417, 0.607537975352042, 0.297058353338883, 0.0923440112231039, 0.220959573155716, 0.288476581819577, 0.88874033274536, 0.73980640235348, 0.101920095319822, 0.99486648151412, 0.517079564052205, 0.00244936207423423, 0.124141462205044, 0.531720003360752, 0.115249112302088, 0.821641758932565 );
insert into FIR.INVOICE_RAW values(10257, 1001035, 2, 11813435, to_date('12.05.2014', 'dd.mm.yyyy'), to_date('25.11.2012', 'dd.mm.yyyy'), '6', '2677377', to_date('27.03.2012', 'dd.mm.yyyy'), 4, to_date('07.04.2012', 'dd.mm.yyyy'), '512354331848', to_date('20.04.2013', 'dd.mm.yyyy'), 15, to_date('17.12.2013', 'dd.mm.yyyy'), '5250899', to_date('18.03.2013', 'dd.mm.yyyy'), to_date('07.04.2014', 'dd.mm.yyyy'), '930860207829', '130355815', '3fb24112-0872-447a-8c35-e6d8419eb707', '859386364416', '953611948', '58483adb-f6a1-4ada-bd6b-6416590aaccc', '8688620', to_date('11.10.2013', 'dd.mm.yyyy'), '874771984679', '182415543', '7f20e90e-4a99-4a56-838d-e18d8fb1f036', 41, '1167fdc2-3adc-48b2-bd07-65802fa6c17f', '86', 0.989405755414351, 0.31754601947849, 0.430093257422602, 0.701755372668502, 0.76759958628919, 0.347584955090464, 0.531572649037266, 0.0786056109138791, 0.280917352661918, 0.777088078100741, 0.930993362297766, 0.584299567893287, 0.607959517095219, 0.717510995323542, 0.330703822584219, 0.75685512496012 );
insert into FIR.INVOICE_RAW values(10258, 1001035, 2, 47770724, to_date('18.08.2013', 'dd.mm.yyyy'), to_date('18.04.2012', 'dd.mm.yyyy'), '5', '6272010', to_date('15.04.2012', 'dd.mm.yyyy'), 6, to_date('19.10.2012', 'dd.mm.yyyy'), '708585982468', to_date('08.07.2012', 'dd.mm.yyyy'), 2, to_date('07.06.2013', 'dd.mm.yyyy'), '6877474', to_date('11.09.2012', 'dd.mm.yyyy'), to_date('03.05.2014', 'dd.mm.yyyy'), '612068154449', '648964411', '6e48ae25-becf-4b5c-995a-a64ec7ba5b73', '681676628169', '100991323', '4d1a0eac-3de5-43eb-a8e8-54c4715789a7', '3907008', to_date('08.11.2013', 'dd.mm.yyyy'), '442245528625', '789755523', 'd65093a6-052b-48ce-9238-a75acf284c99', 101, '395f32c2-212e-4250-8457-d81e5dd8f938', '34', 0.973055561526239, 0.169990942892614, 0.865808105033733, 0.0264757196542228, 0.754575344153948, 0.820069164419579, 0.238524363952933, 0.349904893129088, 0.906112533950299, 0.418850689390139, 0.803082369641905, 0.175962609320862, 0.696720579497852, 0.930651546423627, 0.488244473230208, 0.744965852119478 );
insert into FIR.INVOICE_RAW values(10259, 1001035, 3, 34672193, to_date('09.01.2014', 'dd.mm.yyyy'), to_date('19.09.2013', 'dd.mm.yyyy'), '4', '323411', to_date('11.08.2014', 'dd.mm.yyyy'), 8, to_date('05.06.2013', 'dd.mm.yyyy'), '749060270082', to_date('03.07.2014', 'dd.mm.yyyy'), 20, to_date('18.07.2014', 'dd.mm.yyyy'), '8075873', to_date('20.03.2012', 'dd.mm.yyyy'), to_date('11.05.2012', 'dd.mm.yyyy'), '330689215058', '542369591', '6f9ddf87-378b-463f-959b-77780ffadd85', '686952850271', '880775304', 'acefce11-c81b-4aef-acc3-646f6a0db7f8', '6777457', to_date('08.02.2013', 'dd.mm.yyyy'), '108210473398', '148711630', 'ff1c59b1-3911-4fe5-b0dc-3632c25a5acf', 193, '52650388-8f64-4b27-a08c-87ce58bc6209', '65', 0.531291949344469, 0.629687832030322, 0.0378201413144451, 0.366038399453293, 0.74856263853077, 0.782472791980241, 0.614284932899422, 0.221702525495413, 0.57638849112037, 0.238236744067742, 0.839587316307978, 0.170410302546998, 0.805677277411184, 0.108011838098993, 0.514169804525641, 0.869471173207029 );
insert into FIR.INVOICE_RAW values(10260, 1001035, 3, 1523615, to_date('24.11.2013', 'dd.mm.yyyy'), to_date('24.02.2014', 'dd.mm.yyyy'), '1', '3048340', to_date('01.07.2013', 'dd.mm.yyyy'), 9, to_date('27.12.2013', 'dd.mm.yyyy'), '286201496066', to_date('28.07.2014', 'dd.mm.yyyy'), 29, to_date('17.01.2013', 'dd.mm.yyyy'), '4745012', to_date('18.04.2012', 'dd.mm.yyyy'), to_date('08.01.2014', 'dd.mm.yyyy'), '794201225024', '411750163', 'bb27075f-c5f8-4d0e-b843-8f4ca7b542bd', '300007319629', '873265925', '57d2e5aa-5d9f-49cd-b73f-fb846dc72584', '9548811', to_date('28.07.2014', 'dd.mm.yyyy'), '804976680817', '596510805', '268704f4-d148-474c-8f1c-139915f31864', 53, 'bebdb5d8-9bb7-4035-bdaf-84a0224749bd', '86', 0.34864807703935, 0.539764206642175, 0.409579399232557, 0.936660399165312, 0.409830132224518, 0.608751156650833, 0.263088507234626, 0.129618345354506, 0.274544243362986, 0.187602106103488, 0.862466165266217, 0.0536419432860063, 0.178543718149207, 0.739601988224127, 0.749813652946527, 0.592470011484097 );
insert into FIR.INVOICE_RAW values(10261, 1001035, 1, 5078678, to_date('12.06.2012', 'dd.mm.yyyy'), to_date('18.12.2012', 'dd.mm.yyyy'), '9', '6678181', to_date('09.11.2013', 'dd.mm.yyyy'), 6, to_date('12.01.2012', 'dd.mm.yyyy'), '131974507649', to_date('21.11.2012', 'dd.mm.yyyy'), 26, to_date('08.08.2012', 'dd.mm.yyyy'), '4515144', to_date('16.06.2012', 'dd.mm.yyyy'), to_date('03.03.2013', 'dd.mm.yyyy'), '479525434047', '489279934', '151b15e4-a703-457b-95e3-cc06676a2386', '282748137445', '294355892', 'f9237997-21d2-4984-b7a0-ba3df2df3ca7', '8495190', to_date('04.02.2012', 'dd.mm.yyyy'), '147199145813', '499644138', 'a5ad3a8b-58d5-4aba-b2e2-8f50d10036a5', 17, 'f849937b-b275-48bf-9437-284aacb88e18', '98', 0.107996319005264, 0.031331575490223, 0.0462753321259633, 0.973739413532307, 0.316611783726426, 0.172238140912837, 0.0491902814475774, 0.673082440473643, 0.396047642173268, 0.385290763520305, 0.591303056381318, 0.961210691352007, 0.999984140973531, 0.927065117250693, 0.405297361503028, 0.565608999489624 );
insert into FIR.INVOICE_RAW values(10262, 1001035, 2, 25817241, to_date('07.04.2013', 'dd.mm.yyyy'), to_date('02.10.2012', 'dd.mm.yyyy'), '14', '469311', to_date('02.06.2012', 'dd.mm.yyyy'), 8, to_date('05.01.2013', 'dd.mm.yyyy'), '970988853697', to_date('05.08.2013', 'dd.mm.yyyy'), 2, to_date('04.03.2014', 'dd.mm.yyyy'), '9682573', to_date('03.07.2012', 'dd.mm.yyyy'), to_date('09.11.2012', 'dd.mm.yyyy'), '829869418847', '161980981', '904d222a-0fa4-4dc6-bceb-10f010291b98', '976979736353', '127703998', '8bb72906-f393-4337-a128-3ba0ae5bf499', '9836857', to_date('26.09.2012', 'dd.mm.yyyy'), '168744883683', '903384704', '187d8dbe-17a7-4d0f-8e3b-9e3b07693bed', 95, 'f1c333c2-32f7-48ee-a881-c212d505a593', '79', 0.326469991042498, 0.295436824343836, 0.384595550775805, 0.893063120959822, 0.763641229254958, 0.0853601391824708, 0.560652074199474, 0.762160822638385, 0.0349116693413405, 0.621897686562453, 0.357440356331617, 0.458491473206548, 0.873224577341799, 0.00143555132739039, 0.0900882464321741, 0.82211991950037 );
insert into FIR.INVOICE_RAW values(10263, 1001035, 1, 39825908, to_date('02.06.2014', 'dd.mm.yyyy'), to_date('06.06.2012', 'dd.mm.yyyy'), '16', '7910972', to_date('18.06.2014', 'dd.mm.yyyy'), 2, to_date('28.07.2012', 'dd.mm.yyyy'), '183264938918', to_date('13.01.2013', 'dd.mm.yyyy'), 8, to_date('05.11.2012', 'dd.mm.yyyy'), '5303216', to_date('10.08.2012', 'dd.mm.yyyy'), to_date('13.03.2012', 'dd.mm.yyyy'), '344169342803', '125380992', '764fd8d0-efc4-48d7-b72c-44d86ff1eec7', '263228273477', '248171423', '51b35a74-e325-4874-80ad-0665bdb385e6', '5481271', to_date('13.08.2013', 'dd.mm.yyyy'), '594536172624', '856853922', 'efd0d08e-ccca-410a-b2e8-5e68dca5ccad', 110, '5fd98d80-3654-4d9e-b539-76c7d3b876a2', '49', 0.531014314634266, 0.0749730845331089, 0.459279546262361, 0.442653875072791, 0.846857385638569, 0.70094838445119, 0.981493540099586, 0.379906515302093, 0.330814162888943, 0.201951772068605, 0.837823385297239, 0.250534055405545, 0.0502529256279827, 0.616073395878111, 0.709163611619344, 0.152818574641281 );
insert into FIR.INVOICE_RAW values(10264, 1001035, 2, 3242769, to_date('24.09.2013', 'dd.mm.yyyy'), to_date('19.01.2013', 'dd.mm.yyyy'), '14', '1569069', to_date('11.04.2012', 'dd.mm.yyyy'), 3, to_date('27.02.2014', 'dd.mm.yyyy'), '481931776790', to_date('31.01.2014', 'dd.mm.yyyy'), 16, to_date('06.01.2012', 'dd.mm.yyyy'), '5443', to_date('24.05.2013', 'dd.mm.yyyy'), to_date('31.01.2012', 'dd.mm.yyyy'), '381057116688', '798824951', '3891be35-8938-46dd-be19-c4043e6dea7d', '214696249347', '774894149', 'ebff6558-b538-4719-98f9-eef3aafe3123', '8520186', to_date('04.08.2012', 'dd.mm.yyyy'), '118735738320', '503061942', '31b51422-b9d6-45ac-83a0-5e7cde0b279b', 71, '8b75f5fd-7a1d-4c13-bb7f-88f7641d6bbc', '28', 0.599354628286955, 0.840055397171553, 0.464915176604369, 0.298797171702048, 0.511378888744572, 0.180678248489591, 0.120638635997027, 0.0182319758544825, 0.966100149772176, 0.843650287875743, 0.0984508367713778, 0.605445020648392, 0.273391992446683, 0.876000608259812, 0.809511148282099, 0.0733503904535204 );
insert into FIR.INVOICE_RAW values(10265, 1001080, 2, 23916356, to_date('11.08.2012', 'dd.mm.yyyy'), to_date('31.01.2012', 'dd.mm.yyyy'), '10', '8723516', to_date('19.05.2013', 'dd.mm.yyyy'), 5, to_date('29.08.2012', 'dd.mm.yyyy'), '118286886637', to_date('13.06.2013', 'dd.mm.yyyy'), 18, to_date('22.05.2014', 'dd.mm.yyyy'), '7054348', to_date('29.11.2013', 'dd.mm.yyyy'), to_date('05.04.2012', 'dd.mm.yyyy'), '310938760193', '491902767', '70b3ceae-8d0e-4b5c-9e75-df28ba027b72', '599444356014', '167314332', '4b647ee3-0f9d-42e2-9b4d-7521a01f364c', '7790686', to_date('10.07.2012', 'dd.mm.yyyy'), '616276544271', '840606412', '99b2079b-e3db-46bc-93af-a39b33ff3f61', 40, '47070e02-d211-40ee-88bf-b7ac07e28ed4', '64', 0.0241972636544133, 0.0802205438167884, 0.759343760441683, 0.732770912224786, 0.366634177214761, 0.669296049824588, 0.906096340579026, 0.447884778235054, 0.554002046377399, 0.76532460971052, 0.874151167866844, 0.269329304466643, 0.377718999226447, 0.198942209686591, 0.919704338498276, 0.609447824586857 );
insert into FIR.INVOICE_RAW values(10266, 1001080, 3, 37297132, to_date('25.11.2012', 'dd.mm.yyyy'), to_date('13.06.2012', 'dd.mm.yyyy'), '9', '3307601', to_date('01.03.2014', 'dd.mm.yyyy'), 3, to_date('26.04.2014', 'dd.mm.yyyy'), '715855102961', to_date('16.10.2012', 'dd.mm.yyyy'), 19, to_date('22.04.2012', 'dd.mm.yyyy'), '4710254', to_date('05.03.2012', 'dd.mm.yyyy'), to_date('07.09.2012', 'dd.mm.yyyy'), '409945997530', '748010849', '69ff6a90-f30f-4615-b191-e86410014af8', '545902616143', '528646282', 'ea0d1ab1-ddd3-45de-a235-a6dd2e354de3', '1259694', to_date('12.03.2014', 'dd.mm.yyyy'), '628756913758', '668097783', '300bdc8b-6b8a-4462-8349-6b3d0620d8dd', 90, 'a52f061f-8ac5-4772-8466-c2382a12f77d', '73', 0.876708712837058, 0.841359741911925, 0.112519135751072, 0.775204219750689, 0.976188888762234, 0.393848937188205, 0.53604107980432, 0.222720799605698, 0.281029156540068, 0.389442501771004, 0.601403676253466, 0.565487731977127, 0.825416925747607, 0.217160401035641, 0.992830571715176, 0.496243809115255 );
insert into FIR.INVOICE_RAW values(10267, 1001080, 1, 15405651, to_date('23.07.2012', 'dd.mm.yyyy'), to_date('04.09.2013', 'dd.mm.yyyy'), '3', '8931940', to_date('05.09.2013', 'dd.mm.yyyy'), 4, to_date('26.03.2014', 'dd.mm.yyyy'), '920830178726', to_date('06.01.2013', 'dd.mm.yyyy'), 29, to_date('24.09.2012', 'dd.mm.yyyy'), '4022873', to_date('13.09.2012', 'dd.mm.yyyy'), to_date('25.07.2014', 'dd.mm.yyyy'), '876708108650', '942304578', '7d28969f-6556-4aac-a577-5a15abc71cbb', '257398445142', '743554468', 'd23eea88-d56a-4aec-953e-8d7b9eefc5c1', '8309169', to_date('29.10.2012', 'dd.mm.yyyy'), '395881279586', '640479163', '56447025-64b3-4d0c-9fdb-dce0b4d5133f', 169, '10d844ea-c317-4ae6-b96c-e3ee9e9b2710', '82', 0.726365730039014, 0.0730065643196025, 0.128965082638415, 0.6050711994083, 0.443016809151981, 0.964040544798616, 0.171354233832729, 0.463039408187866, 0.583471014436088, 0.189938825177932, 0.963855482621051, 0.795066778452632, 0.342570655207415, 0.198321398905628, 0.720101502127993, 0.780105716912125 );
insert into FIR.INVOICE_RAW values(10268, 1001080, 3, 26248538, to_date('01.11.2013', 'dd.mm.yyyy'), to_date('19.02.2012', 'dd.mm.yyyy'), '8', '3905346', to_date('30.07.2014', 'dd.mm.yyyy'), 1, to_date('16.05.2014', 'dd.mm.yyyy'), '290873652881', to_date('11.10.2012', 'dd.mm.yyyy'), 29, to_date('17.11.2012', 'dd.mm.yyyy'), '5481799', to_date('21.05.2014', 'dd.mm.yyyy'), to_date('23.06.2014', 'dd.mm.yyyy'), '389642175553', '338515426', 'ec7f49b7-69fd-4d2b-b4d5-c4ff1adc3a3e', '343191787734', '616220111', '43fffb13-c367-4afb-a2f0-2f64c5fbb7a5', '7056631', to_date('27.05.2013', 'dd.mm.yyyy'), '314994981164', '937610924', '86c68d93-deb8-44a9-b004-356b0ba88536', 18, '3d934123-c8b9-4eed-ba4b-cc4b39cf8c49', '62', 0.458379975267863, 0.685911361913156, 0.034377445948486, 0.229618020462626, 0.677115626948474, 0.505545965631281, 0.516275227775925, 0.160046078339241, 0.328296454776216, 0.916704747787074, 0.435964850911854, 0.724812039511656, 0.139195988950877, 0.556909872012637, 0.57135487374447, 0.721794451923014 );
insert into FIR.INVOICE_RAW values(10269, 1001080, 3, 31049549, to_date('04.03.2013', 'dd.mm.yyyy'), to_date('14.08.2014', 'dd.mm.yyyy'), '12', '1165531', to_date('09.06.2014', 'dd.mm.yyyy'), 3, to_date('29.06.2013', 'dd.mm.yyyy'), '501925228121', to_date('25.05.2013', 'dd.mm.yyyy'), 2, to_date('25.09.2013', 'dd.mm.yyyy'), '9312901', to_date('29.02.2012', 'dd.mm.yyyy'), to_date('07.02.2012', 'dd.mm.yyyy'), '110969258576', '824272777', '22022d02-b9fa-4255-9ef9-a2e5a90082d8', '122107717994', '247836822', '16982f9e-7024-44c3-b5b8-d01d8c8ed94e', '6429881', to_date('26.03.2013', 'dd.mm.yyyy'), '838791326258', '704491957', 'c20a6b96-a424-48d7-b139-79c24ed99d72', 121, 'b09a61a2-da2d-4435-a788-60a691231c74', '6', 0.308422656407777, 0.560370639693165, 0.812810802279418, 0.454920014112685, 0.752933333978492, 0.99071516608387, 0.450673383870476, 0.0627891831392372, 0.0000101076439070085, 0.91836323212756, 0.0464015300601728, 0.494989683616436, 0.47647713612601, 0.528348711565299, 0.61134462785504, 0.403614405264898 );
insert into FIR.INVOICE_RAW values(10270, 1001080, 1, 7798013, to_date('05.07.2012', 'dd.mm.yyyy'), to_date('20.08.2012', 'dd.mm.yyyy'), '17', '6510172', to_date('05.03.2013', 'dd.mm.yyyy'), 1, to_date('05.11.2012', 'dd.mm.yyyy'), '596523390555', to_date('15.08.2013', 'dd.mm.yyyy'), 4, to_date('31.07.2012', 'dd.mm.yyyy'), '5519933', to_date('19.05.2014', 'dd.mm.yyyy'), to_date('30.05.2013', 'dd.mm.yyyy'), '313490337999', '531701220', '5bfdec3e-6157-47f3-b62f-a9693ac70652', '263201325212', '882152450', '62dbb0ce-6b56-4534-8fb0-8c54921ece8a', '294551', to_date('03.11.2013', 'dd.mm.yyyy'), '468434992391', '764957787', 'be0ef1c0-d5ab-4d43-b504-97944d20bdf3', 146, '50c8e07c-26b5-495e-8d8a-06076b085b05', '2', 0.453163126228919, 0.809395683840567, 0.0645192000384066, 0.887037134211062, 0.373397254093269, 0.64855542995434, 0.824778517160927, 0.0215975823912758, 0.559007420930549, 0.663216114818685, 0.133322756333893, 0.423240649245326, 0.925894581678274, 0.0557239935992863, 0.81532177786125, 0.972519939752538 );
insert into FIR.INVOICE_RAW values(10271, 1001080, 2, 1989048, to_date('12.07.2013', 'dd.mm.yyyy'), to_date('25.02.2012', 'dd.mm.yyyy'), '4', '7643420', to_date('18.11.2013', 'dd.mm.yyyy'), 7, to_date('11.07.2012', 'dd.mm.yyyy'), '473456791386', to_date('19.04.2012', 'dd.mm.yyyy'), 26, to_date('30.10.2012', 'dd.mm.yyyy'), '3609996', to_date('01.04.2012', 'dd.mm.yyyy'), to_date('25.10.2012', 'dd.mm.yyyy'), '621145873182', '110175293', 'b5222edc-7477-4375-a66c-1d1b3787b629', '526498748231', '435075960', '1502f045-6b95-4d4a-8b46-e3f96a25d522', '3019469', to_date('19.02.2013', 'dd.mm.yyyy'), '246106519851', '134666851', '6b609900-71e0-4171-9be5-7d612a1aff7d', 116, '134823b6-dacb-45ce-93ae-68ae77b2b050', '36', 0.13470296707689, 0.979518931815177, 0.880063940715074, 0.751591449487764, 0.76800642384589, 0.954995412824208, 0.52778931033229, 0.670862374208338, 0.105667155750872, 0.349704228038762, 0.683434139324089, 0.952043591044864, 0.504846859492756, 0.138636412163561, 0.330322620147058, 0.400566197652633 );
insert into FIR.INVOICE_RAW values(10272, 1001080, 3, 41299962, to_date('01.09.2013', 'dd.mm.yyyy'), to_date('26.05.2014', 'dd.mm.yyyy'), '4', '1920578', to_date('06.01.2013', 'dd.mm.yyyy'), 4, to_date('07.04.2012', 'dd.mm.yyyy'), '738342800361', to_date('04.10.2012', 'dd.mm.yyyy'), 26, to_date('28.09.2012', 'dd.mm.yyyy'), '2248216', to_date('10.12.2013', 'dd.mm.yyyy'), to_date('03.01.2012', 'dd.mm.yyyy'), '704481458086', '528760382', '1c84f623-ee8f-487b-bae6-280e649acab8', '447055354853', '227957871', 'a4142079-9d17-43dd-b702-041679c886ff', '5416795', to_date('12.06.2012', 'dd.mm.yyyy'), '704937439690', '950883242', 'f0b71c13-024b-4ff0-8705-0df607e4fe58', 82, '88d8ab5a-2bba-47b1-9053-313903dfc15c', '68', 0.218004067995587, 0.603097426054579, 0.0325274439680052, 0.0689604576066884, 0.00500291958684238, 0.822425034280133, 0.718366476576014, 0.229271123758178, 0.371676762295736, 0.434447968115307, 0.843678675519153, 0.915805602406992, 0.568561839204543, 0.653401859408897, 0.502068707487578, 0.503299765523197 );
insert into FIR.INVOICE_RAW values(10273, 1001080, 1, 37664750, to_date('12.12.2012', 'dd.mm.yyyy'), to_date('07.02.2012', 'dd.mm.yyyy'), '5', '3363635', to_date('15.05.2013', 'dd.mm.yyyy'), 4, to_date('25.02.2014', 'dd.mm.yyyy'), '145514736920', to_date('12.11.2012', 'dd.mm.yyyy'), 6, to_date('27.10.2013', 'dd.mm.yyyy'), '9225567', to_date('14.01.2014', 'dd.mm.yyyy'), to_date('29.12.2013', 'dd.mm.yyyy'), '408775229630', '674305919', 'f65965c2-2114-4649-8aad-c67e013c201e', '126222531299', '664134245', '154d9d9e-f56e-4ecf-b7f2-a192210d495f', '3270529', to_date('31.08.2012', 'dd.mm.yyyy'), '769263204503', '959512865', '5d4eb981-06f2-467f-b799-bc70a0bcdcca', 157, '4e313de5-5689-4d45-a7e7-d7a587cafeac', '64', 0.66561781599448, 0.484116347266415, 0.235069951617657, 0.877184029611379, 0.676599220222141, 0.524064574634686, 0.584463916991122, 0.0189638440585527, 0.0469032628680129, 0.519547931160567, 0.186366522305816, 0.2998676231596, 0.627261172340839, 0.891172403419005, 0.783576401315432, 0.849009141721301 );
insert into FIR.INVOICE_RAW values(10274, 1001080, 2, 25652183, to_date('02.01.2013', 'dd.mm.yyyy'), to_date('09.04.2013', 'dd.mm.yyyy'), '13', '4561163', to_date('06.10.2013', 'dd.mm.yyyy'), 4, to_date('13.02.2014', 'dd.mm.yyyy'), '919002430547', to_date('03.04.2012', 'dd.mm.yyyy'), 25, to_date('11.04.2012', 'dd.mm.yyyy'), '4360066', to_date('28.10.2013', 'dd.mm.yyyy'), to_date('28.02.2013', 'dd.mm.yyyy'), '332043990666', '333106144', 'bcc8d818-e4cf-4da2-9d27-b0bd19ef63bf', '969565766185', '702505555', 'a759bfbe-cd49-45a0-9814-cd9fc7b28d26', '5600469', to_date('06.01.2014', 'dd.mm.yyyy'), '784087137453', '290032993', '08cd976c-8f8a-445f-ba08-cadafb38dd07', 162, '660bdfa0-e9eb-462a-bca3-44653d8a02ed', '58', 0.617388487149676, 0.201211575512407, 0.269510812717262, 0.404751481676824, 0.71196528231351, 0.138629090571138, 0.352147067595342, 0.948077959449998, 0.551356334961651, 0.10534592909056, 0.0143226222201822, 0.557477686813789, 0.763202271313966, 0.0478067118897134, 0.0176788708277414, 0.12753750808888 );
insert into FIR.INVOICE_RAW values(10275, 1001080, 2, 31870516, to_date('19.04.2013', 'dd.mm.yyyy'), to_date('24.02.2013', 'dd.mm.yyyy'), '15', '3883204', to_date('13.04.2013', 'dd.mm.yyyy'), 2, to_date('28.01.2013', 'dd.mm.yyyy'), '178241354609', to_date('18.12.2012', 'dd.mm.yyyy'), 7, to_date('13.07.2012', 'dd.mm.yyyy'), '6455541', to_date('03.12.2013', 'dd.mm.yyyy'), to_date('18.07.2014', 'dd.mm.yyyy'), '210448216569', '848245264', 'fd1bae23-f357-4081-ade9-eb6c457d18b1', '639887195328', '964517778', 'dfd75504-9763-4f31-af02-f9f41332600b', '8516297', to_date('19.10.2012', 'dd.mm.yyyy'), '357358683068', '111304748', '8255219a-984f-4cae-b9ca-80a2e87bae85', 82, '1f8dc005-f0e5-4783-8019-0e2fb455eaea', '30', 0.597148883900209, 0.896214628543805, 0.684461822120688, 0.0345655791622426, 0.350525401230215, 0.0120561323184781, 0.560865595266626, 0.740887732124369, 0.386090870660772, 0.948069394076275, 0.534192147913478, 0.932772722063946, 0.0464016641706236, 0.715691160278251, 0.00971570192357325, 0.802975706198707 );
insert into FIR.INVOICE_RAW values(10276, 1001125, 3, 11424977, to_date('04.12.2013', 'dd.mm.yyyy'), to_date('09.11.2012', 'dd.mm.yyyy'), '15', '2433427', to_date('19.01.2014', 'dd.mm.yyyy'), 2, to_date('27.04.2012', 'dd.mm.yyyy'), '629455511174', to_date('04.09.2012', 'dd.mm.yyyy'), 14, to_date('01.04.2012', 'dd.mm.yyyy'), '479092', to_date('15.06.2014', 'dd.mm.yyyy'), to_date('11.03.2012', 'dd.mm.yyyy'), '187623968437', '609344322', '49591706-3aa0-49cf-b88a-e41caa5f35fe', '743697730755', '350081539', 'fdaea76b-08bb-4ca6-b239-d4ca39249eac', '4212519', to_date('10.04.2014', 'dd.mm.yyyy'), '283099726765', '117081210', '8fc09ab9-9c0e-4ffd-aa45-b854f95884f5', 188, 'c57b0f6a-f9f6-421d-9098-6f429a94230c', '22', 0.924289930110932, 0.213710146590001, 0.47168645005286, 0.356540487779556, 0.225292358652359, 0.180888034953218, 0.98012547845958, 0.565750956333126, 0.391630320526487, 0.831738201357302, 0.804471944833394, 0.224084354110101, 0.57343659110993, 0.515678460484221, 0.797776521089383, 0.207497232690219 );
insert into FIR.INVOICE_RAW values(10277, 1001125, 3, 20722806, to_date('02.11.2013', 'dd.mm.yyyy'), to_date('26.07.2012', 'dd.mm.yyyy'), '3', '7876201', to_date('05.09.2012', 'dd.mm.yyyy'), 2, to_date('21.04.2014', 'dd.mm.yyyy'), '637095788384', to_date('05.11.2012', 'dd.mm.yyyy'), 7, to_date('21.07.2014', 'dd.mm.yyyy'), '7815498', to_date('10.12.2013', 'dd.mm.yyyy'), to_date('04.05.2014', 'dd.mm.yyyy'), '128909337033', '932031340', 'a48cf5d8-37dc-44e6-91df-383a9a8cb00c', '331849524368', '617414865', '6853a8b2-e562-4610-869f-f6dff9d08b41', '5546699', to_date('16.02.2013', 'dd.mm.yyyy'), '966757633990', '728510154', '1592ecb8-e618-44b1-9a83-607de35cfc8b', 99, '26078f30-5111-4775-9fac-6117035541c7', '10', 0.994062879120029, 0.586116367758306, 0.160742836613554, 0.0696004676025363, 0.0838764328900149, 0.367762911770382, 0.539513346524682, 0.256986884985579, 0.0886830795037947, 0.312389666360053, 0.776819461852694, 0.290739588109189, 0.886624869837716, 0.401758019533827, 0.899122834158653, 0.924384125938818 );
insert into FIR.INVOICE_RAW values(10278, 1001125, 3, 15776955, to_date('14.07.2014', 'dd.mm.yyyy'), to_date('04.09.2013', 'dd.mm.yyyy'), '12', '76005', to_date('01.05.2013', 'dd.mm.yyyy'), 6, to_date('23.03.2014', 'dd.mm.yyyy'), '999716753242', to_date('30.06.2014', 'dd.mm.yyyy'), 4, to_date('05.11.2013', 'dd.mm.yyyy'), '8844408', to_date('03.03.2012', 'dd.mm.yyyy'), to_date('03.03.2014', 'dd.mm.yyyy'), '666104208536', '369590208', 'a3c6ca40-adbf-437e-92fd-619adcbf8be0', '624288759666', '172890818', 'dadae4fc-51b7-4a0a-b502-bfaa5dd6d43e', '7203948', to_date('14.01.2014', 'dd.mm.yyyy'), '940537332120', '757029570', 'c4e54f87-30ad-4918-b3a9-fc5fe3bcd81b', 193, 'adb5c898-8997-4492-b329-b75e936e86c2', '70', 0.285481084271092, 0.0935496855962787, 0.0367289902813402, 0.976380138646988, 0.218299531013844, 0.434718862378373, 0.379351708283346, 0.957946710734603, 0.506149814234185, 0.188212281646306, 0.184193984691144, 0.693348569187032, 0.72218581182984, 0.805948847814439, 0.876885322796593, 0.24145985359394 );
insert into FIR.INVOICE_RAW values(10279, 1001125, 2, 27126760, to_date('15.06.2014', 'dd.mm.yyyy'), to_date('10.04.2013', 'dd.mm.yyyy'), '6', '9286643', to_date('30.08.2013', 'dd.mm.yyyy'), 2, to_date('26.06.2012', 'dd.mm.yyyy'), '831177667846', to_date('31.07.2012', 'dd.mm.yyyy'), 20, to_date('14.06.2013', 'dd.mm.yyyy'), '685167', to_date('14.08.2014', 'dd.mm.yyyy'), to_date('23.06.2014', 'dd.mm.yyyy'), '104726753177', '678041568', '55f94cd7-3368-4075-8f13-7c75052e0993', '491143930208', '468712182', '02274b3d-a391-49bb-b6cb-0cd3a8411c16', '2446852', to_date('27.11.2012', 'dd.mm.yyyy'), '772010405229', '103462199', 'c90e1c57-4fb1-415a-bc4d-596d255b2558', 180, '9954c013-c690-40c8-9827-243841d577f9', '37', 0.0396052361650417, 0.0400934410468179, 0.763808984665111, 0.554896499288686, 0.0187613382091566, 0.223129626001757, 0.228866230803014, 0.451937535056815, 0.753286533874127, 0.561683183331826, 0.738336884760455, 0.125068331195539, 0.58795854057556, 0.500084946164901, 0.0832639057576954, 0.413868204883238 );
insert into FIR.INVOICE_RAW values(10280, 1001125, 3, 35897209, to_date('09.01.2012', 'dd.mm.yyyy'), to_date('18.03.2014', 'dd.mm.yyyy'), '19', '977112', to_date('30.09.2013', 'dd.mm.yyyy'), 3, to_date('23.10.2012', 'dd.mm.yyyy'), '712472184868', to_date('07.03.2012', 'dd.mm.yyyy'), 16, to_date('17.06.2012', 'dd.mm.yyyy'), '530950', to_date('20.02.2012', 'dd.mm.yyyy'), to_date('27.08.2013', 'dd.mm.yyyy'), '141012796945', '653744105', '4f36e112-0d9b-4f6b-bd36-510772119e8d', '233941553954', '564588753', '53a45045-a565-4eb3-8fa3-41f61334a612', '4924664', to_date('21.07.2014', 'dd.mm.yyyy'), '428319639456', '928427996', '42aa6401-3a25-45da-82d5-efbf17176576', 75, '0ba4f858-20e9-4598-8c8e-b3a7fed927dd', '92', 0.877345825954036, 0.972839717740584, 0.891592168198709, 0.80723388577217, 0.192360231276769, 0.632243756964916, 0.69150157211884, 0.17481784903203, 0.846810817647172, 0.152356510587203, 0.457897523165633, 0.932107092781042, 0.315556632501798, 0.39122315514424, 0.67851596450364, 0.522932253555829 );
insert into FIR.INVOICE_RAW values(10281, 1001125, 1, 8398883, to_date('17.02.2012', 'dd.mm.yyyy'), to_date('31.07.2014', 'dd.mm.yyyy'), '13', '4274214', to_date('07.08.2013', 'dd.mm.yyyy'), 4, to_date('29.01.2014', 'dd.mm.yyyy'), '406366188574', to_date('21.08.2013', 'dd.mm.yyyy'), 21, to_date('05.03.2014', 'dd.mm.yyyy'), '1732589', to_date('11.01.2013', 'dd.mm.yyyy'), to_date('02.03.2014', 'dd.mm.yyyy'), '558257692878', '977804577', 'eb407f76-4631-4beb-9e45-47607212f757', '963704275658', '106501628', '7871d59f-d49a-46ad-a290-fae3420cfa39', '5571010', to_date('02.12.2012', 'dd.mm.yyyy'), '922999169115', '620076287', '82569ed9-c1b6-4ef4-b548-17c8f3fcec28', 147, 'aab061b6-abd8-40c0-b1d1-e6fd469bef1d', '58', 0.785625731472683, 0.85135499846719, 0.894278595640454, 0.526153496245925, 0.417340957753985, 0.616303467944406, 0.693300371381128, 0.133571651826413, 0.546580239453623, 0.193106463268914, 0.193494168200295, 0.896469328038613, 0.955684435533213, 0.967924830954487, 0.704763461232541, 0.505813832164655 );
insert into FIR.INVOICE_RAW values(10282, 1001125, 3, 16981264, to_date('08.05.2014', 'dd.mm.yyyy'), to_date('19.02.2012', 'dd.mm.yyyy'), '19', '7211888', to_date('09.08.2013', 'dd.mm.yyyy'), 9, to_date('02.08.2014', 'dd.mm.yyyy'), '808609616265', to_date('23.05.2014', 'dd.mm.yyyy'), 16, to_date('24.07.2014', 'dd.mm.yyyy'), '9375655', to_date('19.01.2013', 'dd.mm.yyyy'), to_date('26.02.2013', 'dd.mm.yyyy'), '240721677686', '931333485', '4b22090c-8d43-44ea-b7a8-3004fe9cf631', '858631885319', '444823471', '38638825-dd79-4ca5-b84d-c7f0c875916b', '4577562', to_date('01.02.2014', 'dd.mm.yyyy'), '161320493703', '732254536', '8b3798ab-3d4d-4fc3-9e7b-0765604485fa', 42, 'f2da1119-f6e2-4dc2-ae84-3c713c1be7e0', '85', 0.0457506766755836, 0.09982306002631, 0.17000262679998, 0.593413591195556, 0.525390624778993, 0.782047464876458, 0.14231459197696, 0.653663492134616, 0.440454416647765, 0.635418764611435, 0.0427596112912333, 0.747195195754615, 0.0518481936547198, 0.785202273533308, 0.981153243212566, 0.347941736387062 );
insert into FIR.INVOICE_RAW values(10283, 1001125, 1, 35163922, to_date('23.02.2013', 'dd.mm.yyyy'), to_date('16.04.2012', 'dd.mm.yyyy'), '1', '7147040', to_date('16.03.2012', 'dd.mm.yyyy'), 7, to_date('22.12.2012', 'dd.mm.yyyy'), '568777380818', to_date('04.06.2014', 'dd.mm.yyyy'), 14, to_date('05.03.2014', 'dd.mm.yyyy'), '984248', to_date('21.11.2012', 'dd.mm.yyyy'), to_date('18.06.2014', 'dd.mm.yyyy'), '564541305276', '256292743', '677c0990-105f-4dc5-b8e4-b03d84a935be', '783141861693', '608471139', '3433e1d6-82c4-478f-97bd-2ad914e9ff50', '5073968', to_date('24.08.2013', 'dd.mm.yyyy'), '450152947160', '771651139', '36fe1d0a-5d96-4110-a462-5959c26f3b59', 27, '82146f58-c521-4ac2-9d9e-decb9bdefc20', '53', 0.461605794477093, 0.532309965944062, 0.900182159571062, 0.966620568636162, 0.39934896836027, 0.369896153625984, 0.258419037916893, 0.194166814998801, 0.31581752529173, 0.240854598693948, 0.204646488746929, 0.206298705752147, 0.534587860356359, 0.966014943069785, 0.429572878139826, 0.56245128883163 );
insert into FIR.INVOICE_RAW values(10284, 1001125, 1, 45417911, to_date('19.08.2013', 'dd.mm.yyyy'), to_date('07.07.2014', 'dd.mm.yyyy'), '14', '1180338', to_date('19.04.2014', 'dd.mm.yyyy'), 4, to_date('26.02.2012', 'dd.mm.yyyy'), '340870268297', to_date('05.05.2013', 'dd.mm.yyyy'), 22, to_date('14.11.2012', 'dd.mm.yyyy'), '3393072', to_date('25.05.2012', 'dd.mm.yyyy'), to_date('20.04.2012', 'dd.mm.yyyy'), '733682342572', '842392642', '18cf2c26-5f15-4b7a-b11b-2aadd8ba8660', '488134887647', '290942915', 'cf8f9e81-d7d1-4e5f-bee5-3f46c1c22c54', '6498970', to_date('19.06.2013', 'dd.mm.yyyy'), '155643614913', '201281118', '105d5011-aede-4940-bb52-2b4b6e9ab747', 20, 'c59ca32f-9ace-4554-8f1c-46c6708186ba', '67', 0.4542254868216, 0.362339717039065, 0.0949574104021105, 0.060739406878473, 0.0746312104513083, 0.93766335395056, 0.656807015024501, 0.940291231470318, 0.979745778245733, 0.784272284146525, 0.518937288093817, 0.909499078481225, 0.272913713600912, 0.0547955562615746, 0.872260795381042, 0.275162234564853 );
insert into FIR.INVOICE_RAW values(10285, 1001125, 2, 1971256, to_date('03.02.2012', 'dd.mm.yyyy'), to_date('30.12.2012', 'dd.mm.yyyy'), '17', '5507768', to_date('23.01.2012', 'dd.mm.yyyy'), 3, to_date('11.09.2012', 'dd.mm.yyyy'), '151844461582', to_date('24.09.2012', 'dd.mm.yyyy'), 24, to_date('14.01.2014', 'dd.mm.yyyy'), '9805521', to_date('20.01.2013', 'dd.mm.yyyy'), to_date('25.03.2014', 'dd.mm.yyyy'), '968147978504', '627515225', '8b302a3c-c436-4324-9b82-334fb933d735', '975805242332', '311932317', '97c8d146-d958-4b4d-a996-31823197fa41', '476978', to_date('21.04.2014', 'dd.mm.yyyy'), '474333321835', '403080453', '1359b44d-8932-49c5-9dc8-914fc716da3f', 128, 'e9baaacb-b986-408b-96a4-5199b41b1ef4', '23', 0.199380898009697, 0.762687599641591, 0.0467766779692735, 0.243797884901891, 0.558427164591116, 0.0753314490780846, 0.942218011218225, 0.657702101235139, 0.589473874117003, 0.525517962652034, 0.0941053671269237, 0.522731168904682, 0.489549468033737, 0.979827747670853, 0.411649478325457, 0.549704743339543 );
insert into FIR.INVOICE_RAW values(10286, 1001125, 3, 10689500, to_date('17.03.2014', 'dd.mm.yyyy'), to_date('28.04.2013', 'dd.mm.yyyy'), '5', '1293109', to_date('03.01.2013', 'dd.mm.yyyy'), 1, to_date('24.07.2014', 'dd.mm.yyyy'), '910616470527', to_date('27.02.2012', 'dd.mm.yyyy'), 7, to_date('21.05.2012', 'dd.mm.yyyy'), '1319689', to_date('08.07.2012', 'dd.mm.yyyy'), to_date('19.11.2013', 'dd.mm.yyyy'), '123618703727', '172310165', 'c1580639-6d9f-4012-8834-f323174ba023', '810870852759', '659036209', '0566c01a-a966-4278-bb4a-3c2285406588', '7726009', to_date('08.11.2012', 'dd.mm.yyyy'), '209024878120', '591259530', 'fd169cd5-eb45-4c36-9622-0ffb55c2d293', 195, '47825ca8-1de1-4feb-a91d-2ef817aa6d14', '33', 0.185811500617215, 0.401039625704773, 0.643039835916385, 0.855845062460678, 0.661528307786923, 0.695015724140692, 0.111117580491639, 0.0862379968567928, 0.488994954381601, 0.287023789383016, 0.322948592399689, 0.925325549638516, 0.72377482416284, 0.967710373908146, 0.446526648218989, 0.580034126797707 );
insert into FIR.INVOICE_RAW values(10287, 1001170, 1, 35064727, to_date('13.05.2013', 'dd.mm.yyyy'), to_date('18.08.2012', 'dd.mm.yyyy'), '8', '5014116', to_date('17.01.2013', 'dd.mm.yyyy'), 7, to_date('22.03.2013', 'dd.mm.yyyy'), '878153943674', to_date('25.12.2012', 'dd.mm.yyyy'), 18, to_date('01.09.2013', 'dd.mm.yyyy'), '9003985', to_date('30.04.2014', 'dd.mm.yyyy'), to_date('09.06.2012', 'dd.mm.yyyy'), '924324784199', '720444480', 'df40c91d-e8d7-474c-9563-f5550d3a37d8', '867003658337', '919832881', 'e0637587-b61f-43c2-82e2-16592161da6c', '6073029', to_date('03.11.2013', 'dd.mm.yyyy'), '795054885762', '460545315', 'c6b7505b-860d-48e0-b4f6-c0e6090b496f', 199, 'eef0ad66-b226-48b7-9fc7-f181b1e9092d', '80', 0.0285072620159515, 0.446135512295242, 0.810602356591542, 0.909757027360498, 0.916976052297734, 0.679096060189929, 0.0954296426360634, 0.581763798176201, 0.418906411351127, 0.209432759885412, 0.546179290183903, 0.253567037290692, 0.518095298445828, 0.164463013021491, 0.375208454846967, 0.815785126209159 );
insert into FIR.INVOICE_RAW values(10288, 1001170, 3, 36279846, to_date('25.04.2013', 'dd.mm.yyyy'), to_date('08.02.2014', 'dd.mm.yyyy'), '5', '5804661', to_date('09.05.2013', 'dd.mm.yyyy'), 4, to_date('31.10.2012', 'dd.mm.yyyy'), '747330662223', to_date('29.11.2012', 'dd.mm.yyyy'), 21, to_date('31.10.2012', 'dd.mm.yyyy'), '345680', to_date('22.05.2013', 'dd.mm.yyyy'), to_date('03.10.2013', 'dd.mm.yyyy'), '559301708444', '886716631', '4c864929-2ecd-4781-aaf4-6844e39624d8', '926098334153', '368497395', '19be22d2-4512-429f-9385-48618bb6c5d7', '8839389', to_date('05.09.2012', 'dd.mm.yyyy'), '741980287602', '250874116', '03ab88cb-68d8-4f6b-b1c4-017e7d3958c1', 14, 'aee3315d-1e3a-4199-831c-55325efb5902', '95', 0.185798662335518, 0.0624979348212936, 0.623482497233656, 0.62064516200714, 0.276625464333513, 0.293057733351857, 0.272229168690848, 0.091113750399609, 0.114234979783294, 0.283613558990701, 0.0382321463144534, 0.119268980398434, 0.680463705994405, 0.500508129829777, 0.211415098612856, 0.148579337703334 );
insert into FIR.INVOICE_RAW values(10289, 1001170, 1, 32003346, to_date('23.04.2012', 'dd.mm.yyyy'), to_date('15.12.2013', 'dd.mm.yyyy'), '1', '302638', to_date('26.12.2013', 'dd.mm.yyyy'), 8, to_date('05.09.2013', 'dd.mm.yyyy'), '512690574925', to_date('01.08.2013', 'dd.mm.yyyy'), 1, to_date('14.12.2013', 'dd.mm.yyyy'), '6619337', to_date('30.06.2014', 'dd.mm.yyyy'), to_date('20.04.2013', 'dd.mm.yyyy'), '868708532953', '620983761', '0890c08b-4078-4d03-9d71-613371591462', '699628800095', '446925969', 'a1aa80dc-a8e5-43ba-a2a9-9ca0d00faad2', '6492550', to_date('21.02.2013', 'dd.mm.yyyy'), '598300932768', '309873232', 'ef2ea928-4053-4f40-9c60-3a6bd7a67d67', 195, 'ef41f799-914a-4fb4-816d-441fb95035f8', '34', 0.140175227606751, 0.0962876030692307, 0.876668718586056, 0.336630640242542, 0.160126080345421, 0.758782273046105, 0.00612649508105893, 0.301168294298075, 0.874705412832417, 0.525594973250104, 0.517682750484758, 0.625304156274211, 0.709751432160731, 0.836443949880285, 0.00576194562286229, 0.96688292453386 );
insert into FIR.INVOICE_RAW values(10290, 1001170, 1, 22060616, to_date('23.07.2014', 'dd.mm.yyyy'), to_date('25.10.2013', 'dd.mm.yyyy'), '9', '5229367', to_date('12.04.2012', 'dd.mm.yyyy'), 2, to_date('24.04.2013', 'dd.mm.yyyy'), '652399281812', to_date('20.04.2012', 'dd.mm.yyyy'), 5, to_date('22.01.2012', 'dd.mm.yyyy'), '4503963', to_date('15.05.2012', 'dd.mm.yyyy'), to_date('02.07.2013', 'dd.mm.yyyy'), '257818850102', '611845162', '620595e4-f6b5-4058-ae49-98ddb1f0c4f5', '471533200641', '303355565', 'ea19f025-edf4-40d6-bcbc-d1401f0a42f4', '5743963', to_date('29.08.2012', 'dd.mm.yyyy'), '628510576103', '676319330', 'fbd92f40-7217-4b3c-80fa-11fb6c17c960', 51, 'c97c6c31-6b9c-4950-82db-50cd21b3f1a9', '64', 0.981100875409833, 0.331806128999128, 0.92966744952354, 0.636671776714116, 0.845338412022841, 0.952600160591584, 0.645203528760562, 0.869483802406808, 0.785382775024224, 0.86153951280822, 0.93321176428963, 0.999276866670361, 0.0197583125064887, 0.870023718974564, 0.116356593145224, 0.318064458816342 );
insert into FIR.INVOICE_RAW values(10291, 1001170, 1, 39225714, to_date('25.01.2013', 'dd.mm.yyyy'), to_date('06.09.2012', 'dd.mm.yyyy'), '11', '6399350', to_date('10.06.2012', 'dd.mm.yyyy'), 6, to_date('25.01.2012', 'dd.mm.yyyy'), '953974335436', to_date('12.10.2012', 'dd.mm.yyyy'), 21, to_date('08.07.2014', 'dd.mm.yyyy'), '8314232', to_date('09.06.2014', 'dd.mm.yyyy'), to_date('17.04.2012', 'dd.mm.yyyy'), '652821534293', '416156103', 'dc36c549-0012-4975-993d-1dfe1dea7d8a', '945393580638', '804273313', 'cc42b52f-c95d-4dae-a05e-20410ced4d21', '2462239', to_date('10.05.2012', 'dd.mm.yyyy'), '380335408099', '258030725', 'f07dc82f-9999-4efd-83ce-f87d16562432', 95, '8bb6a63a-747c-4eeb-aa17-c406cc009c39', '26', 0.00175741221837579, 0.671438617013134, 0.330459483587397, 0.847499911136692, 0.391726429290942, 0.837060060276212, 0.486256948433005, 0.62924005632719, 0.130645394386093, 0.882586010677082, 0.21731470442252, 0.82726098635572, 0.439682934172304, 0.288369201257997, 0.371080032722596, 0.576039372280258 );
insert into FIR.INVOICE_RAW values(10292, 1001170, 1, 41905701, to_date('22.04.2014', 'dd.mm.yyyy'), to_date('13.10.2013', 'dd.mm.yyyy'), '18', '7576705', to_date('27.09.2013', 'dd.mm.yyyy'), 8, to_date('06.04.2012', 'dd.mm.yyyy'), '451324260592', to_date('05.08.2014', 'dd.mm.yyyy'), 22, to_date('02.09.2013', 'dd.mm.yyyy'), '6505800', to_date('12.05.2013', 'dd.mm.yyyy'), to_date('27.05.2013', 'dd.mm.yyyy'), '430909526304', '107869677', '0a635c7e-a6bd-4c0d-8d5e-1ac0d5334907', '927772852603', '198632406', '35bbd868-49a7-4729-8d6b-678de795aa9d', '7809440', to_date('18.08.2013', 'dd.mm.yyyy'), '225465202741', '648674506', '3c1b9969-d6f5-47eb-8fa1-a69553d464db', 46, '980a744b-f9db-468e-b656-1435e3f36405', '92', 0.320091677513016, 0.471417615409669, 0.228081410391294, 0.91584118265465, 0.0848881965898388, 0.78513625114464, 0.815381450492601, 0.252312267782312, 0.485458882751623, 0.225304061186176, 0.482381426953888, 0.644024723509338, 0.891819052347829, 0.939730670740702, 0.768668630052669, 0.615499855771428 );
insert into FIR.INVOICE_RAW values(10293, 1001170, 3, 26217233, to_date('10.07.2013', 'dd.mm.yyyy'), to_date('09.06.2012', 'dd.mm.yyyy'), '6', '6915965', to_date('30.06.2012', 'dd.mm.yyyy'), 4, to_date('26.02.2012', 'dd.mm.yyyy'), '276159827880', to_date('04.05.2012', 'dd.mm.yyyy'), 14, to_date('25.01.2013', 'dd.mm.yyyy'), '486735', to_date('25.02.2014', 'dd.mm.yyyy'), to_date('16.02.2014', 'dd.mm.yyyy'), '696238250270', '484911520', '028c88b0-8f41-4cd7-a1ad-8f07aa27c3e6', '855002640109', '320337881', 'bacdc214-a3b3-4c10-93a2-61ad94d82b7c', '617440', to_date('24.04.2014', 'dd.mm.yyyy'), '661901893964', '280319854', 'b784d54e-2af2-4699-9119-2bbe084de635', 148, '641d2111-e298-4fd0-8f25-5a5870b44dff', '47', 0.141116869701593, 0.523121696674787, 0.559719229843337, 0.665964028176835, 0.591539280298883, 0.331430608560997, 0.814907950262962, 0.580297434041415, 0.919922731313819, 0.781550766332797, 0.0656254673682272, 0.456780763555682, 0.985895382699508, 0.451265333430499, 0.261512432369176, 0.578760291253571 );
insert into FIR.INVOICE_RAW values(10294, 1001170, 1, 33151520, to_date('13.08.2013', 'dd.mm.yyyy'), to_date('14.04.2013', 'dd.mm.yyyy'), '10', '9611520', to_date('02.05.2012', 'dd.mm.yyyy'), 5, to_date('22.09.2012', 'dd.mm.yyyy'), '810855273446', to_date('24.07.2014', 'dd.mm.yyyy'), 24, to_date('25.08.2012', 'dd.mm.yyyy'), '3447454', to_date('09.06.2014', 'dd.mm.yyyy'), to_date('06.09.2013', 'dd.mm.yyyy'), '563057162416', '661080216', '730d1040-e15a-42de-855f-237d4c8e8981', '330618523385', '790640456', '9cfe613c-8401-4d38-b93d-39aa8ea9c45b', '9758796', to_date('10.01.2012', 'dd.mm.yyyy'), '647793285533', '351090946', 'd0a4b64d-c0fa-44dc-86d6-395d6f53b84a', 61, 'b3c384b7-8aaf-46f0-8b13-a9404b69a9d7', '82', 0.96746049633597, 0.701353484159966, 0.914404118393736, 0.912839949556086, 0.939172164508688, 0.0613753348874745, 0.906033293300324, 0.692450287142978, 0.0280558201615027, 0.772211945043976, 0.690744212218907, 0.68380710654138, 0.712723053858021, 0.428675034283043, 0.861897742777084, 0.323046697454083 );
insert into FIR.INVOICE_RAW values(10295, 1001170, 3, 24085662, to_date('03.06.2013', 'dd.mm.yyyy'), to_date('26.09.2013', 'dd.mm.yyyy'), '14', '2174412', to_date('08.10.2013', 'dd.mm.yyyy'), 1, to_date('25.02.2013', 'dd.mm.yyyy'), '523283959158', to_date('16.03.2012', 'dd.mm.yyyy'), 11, to_date('21.01.2013', 'dd.mm.yyyy'), '7666188', to_date('27.01.2012', 'dd.mm.yyyy'), to_date('27.07.2012', 'dd.mm.yyyy'), '558213154340', '599848870', 'af9a3731-782f-476f-aa84-b7a19d2faa88', '942169853498', '442324645', '312d78d9-8369-405f-a052-6b11d94f8121', '3705953', to_date('24.09.2012', 'dd.mm.yyyy'), '993334987208', '717884207', '5c60cfd9-0997-4f1a-8b79-9b04960fbe24', 1, '316ce10f-0272-4df9-b8f8-b7d1ac284017', '26', 0.648892592009573, 0.971543063396375, 0.772409125125226, 0.0775565449509567, 0.573808602790259, 0.153978109431443, 0.508142045004359, 0.862155187345182, 0.979241094076653, 0.786594237567202, 0.698264500917059, 0.0899525387631508, 0.413372948026924, 0.862046958348736, 0.86775864328619, 0.413632740924895 );
insert into FIR.INVOICE_RAW values(10296, 1001170, 1, 43396974, to_date('18.12.2013', 'dd.mm.yyyy'), to_date('19.07.2014', 'dd.mm.yyyy'), '12', '4276959', to_date('13.08.2013', 'dd.mm.yyyy'), 5, to_date('15.02.2012', 'dd.mm.yyyy'), '912955898490', to_date('17.04.2013', 'dd.mm.yyyy'), 4, to_date('26.01.2014', 'dd.mm.yyyy'), '5744295', to_date('26.03.2014', 'dd.mm.yyyy'), to_date('24.01.2014', 'dd.mm.yyyy'), '798158728142', '641144183', '387d952f-5557-42b4-8f0a-b33fdd839112', '520020200300', '190114136', '867f330f-9d79-4bbc-b61b-c30dfb33f560', '8846917', to_date('15.04.2012', 'dd.mm.yyyy'), '396886434952', '554057939', '0c82a897-f4bd-4d7b-ba67-30ceaaaad740', 88, 'e014d3f0-17df-4302-a6d2-ed408751199e', '21', 0.569710067272983, 0.680542292390271, 0.717115568331031, 0.836307352332541, 0.657377434734896, 0.311366819921586, 0.859031454128694, 0.993873550553747, 0.207318987793903, 0.753356806353366, 0.265840463464074, 0.623804359521626, 0.93200191433169, 0.409961132057924, 0.934210268284292, 0.497444012433963 );
insert into FIR.INVOICE_RAW values(10297, 1001170, 1, 8139807, to_date('13.04.2012', 'dd.mm.yyyy'), to_date('11.01.2013', 'dd.mm.yyyy'), '12', '5839258', to_date('18.01.2012', 'dd.mm.yyyy'), 3, to_date('31.01.2013', 'dd.mm.yyyy'), '102693658606', to_date('14.07.2012', 'dd.mm.yyyy'), 4, to_date('10.02.2012', 'dd.mm.yyyy'), '1447633', to_date('16.06.2014', 'dd.mm.yyyy'), to_date('17.08.2014', 'dd.mm.yyyy'), '443207226015', '422855512', 'bacbcf2f-6e23-4d55-a4f8-ab17f12e4672', '289333568488', '837228168', '7de9765e-29fc-4e2c-aa53-4c9e706b272f', '7275670', to_date('09.12.2013', 'dd.mm.yyyy'), '627459846081', '844268261', 'dcbcc1b1-e345-4134-b0d6-b57dfd78d6e8', 134, 'e6966c91-a720-4935-9206-e845153ab03b', '23', 0.148795612691341, 0.458417778582507, 0.631948577534383, 0.848403366677651, 0.848743578814316, 0.554904304237526, 0.633555587676147, 0.371275948533451, 0.466619861529497, 0.267822825474582, 0.710853053587886, 0.0374927912082024, 0.695630095757372, 0.109866097620626, 0.71290024729115, 0.00599284237529749 );
insert into FIR.INVOICE_RAW values(10298, 1001215, 3, 4344978, to_date('09.02.2012', 'dd.mm.yyyy'), to_date('15.09.2013', 'dd.mm.yyyy'), '9', '4974801', to_date('24.09.2013', 'dd.mm.yyyy'), 2, to_date('31.08.2012', 'dd.mm.yyyy'), '691593690819', to_date('18.07.2012', 'dd.mm.yyyy'), 7, to_date('13.06.2014', 'dd.mm.yyyy'), '9036349', to_date('22.07.2013', 'dd.mm.yyyy'), to_date('03.12.2012', 'dd.mm.yyyy'), '852154393469', '965379791', '7c8f7425-bc69-4e82-989b-598cb70372cc', '256169400882', '115897877', '43e8fac1-cbc1-4492-8243-c6f69f5fbb3f', '8178015', to_date('08.02.2014', 'dd.mm.yyyy'), '393755421874', '508246830', '5a4ec528-e1c9-4322-b71b-a95c99db0465', 116, '91e3f990-8695-4f80-94a1-e79bacffa10b', '22', 0.284283163624016, 0.467796799944619, 0.288407965231877, 0.209147385884611, 0.101893512113902, 0.116821914500008, 0.538510857866384, 0.285545574634124, 0.601121867355482, 0.787475238920876, 0.0289708217740854, 0.543581751894011, 0.769482545912956, 0.335075161110179, 0.151841646131054, 0.0676925406175165 );
insert into FIR.INVOICE_RAW values(10299, 1001215, 1, 49556187, to_date('24.11.2013', 'dd.mm.yyyy'), to_date('30.12.2013', 'dd.mm.yyyy'), '15', '3836001', to_date('07.04.2013', 'dd.mm.yyyy'), 3, to_date('13.06.2013', 'dd.mm.yyyy'), '188134255786', to_date('20.05.2014', 'dd.mm.yyyy'), 22, to_date('25.06.2013', 'dd.mm.yyyy'), '7568395', to_date('31.08.2012', 'dd.mm.yyyy'), to_date('14.08.2013', 'dd.mm.yyyy'), '491640156111', '776267702', '2324ea3c-3feb-4967-b56a-3d224764a3bb', '900260411549', '398828964', 'b1df8897-5b22-4d62-af87-53dd3249e150', '9631749', to_date('26.05.2012', 'dd.mm.yyyy'), '392760227012', '472075189', '1a99d84b-d90a-4e87-b1c5-e817dd5ab3ba', 184, 'ce3f2bfb-49a4-464a-ba25-20f80d6d79ad', '41', 0.164732613211839, 0.386231502697911, 0.398453955258454, 0.990766330152176, 0.822392495732006, 0.28634614790154, 0.825941420079182, 0.390107551305605, 0.47310911094449, 0.0939413398010383, 0.734090470585083, 0.664088062785607, 0.652233124083016, 0.339523511165531, 0.19994730232281, 0.293386466006463 );
insert into FIR.INVOICE_RAW values(10300, 1001215, 3, 19502433, to_date('10.01.2014', 'dd.mm.yyyy'), to_date('13.10.2013', 'dd.mm.yyyy'), '16', '3714126', to_date('27.07.2013', 'dd.mm.yyyy'), 6, to_date('21.06.2013', 'dd.mm.yyyy'), '753506709205', to_date('05.02.2013', 'dd.mm.yyyy'), 11, to_date('19.05.2014', 'dd.mm.yyyy'), '1394690', to_date('07.06.2013', 'dd.mm.yyyy'), to_date('22.02.2012', 'dd.mm.yyyy'), '194845676027', '886319696', '77f7d0ca-f50c-4e13-a2f7-8d65b3b2b19e', '542509641621', '286071465', '8fe12668-131f-4590-85d2-5f1531b0aed1', '4131410', to_date('13.02.2014', 'dd.mm.yyyy'), '814266117565', '627980170', '4a283a5f-30ba-4346-8e34-09504e4b39e3', 50, '1d6af2f7-b9ad-4189-8998-a45c9dc0bb13', '56', 0.328527085170395, 0.898600314230938, 0.316078324949405, 0.568456828858916, 0.626292048779452, 0.589838735102601, 0.24029164679362, 0.958473175744746, 0.0802911073343321, 0.808692560907776, 0.0591314020841994, 0.65230296070329, 0.509094788929957, 0.719368087462786, 0.256299091622373, 0.374179547826843 );
insert into FIR.INVOICE_RAW values(10301, 1001215, 2, 48307437, to_date('25.05.2012', 'dd.mm.yyyy'), to_date('07.02.2012', 'dd.mm.yyyy'), '4', '3667640', to_date('29.08.2013', 'dd.mm.yyyy'), 8, to_date('18.10.2013', 'dd.mm.yyyy'), '460817931158', to_date('26.06.2012', 'dd.mm.yyyy'), 1, to_date('09.11.2012', 'dd.mm.yyyy'), '1244661', to_date('03.01.2012', 'dd.mm.yyyy'), to_date('09.04.2012', 'dd.mm.yyyy'), '688700648523', '286356829', '436d33f4-0243-4167-a545-2a4630b63f26', '736568683954', '130400389', 'f17b3fcd-2b3e-4bbd-b082-99e3b51d5976', '4780558', to_date('26.09.2012', 'dd.mm.yyyy'), '349123922453', '502319187', '556cccba-00c8-462c-87c5-66967a5a881e', 16, '49a137b2-a54e-450c-ae0d-284fa79cf71f', '73', 0.530055283349964, 0.845276401306166, 0.650551269133832, 0.38967885653939, 0.604703550974235, 0.530582249411653, 0.99980976805082, 0.436149800865049, 0.310098954620817, 0.679260430242522, 0.630396527531742, 0.728117296811248, 0.327641670744699, 0.0744066276002706, 0.474081700422839, 0.595242739932259 );
insert into FIR.INVOICE_RAW values(10302, 1001215, 2, 10375216, to_date('03.04.2014', 'dd.mm.yyyy'), to_date('08.05.2014', 'dd.mm.yyyy'), '10', '754907', to_date('27.01.2013', 'dd.mm.yyyy'), 3, to_date('07.08.2013', 'dd.mm.yyyy'), '944582993353', to_date('23.04.2013', 'dd.mm.yyyy'), 28, to_date('21.01.2013', 'dd.mm.yyyy'), '4927001', to_date('06.02.2013', 'dd.mm.yyyy'), to_date('03.04.2013', 'dd.mm.yyyy'), '850786787710', '593891785', '01d68f8b-6a39-442d-ae7c-812aff54f81b', '259780596281', '774448282', '91156699-0931-4a2e-b29b-316bb28b4706', '3959083', to_date('01.03.2012', 'dd.mm.yyyy'), '857929713557', '133901768', 'f75381d8-2347-4860-87f4-7939d76684cb', 194, '7db0b8b9-6f8e-4460-9f1e-2db0daec286a', '40', 0.941180070834784, 0.238067078514987, 0.824875335593184, 0.072202295098548, 0.91784743402053, 0.869338501183939, 0.0995559064203668, 0.31790723945848, 0.789264985727735, 0.25829424208882, 0.841765385978746, 0.0491116452259532, 0.575801487348881, 0.63982749061651, 0.878238220642432, 0.585635066770779 );
insert into FIR.INVOICE_RAW values(10303, 1001215, 2, 37665977, to_date('12.11.2012', 'dd.mm.yyyy'), to_date('26.02.2014', 'dd.mm.yyyy'), '18', '4024618', to_date('14.07.2013', 'dd.mm.yyyy'), 1, to_date('05.02.2012', 'dd.mm.yyyy'), '527189538606', to_date('18.04.2013', 'dd.mm.yyyy'), 11, to_date('27.02.2012', 'dd.mm.yyyy'), '686311', to_date('21.04.2013', 'dd.mm.yyyy'), to_date('16.10.2012', 'dd.mm.yyyy'), '409362879453', '972319637', 'a01c3148-7ce4-477d-bcd0-0d39c04b31d0', '503287714725', '746378677', '482f7893-bcbb-44bf-8ecf-8713c2d2b30c', '1237771', to_date('11.06.2014', 'dd.mm.yyyy'), '829362878445', '604609665', '3dcbcd0c-ed4e-46d9-a5cd-c129a7169a41', 59, 'f1002a57-f61a-41ec-b6bb-d04682562b4a', '37', 0.752332441393441, 0.478979674856635, 0.460129470313028, 0.845374302866577, 0.875241469533761, 0.452135000588435, 0.462248741398681, 0.43050517161866, 0.641633699481205, 0.892629474817137, 0.258489510630485, 0.817444013346659, 0.329181096204175, 0.382946745670841, 0.509904611627527, 0.267085427077061 );
insert into FIR.INVOICE_RAW values(10304, 1001215, 3, 25762775, to_date('08.05.2012', 'dd.mm.yyyy'), to_date('12.04.2014', 'dd.mm.yyyy'), '6', '5540379', to_date('28.01.2014', 'dd.mm.yyyy'), 2, to_date('31.10.2012', 'dd.mm.yyyy'), '640275191883', to_date('05.04.2013', 'dd.mm.yyyy'), 13, to_date('15.01.2014', 'dd.mm.yyyy'), '3732034', to_date('21.02.2013', 'dd.mm.yyyy'), to_date('08.07.2012', 'dd.mm.yyyy'), '995741305992', '774398797', '73d80746-738c-4d04-b0c1-fc5ce287d55c', '748924821707', '928852693', '3f5fdc44-3b87-48cc-9f4d-611bd642c711', '5015926', to_date('21.08.2012', 'dd.mm.yyyy'), '455282156801', '142081470', 'f359f560-fa08-40fc-9b23-6aca9fdc90f0', 151, '0dad5a77-2a71-4861-9b54-1ab8418c5583', '60', 0.115130746325073, 0.42581314240853, 0.928997601815032, 0.354158560910336, 0.841579648126652, 0.0915457606741906, 0.922171645295886, 0.334302363607242, 0.345020750232516, 0.58294310447897, 0.562993436382615, 0.757233432381057, 0.7021676556683, 0.807926852166619, 0.620231025209758, 0.534995663228908 );
insert into FIR.INVOICE_RAW values(10305, 1001215, 3, 31232208, to_date('09.02.2012', 'dd.mm.yyyy'), to_date('28.07.2014', 'dd.mm.yyyy'), '19', '5541482', to_date('18.10.2012', 'dd.mm.yyyy'), 6, to_date('16.07.2012', 'dd.mm.yyyy'), '614807487701', to_date('13.07.2014', 'dd.mm.yyyy'), 10, to_date('02.09.2013', 'dd.mm.yyyy'), '7362996', to_date('13.01.2012', 'dd.mm.yyyy'), to_date('02.10.2013', 'dd.mm.yyyy'), '322788732850', '755350700', 'e6897c2b-682e-405e-9dd8-32d6d3f4b2f9', '164902121386', '820727390', 'ae928416-f609-4ae9-bdaa-25851ba94f92', '9439574', to_date('20.08.2014', 'dd.mm.yyyy'), '862638378183', '482631613', 'eab737f4-4b40-41e3-880b-c1c4d3369755', 14, '6d575fe9-fbdc-4910-9d3b-0adba3018f58', '60', 0.179043651176171, 0.8004912933337, 0.30870498964037, 0.0883240499945004, 0.654090759183322, 0.729024591263861, 0.31987910639489, 0.63423645758733, 0.664586860530352, 0.637376804667235, 0.360496073197804, 0.191215430009745, 0.529956397381591, 0.329349727988872, 0.0543957129374126, 0.725560479203966 );
insert into FIR.INVOICE_RAW values(10306, 1001215, 2, 17440870, to_date('17.09.2012', 'dd.mm.yyyy'), to_date('31.07.2012', 'dd.mm.yyyy'), '2', '1708338', to_date('07.02.2014', 'dd.mm.yyyy'), 6, to_date('25.12.2013', 'dd.mm.yyyy'), '591136299120', to_date('18.09.2013', 'dd.mm.yyyy'), 3, to_date('26.02.2014', 'dd.mm.yyyy'), '9477934', to_date('25.11.2013', 'dd.mm.yyyy'), to_date('22.02.2013', 'dd.mm.yyyy'), '576647584015', '719799554', '26e8ab7b-860c-4afa-b96e-bfb31ec2235d', '203937385027', '907430941', 'e79da34d-7bdd-45e0-bfc8-d22308999308', '4241646', to_date('22.03.2012', 'dd.mm.yyyy'), '438979634998', '311443406', '5bbdbcc6-6d93-4d27-8577-25f99b3ac55e', 36, '3404d79a-c818-444a-ac1b-931cbc487484', '40', 0.411690309369792, 0.919217344801509, 0.0648997766267973, 0.190198857425805, 0.259637785265054, 0.446225074793317, 0.827461945743981, 0.521914285850671, 0.878049183114455, 0.901637142012658, 0.961347921733441, 0.454653798814236, 0.129027215824009, 0.0871028681691284, 0.171720202160869, 0.985488585189678 );
insert into FIR.INVOICE_RAW values(10307, 1001215, 2, 39538148, to_date('13.01.2014', 'dd.mm.yyyy'), to_date('02.03.2013', 'dd.mm.yyyy'), '5', '7847534', to_date('07.08.2012', 'dd.mm.yyyy'), 1, to_date('05.01.2013', 'dd.mm.yyyy'), '578558402561', to_date('07.07.2013', 'dd.mm.yyyy'), 12, to_date('10.04.2013', 'dd.mm.yyyy'), '9978375', to_date('06.11.2013', 'dd.mm.yyyy'), to_date('05.04.2014', 'dd.mm.yyyy'), '363148709898', '768883283', 'ddd1c387-1adb-41d5-82c4-933d52a64eb4', '446535909310', '751983956', 'eb2beaea-0ea0-497b-a7ce-0a5d3a33c572', '8697057', to_date('29.01.2013', 'dd.mm.yyyy'), '289805913384', '190260325', '65dce1b8-18a8-4625-9e22-ac76fedd2974', 153, '6ee1ecfe-db5b-4194-b26c-a7c5f1e38012', '37', 0.801462193858559, 0.41576370197151, 0.562884983403089, 0.0415835008218808, 0.531529504587655, 0.376529826492318, 0.786616891057518, 0.770410281033446, 0.405629917702465, 0.882652701755358, 0.912907039706086, 0.349987690499978, 0.17417861203392, 0.872868166711586, 0.797837118524051, 0.732724776367063 );
insert into FIR.INVOICE_RAW values(10308, 1001215, 3, 9487691, to_date('30.05.2012', 'dd.mm.yyyy'), to_date('13.05.2012', 'dd.mm.yyyy'), '6', '5883133', to_date('04.06.2014', 'dd.mm.yyyy'), 1, to_date('24.10.2013', 'dd.mm.yyyy'), '946720524289', to_date('30.04.2013', 'dd.mm.yyyy'), 26, to_date('10.08.2014', 'dd.mm.yyyy'), '8827055', to_date('18.01.2014', 'dd.mm.yyyy'), to_date('06.06.2014', 'dd.mm.yyyy'), '936692887893', '435339856', '5f43245e-93ba-4ffd-bc0d-68cbc286032d', '128742301561', '139594228', '56bb6417-ed56-4563-84af-fdb9218302bf', '8774332', to_date('06.12.2013', 'dd.mm.yyyy'), '696439240683', '706424419', '8051bf51-15a2-43a2-ab4c-e9e4252ad197', 59, '75aff52a-8df4-4b36-a0be-b2c8234ad75c', '17', 0.788277168193961, 0.0579932132074578, 0.0559902782812669, 0.291940347893136, 0.123837117163389, 0.0365415178409505, 0.611685679113346, 0.701708712941831, 0.758003790284509, 0.727955873928944, 0.453024890484766, 0.969921823111326, 0.444010672366252, 0.189383772290025, 0.258837340054492, 0.421194618298297 );
insert into FIR.INVOICE_RAW values(10309, 1001260, 2, 37524433, to_date('04.09.2012', 'dd.mm.yyyy'), to_date('05.09.2013', 'dd.mm.yyyy'), '4', '312460', to_date('14.03.2014', 'dd.mm.yyyy'), 7, to_date('13.03.2014', 'dd.mm.yyyy'), '839440739825', to_date('03.06.2013', 'dd.mm.yyyy'), 15, to_date('02.08.2014', 'dd.mm.yyyy'), '9690627', to_date('11.04.2012', 'dd.mm.yyyy'), to_date('11.01.2012', 'dd.mm.yyyy'), '329394465793', '689613501', '68ea6923-cf89-4137-b66e-53f6bc1551ea', '440120458987', '823662792', '5ba0a1c0-8d32-4245-8171-991123a9624c', '5590951', to_date('22.12.2012', 'dd.mm.yyyy'), '396402696370', '835974134', '52ae8445-9ca9-47d6-964a-d0eb8d13717d', 113, 'ff91a691-1e71-4b4b-9c0f-7e503836ff09', '58', 0.478262985347893, 0.361091830004515, 0.311349975555832, 0.496953697640893, 0.16416185217172, 0.316695043498974, 0.612635202525479, 0.903764653906116, 0.405928514155526, 0.835646238567143, 0.281592332889136, 0.529026118819148, 0.0775250895309844, 0.60227943332972, 0.63642490824518, 0.550832086499237 );
insert into FIR.INVOICE_RAW values(10310, 1001260, 3, 16490907, to_date('09.05.2012', 'dd.mm.yyyy'), to_date('08.01.2012', 'dd.mm.yyyy'), '7', '5657606', to_date('23.09.2013', 'dd.mm.yyyy'), 4, to_date('08.02.2014', 'dd.mm.yyyy'), '503062916062', to_date('20.10.2013', 'dd.mm.yyyy'), 29, to_date('23.07.2014', 'dd.mm.yyyy'), '9118887', to_date('22.03.2013', 'dd.mm.yyyy'), to_date('28.07.2012', 'dd.mm.yyyy'), '868260287220', '228093970', '1ae0f673-baf2-42ff-b276-366c9e2d851c', '921768568290', '361618332', 'cc51b3bd-1751-4c66-adfa-9b58445a8f50', '2866700', to_date('14.11.2012', 'dd.mm.yyyy'), '616585962848', '302207664', 'dfe61ecf-5af2-4bc5-8a8f-98bfb1bd3aae', 112, 'f0f4ada0-99cd-40ba-8206-028d53b8e00b', '50', 0.239396540093886, 0.571017398299192, 0.864042776107808, 0.185614422981448, 0.736188290517865, 0.383796770304347, 0.899477666662763, 0.625344907224805, 0.68752237627633, 0.94538802278479, 0.302086135047528, 0.718526928554534, 0.217026697572799, 0.338988904533437, 0.436601618508157, 0.672258134778709 );
insert into FIR.INVOICE_RAW values(10311, 1001260, 1, 43699193, to_date('10.03.2014', 'dd.mm.yyyy'), to_date('20.08.2013', 'dd.mm.yyyy'), '2', '108984', to_date('18.08.2013', 'dd.mm.yyyy'), 8, to_date('25.09.2013', 'dd.mm.yyyy'), '175057186671', to_date('23.11.2013', 'dd.mm.yyyy'), 19, to_date('13.01.2012', 'dd.mm.yyyy'), '9341756', to_date('31.01.2013', 'dd.mm.yyyy'), to_date('09.12.2012', 'dd.mm.yyyy'), '960964800448', '106052280', 'f4d72000-a10d-4813-b497-640ca2a87003', '725580363892', '147946217', 'f63056b9-d5ea-4601-9ed1-ed81f5584081', '1009720', to_date('14.04.2014', 'dd.mm.yyyy'), '537939448743', '343597330', '58107588-0020-489e-a735-fa4cb214786c', 34, '7e81e4f1-9d07-4fc2-91da-5b5522228611', '19', 0.316248362099868, 0.622593869745076, 0.661244219942598, 0.18588149323402, 0.0568948653791542, 0.0252653984470597, 0.0789628997812806, 0.120510078091412, 0.232727548215877, 0.615574313148658, 0.733430442276146, 0.99415764491733, 0.773180440893946, 0.0803552363442049, 0.112149978108774, 0.622884528070169 );
insert into FIR.INVOICE_RAW values(10312, 1001260, 2, 30995480, to_date('18.01.2012', 'dd.mm.yyyy'), to_date('09.04.2013', 'dd.mm.yyyy'), '2', '6452058', to_date('25.08.2013', 'dd.mm.yyyy'), 5, to_date('17.06.2013', 'dd.mm.yyyy'), '907545879621', to_date('15.04.2012', 'dd.mm.yyyy'), 7, to_date('08.10.2013', 'dd.mm.yyyy'), '2152932', to_date('31.05.2012', 'dd.mm.yyyy'), to_date('23.01.2014', 'dd.mm.yyyy'), '332020459147', '529407133', '0063f29c-8570-4d45-9e7a-f18a1fbbe063', '199111686784', '439878381', '88ae9909-1fd3-46b6-82f4-e48a006e0154', '6384782', to_date('09.07.2013', 'dd.mm.yyyy'), '977136967738', '447133502', '5ee9066d-dd53-40d1-973a-f5c3e1c1ef23', 126, 'ee607d95-e02c-4bfd-a4bf-48d963882f70', '24', 0.52320291452259, 0.904452535279306, 0.122625775226683, 0.528052536085272, 0.269734344105113, 0.38130181486779, 0.277102956211708, 0.802774599195819, 0.243459555899473, 0.697995512139981, 0.933453297677195, 0.00387880765082259, 0.793593600296226, 0.498264353023034, 0.900901999278414, 0.364890182560724 );
insert into FIR.INVOICE_RAW values(10313, 1001260, 1, 38082153, to_date('04.02.2013', 'dd.mm.yyyy'), to_date('22.09.2012', 'dd.mm.yyyy'), '4', '3633529', to_date('23.08.2012', 'dd.mm.yyyy'), 4, to_date('26.01.2014', 'dd.mm.yyyy'), '488386177523', to_date('23.03.2014', 'dd.mm.yyyy'), 3, to_date('16.01.2014', 'dd.mm.yyyy'), '1705318', to_date('02.08.2012', 'dd.mm.yyyy'), to_date('20.08.2012', 'dd.mm.yyyy'), '655650480546', '403079652', 'cada7615-c91d-4377-95c3-38b1e5bf065b', '327193793139', '723631211', '9a3dc1e4-9039-4bfa-892f-a844cef309e6', '9391139', to_date('03.01.2013', 'dd.mm.yyyy'), '323843699244', '952711197', 'cdef6b40-4ed1-40f2-ba41-b1f593a3fa88', 186, 'a126da4f-599e-4f1a-8f79-f6c7f144efb5', '59', 0.561344391462088, 0.281471938025892, 0.289305071015519, 0.250702434336162, 0.251358405803963, 0.190559169831946, 0.263012777205097, 0.247408015768699, 0.106393146843833, 0.721536670681805, 0.719725358169398, 0.438575461711071, 0.455135971054032, 0.669128176136468, 0.287932692229716, 0.125770935847317 );
insert into FIR.INVOICE_RAW values(10314, 1001260, 3, 38329015, to_date('23.03.2014', 'dd.mm.yyyy'), to_date('01.03.2014', 'dd.mm.yyyy'), '4', '2818243', to_date('03.07.2014', 'dd.mm.yyyy'), 6, to_date('04.02.2013', 'dd.mm.yyyy'), '305404576232', to_date('25.03.2013', 'dd.mm.yyyy'), 27, to_date('01.05.2012', 'dd.mm.yyyy'), '3997031', to_date('08.06.2014', 'dd.mm.yyyy'), to_date('25.01.2012', 'dd.mm.yyyy'), '557044796789', '290385805', 'c1479eff-7020-48a5-a433-08be200b1f76', '120037229234', '806972818', '76a281da-f2a0-448b-852a-1ec1166a9cda', '4833186', to_date('16.07.2013', 'dd.mm.yyyy'), '730037143084', '725021602', 'c773f2a4-d7e4-4653-b82d-b083607fd16e', 199, 'bbc81e13-d7d9-47c9-a26c-fad40c2ebd55', '98', 0.510767605859212, 0.715760614124946, 0.203618530278848, 0.268887919499021, 0.0371967787096262, 0.0210695313387874, 0.141668739794599, 0.91892313254947, 0.659859731635014, 0.733921251601503, 0.654699442281713, 0.756328655759026, 0.882870091536488, 0.441382186692852, 0.341048992863413, 0.342031358900495 );
insert into FIR.INVOICE_RAW values(10315, 1001260, 3, 26189500, to_date('21.03.2013', 'dd.mm.yyyy'), to_date('17.05.2012', 'dd.mm.yyyy'), '3', '5820036', to_date('12.02.2012', 'dd.mm.yyyy'), 6, to_date('01.11.2013', 'dd.mm.yyyy'), '182241923496', to_date('16.08.2013', 'dd.mm.yyyy'), 20, to_date('29.12.2012', 'dd.mm.yyyy'), '3959567', to_date('22.12.2012', 'dd.mm.yyyy'), to_date('22.04.2013', 'dd.mm.yyyy'), '925122609335', '483017345', 'd38851be-b6b7-4777-a8e0-096fc5152c64', '478736558697', '127186750', 'ab6b0f8e-0bf6-4b6b-83bb-ce313faeb452', '5277094', to_date('21.03.2012', 'dd.mm.yyyy'), '608753780069', '198659209', '053dceac-1047-4f9d-bfe8-d66c730ba52b', 45, 'ac82eea0-b868-416d-9ccc-f79f8a8efd47', '13', 0.879164278916626, 0.48141942055962, 0.627278620203621, 0.699749162280815, 0.607056322790243, 0.409545060437892, 0.185349376958492, 0.766981915462288, 0.211758700763694, 0.0767877186074796, 0.878928178864964, 0.189829888376328, 0.557327286134161, 0.761283418518157, 0.802463242692157, 0.202523057443333 );
insert into FIR.INVOICE_RAW values(10316, 1001260, 3, 7894668, to_date('14.06.2014', 'dd.mm.yyyy'), to_date('12.11.2012', 'dd.mm.yyyy'), '4', '1049948', to_date('08.01.2014', 'dd.mm.yyyy'), 6, to_date('18.11.2013', 'dd.mm.yyyy'), '239577870568', to_date('09.02.2014', 'dd.mm.yyyy'), 5, to_date('14.02.2013', 'dd.mm.yyyy'), '9901838', to_date('06.04.2014', 'dd.mm.yyyy'), to_date('23.06.2012', 'dd.mm.yyyy'), '608614853084', '238184535', '2e728691-4dfc-45d3-afb5-629eae8d329a', '147340329860', '990726593', '457fbcba-2729-474b-9801-02a4bc3a5a10', '3689491', to_date('31.07.2012', 'dd.mm.yyyy'), '290616704382', '134321186', 'd24115a7-eb03-430c-b8c7-6e901998527c', 36, 'ced2b67d-7d80-4de4-a834-2b50d5c25e02', '75', 0.816799048714712, 0.668806289634112, 0.339988077683369, 0.810484043234253, 0.478577183782392, 0.803933087179406, 0.961592476331439, 0.698762708203291, 0.605081459323448, 0.860736204712063, 0.48730832640422, 0.0662119225907195, 0.227430056420821, 0.412543892121196, 0.356027176303802, 0.640933733266282 );
insert into FIR.INVOICE_RAW values(10317, 1001260, 3, 36337055, to_date('06.07.2012', 'dd.mm.yyyy'), to_date('08.12.2013', 'dd.mm.yyyy'), '13', '5282918', to_date('13.12.2013', 'dd.mm.yyyy'), 4, to_date('09.09.2012', 'dd.mm.yyyy'), '419767553363', to_date('31.03.2013', 'dd.mm.yyyy'), 14, to_date('07.04.2013', 'dd.mm.yyyy'), '4690345', to_date('03.05.2013', 'dd.mm.yyyy'), to_date('28.03.2014', 'dd.mm.yyyy'), '317562231570', '548991886', 'c4506e5c-7308-4f84-8cbb-faa712009634', '148546409807', '655144166', '46d8459c-d9e3-4dc9-81aa-b1d879e54e2c', '1687287', to_date('02.07.2012', 'dd.mm.yyyy'), '953816254751', '902080604', '217058cc-7dea-4e6e-890a-0d94c141d3f9', 74, '60ff6ea3-11e2-41e7-b0ba-4d12d1f0d278', '88', 0.874734197219244, 0.0813809391490095, 0.907829067161227, 0.866948121631028, 0.355114076451917, 0.94761652124469, 0.385486102842486, 0.526814386959567, 0.824620712466827, 0.448156842239274, 0.457442556720899, 0.699884795444033, 0.462199406447913, 0.255303889631901, 0.834548490044916, 0.719206794499982 );
insert into FIR.INVOICE_RAW values(10318, 1001260, 3, 12128039, to_date('20.08.2012', 'dd.mm.yyyy'), to_date('12.03.2013', 'dd.mm.yyyy'), '5', '8054794', to_date('07.06.2012', 'dd.mm.yyyy'), 2, to_date('28.10.2013', 'dd.mm.yyyy'), '626696239102', to_date('04.12.2012', 'dd.mm.yyyy'), 15, to_date('21.04.2013', 'dd.mm.yyyy'), '9236304', to_date('23.11.2013', 'dd.mm.yyyy'), to_date('05.06.2013', 'dd.mm.yyyy'), '894329552176', '356451764', '0daf30ee-3ff1-4843-85ee-80f29d395d4f', '191029871841', '787002796', 'e8c7d903-0bf1-48bf-ab5f-88ef38e2b3c5', '4122499', to_date('03.06.2012', 'dd.mm.yyyy'), '431249126422', '507918774', '904a685e-8392-4c1d-9498-21f49e0e3c82', 38, '05b286c0-2dd5-4ed1-808d-b6284a0d631c', '80', 0.260776752727468, 0.3986062358127, 0.682076196969522, 0.00014692079282688, 0.589269786416213, 0.760125025995134, 0.0496183810986664, 0.263187885872642, 0.57495682433944, 0.328276743799577, 0.903898339208168, 0.192968207035665, 0.15663957509987, 0.11364421626257, 0.326004585868681, 0.0737759722740278 );
insert into FIR.INVOICE_RAW values(10319, 1001260, 1, 43223080, to_date('12.03.2013', 'dd.mm.yyyy'), to_date('24.11.2012', 'dd.mm.yyyy'), '2', '6828833', to_date('02.09.2013', 'dd.mm.yyyy'), 4, to_date('26.02.2013', 'dd.mm.yyyy'), '258881143445', to_date('17.12.2012', 'dd.mm.yyyy'), 24, to_date('25.12.2012', 'dd.mm.yyyy'), '6837163', to_date('31.03.2012', 'dd.mm.yyyy'), to_date('15.09.2013', 'dd.mm.yyyy'), '516550492102', '355940535', 'cac58be5-4053-43f0-be22-a6572251827a', '215017534592', '298674809', 'ab36d41a-91db-4d3e-a0fc-3e4f0649fd0f', '5700948', to_date('30.01.2013', 'dd.mm.yyyy'), '622306415764', '503270578', 'a3797757-2860-468d-b851-0d7dc1318d02', 53, 'dd3350c8-6368-4214-a4e6-dd1c81d13e99', '79', 0.953815957509827, 0.285041782672071, 0.0799522069655136, 0.477024705837027, 0.408286088802054, 0.795488851981, 0.469003444290256, 0.138048476138175, 0.489102262765682, 0.20198674043733, 0.160490515250941, 0.147652993978771, 0.27574247088085, 0.759355111866889, 0.276169025933449, 0.393968742524259 );
insert into FIR.INVOICE_RAW values(10320, 1001305, 1, 16833795, to_date('28.06.2013', 'dd.mm.yyyy'), to_date('23.05.2012', 'dd.mm.yyyy'), '14', '2182336', to_date('19.01.2012', 'dd.mm.yyyy'), 8, to_date('03.12.2012', 'dd.mm.yyyy'), '732340838203', to_date('14.12.2013', 'dd.mm.yyyy'), 14, to_date('04.08.2012', 'dd.mm.yyyy'), '437897', to_date('18.01.2013', 'dd.mm.yyyy'), to_date('15.03.2013', 'dd.mm.yyyy'), '209144706432', '210884362', '562336a2-2a0e-46a1-8efd-912d51d1c8e0', '983847607520', '158878449', 'ec7c7d5b-ec4f-4360-b722-4e7fdb70d75a', '3887164', to_date('27.04.2013', 'dd.mm.yyyy'), '111574850326', '932281100', 'e99bf78e-caa5-4b8e-bbc2-c60cbbcaa87a', 72, 'f3d8f3c0-88d2-4421-9854-bfd100074935', '72', 0.0641461513303901, 0.707689796903958, 0.243251938951785, 0.165107647965247, 0.997699143829616, 0.80878753019906, 0.53292159202179, 0.0812684130302018, 0.460925332019536, 0.042962456607708, 0.764836136142181, 0.296455964118455, 0.261056591412544, 0.556763759142144, 0.737730530899824, 0.959584675244794 );
insert into FIR.INVOICE_RAW values(10321, 1001305, 3, 44739457, to_date('24.09.2013', 'dd.mm.yyyy'), to_date('21.02.2013', 'dd.mm.yyyy'), '17', '893631', to_date('10.04.2014', 'dd.mm.yyyy'), 8, to_date('28.03.2014', 'dd.mm.yyyy'), '647586663421', to_date('19.02.2013', 'dd.mm.yyyy'), 8, to_date('05.01.2012', 'dd.mm.yyyy'), '2030336', to_date('14.02.2013', 'dd.mm.yyyy'), to_date('19.06.2012', 'dd.mm.yyyy'), '715931918308', '828629395', '06cba39c-645c-456a-a6fd-019f237a4274', '442339282155', '922324925', 'f522ef91-da06-44e5-8e5b-24f9505896d3', '6252304', to_date('31.03.2013', 'dd.mm.yyyy'), '593400889833', '454307247', '6ab7336a-211b-4382-a82c-6defb409e6e4', 169, '8a7f9522-ba13-452f-b34b-1430b00309a5', '87', 0.35166160219892, 0.225232124433495, 0.199779599066721, 0.710867307945559, 0.276556186041122, 0.272208215795554, 0.125156852940636, 0.197673135994781, 0.742964586589003, 0.761184407752559, 0.624826089304325, 0.529926745002124, 0.253304924468186, 0.738931631547833, 0.0124303763790198, 0.684869944902542 );
insert into FIR.INVOICE_RAW values(10322, 1001305, 1, 38891992, to_date('30.05.2014', 'dd.mm.yyyy'), to_date('02.07.2014', 'dd.mm.yyyy'), '19', '6936294', to_date('04.09.2012', 'dd.mm.yyyy'), 7, to_date('13.08.2014', 'dd.mm.yyyy'), '936050298801', to_date('09.03.2014', 'dd.mm.yyyy'), 27, to_date('11.03.2013', 'dd.mm.yyyy'), '5637175', to_date('10.02.2014', 'dd.mm.yyyy'), to_date('08.05.2014', 'dd.mm.yyyy'), '581327254787', '804319476', '91300bc8-60cc-423c-9bdc-a50ee98c6054', '471832162162', '619154533', '915b51ca-4efc-4d08-a1eb-94982f874a66', '6116770', to_date('20.03.2013', 'dd.mm.yyyy'), '272926935403', '525639424', '906721c8-d028-411c-9bd0-de0b0a10492c', 132, '848575ab-baae-40ae-9961-1f4841a28649', '49', 0.748648089705337, 0.964502070548247, 0.354896659662433, 0.0473400159028079, 0.296742642436522, 0.534112120295927, 0.214397351823001, 0.684469572587157, 0.0853637233774009, 0.977788936336426, 0.648329636849616, 0.957444130888881, 0.47769797336203, 0.747519659692198, 0.0358773446808929, 0.578861037073126 );
insert into FIR.INVOICE_RAW values(10323, 1001305, 2, 39064398, to_date('09.03.2013', 'dd.mm.yyyy'), to_date('01.02.2012', 'dd.mm.yyyy'), '13', '4619217', to_date('11.02.2014', 'dd.mm.yyyy'), 6, to_date('18.07.2012', 'dd.mm.yyyy'), '861122490544', to_date('18.07.2013', 'dd.mm.yyyy'), 25, to_date('06.12.2013', 'dd.mm.yyyy'), '7564741', to_date('15.05.2013', 'dd.mm.yyyy'), to_date('06.06.2012', 'dd.mm.yyyy'), '569617451205', '641819268', 'ddf6e88b-621f-484e-82a8-90a4180e2810', '894661258528', '869714609', '24ab16dd-54bf-4e7f-8404-0b02402d0043', '7795105', to_date('18.04.2012', 'dd.mm.yyyy'), '440582517006', '886421638', '72c573ee-d080-4f08-a71f-5387a75ef432', 9, '05859d1f-ee9c-4f50-96b6-efa0fa642292', '22', 0.66466888723181, 0.228086549894925, 0.578901168228547, 0.858222049129299, 0.835186379419261, 0.190008626407948, 0.542931898749867, 0.246314066111256, 0.261463334905665, 0.805845837949703, 0.328589136865264, 0.970188505468046, 0.575746983557822, 0.776766532462447, 0.746359308597799, 0.675577197538492 );
insert into FIR.INVOICE_RAW values(10324, 1001305, 2, 36916554, to_date('08.03.2014', 'dd.mm.yyyy'), to_date('11.04.2012', 'dd.mm.yyyy'), '8', '7338404', to_date('22.11.2013', 'dd.mm.yyyy'), 2, to_date('24.01.2014', 'dd.mm.yyyy'), '506688284102', to_date('23.12.2013', 'dd.mm.yyyy'), 19, to_date('23.07.2014', 'dd.mm.yyyy'), '9702566', to_date('24.06.2013', 'dd.mm.yyyy'), to_date('17.03.2013', 'dd.mm.yyyy'), '352750621564', '406461555', '554be3a0-9ad6-4137-b935-553da65ea76d', '397055143926', '972029635', 'cf40d941-651b-4b4e-b1e2-10a527727af8', '5405529', to_date('16.10.2013', 'dd.mm.yyyy'), '886383751012', '483593530', 'fc0203c6-5e8b-4a8b-8e80-f7f45beb047c', 4, 'a7b3fb9d-e255-4a04-a81b-dc09a1f5fb3b', '40', 0.871369596045171, 0.33134419533021, 0.688423247397143, 0.758714628759173, 0.975198922201618, 0.679164135679214, 0.657660034791408, 0.44123569104878, 0.562886222993436, 0.550410225312417, 0.565256128816519, 0.286754738207327, 0.144959574632793, 0.154947872811438, 0.976464299008466, 0.462365813768639 );
insert into FIR.INVOICE_RAW values(10325, 1001305, 1, 10485689, to_date('24.08.2013', 'dd.mm.yyyy'), to_date('16.03.2012', 'dd.mm.yyyy'), '13', '9764897', to_date('13.12.2012', 'dd.mm.yyyy'), 2, to_date('23.06.2013', 'dd.mm.yyyy'), '226321257862', to_date('11.06.2013', 'dd.mm.yyyy'), 1, to_date('22.01.2013', 'dd.mm.yyyy'), '2301113', to_date('18.04.2012', 'dd.mm.yyyy'), to_date('16.02.2012', 'dd.mm.yyyy'), '257437244792', '219377148', 'be33cbb2-c53c-4a26-a696-19fd37edf35b', '599310101078', '862290616', 'e0df62fc-9d71-4172-b6ec-0406a0450cca', '1033392', to_date('30.01.2013', 'dd.mm.yyyy'), '853962911995', '540257167', 'ce94e7df-8905-4f8f-8820-69eeb44dafa2', 154, '28143d47-a631-4b0b-89c4-ebc341835c58', '31', 0.498496598796219, 0.679336335826356, 0.998150498605404, 0.347881073294152, 0.485372550080238, 0.960113927703404, 0.817499155093682, 0.86345051408906, 0.202214017138916, 0.7970445471802, 0.5202930446343, 0.652754981840381, 0.730817364869089, 0.157612648865959, 0.405104025455706, 0.330123571832722 );
insert into FIR.INVOICE_RAW values(10326, 1001305, 3, 11828689, to_date('13.06.2012', 'dd.mm.yyyy'), to_date('21.01.2014', 'dd.mm.yyyy'), '15', '8650561', to_date('18.01.2012', 'dd.mm.yyyy'), 1, to_date('03.10.2013', 'dd.mm.yyyy'), '508578837800', to_date('12.02.2014', 'dd.mm.yyyy'), 21, to_date('11.09.2012', 'dd.mm.yyyy'), '9611556', to_date('06.03.2013', 'dd.mm.yyyy'), to_date('27.05.2014', 'dd.mm.yyyy'), '620168412678', '578237101', '5ea67efe-bc8b-4e81-9e30-3b496dd1f3d2', '501420805797', '326206563', '458b91e1-40f5-4754-b268-12663d1529f3', '9090465', to_date('02.02.2014', 'dd.mm.yyyy'), '644409305229', '759424638', '0385f488-0ffa-4abb-b552-82ffe1fc1c32', 99, '9146483e-32e9-489e-ad3d-1b716c41a343', '58', 0.309805216411969, 0.720051355063939, 0.548391585027981, 0.203135964089602, 0.484693764934639, 0.771727445429064, 0.36748055385774, 0.0701968912362106, 0.74290347739258, 0.919576958715719, 0.930419815206164, 0.0558695192708958, 0.208130497116656, 0.0255004498295022, 0.82208153923139, 0.700718949409536 );
insert into FIR.INVOICE_RAW values(10327, 1001305, 3, 44872290, to_date('05.11.2013', 'dd.mm.yyyy'), to_date('21.07.2012', 'dd.mm.yyyy'), '10', '5149585', to_date('19.06.2014', 'dd.mm.yyyy'), 7, to_date('16.04.2013', 'dd.mm.yyyy'), '951718411171', to_date('11.10.2012', 'dd.mm.yyyy'), 23, to_date('27.07.2012', 'dd.mm.yyyy'), '1159110', to_date('22.12.2012', 'dd.mm.yyyy'), to_date('01.01.2014', 'dd.mm.yyyy'), '274469828906', '779463795', 'f03f5050-3ffb-405b-93dd-ef80d0ffdeb3', '364068793146', '231675892', 'a63d465f-1211-4ebd-9c48-5689117a8d4c', '7223819', to_date('17.03.2013', 'dd.mm.yyyy'), '302248652177', '666875740', 'b971a983-6ce8-47cb-840e-a3d327a2c2f1', 9, 'b4537018-4568-42c1-bf53-a6ecf35a3cea', '43', 0.144457272321199, 0.359541361387606, 0.815492654133352, 0.262852849561187, 0.697159350243006, 0.541725768494292, 0.793200930018537, 0.479954212661811, 0.0519809928033412, 0.486023114289168, 0.631452027536674, 0.71037482736184, 0.800877889991215, 0.115469577776021, 0.79842495070697, 0.806967136360224 );
insert into FIR.INVOICE_RAW values(10328, 1001305, 2, 16205150, to_date('21.03.2012', 'dd.mm.yyyy'), to_date('08.06.2014', 'dd.mm.yyyy'), '9', '2820737', to_date('04.05.2013', 'dd.mm.yyyy'), 7, to_date('22.11.2013', 'dd.mm.yyyy'), '433154501927', to_date('10.05.2013', 'dd.mm.yyyy'), 7, to_date('07.08.2014', 'dd.mm.yyyy'), '4851522', to_date('16.03.2012', 'dd.mm.yyyy'), to_date('18.04.2012', 'dd.mm.yyyy'), '503820557773', '367682287', 'b0895332-80cf-4039-bfc1-de767f3bb93e', '757065472241', '125327381', 'a872621c-7e41-4a90-9e1d-667f1de20d02', '8122388', to_date('16.11.2012', 'dd.mm.yyyy'), '172950571649', '355984962', 'a1b72fbb-c920-451c-83a4-faffbf88348e', 149, '67731434-cd51-4fc1-bab5-99e25570375d', '97', 0.628018598364675, 0.939954626345986, 0.580619925903445, 0.69682071483546, 0.194716786590739, 0.650703642354674, 0.398946381825463, 0.261606508987772, 0.0559296719990343, 0.333372268515347, 0.995196949688344, 0.397426703664207, 0.58576067610912, 0.402564105765225, 0.355311026496492, 0.47622073976147 );
insert into FIR.INVOICE_RAW values(10329, 1001305, 1, 16012519, to_date('20.07.2014', 'dd.mm.yyyy'), to_date('22.11.2012', 'dd.mm.yyyy'), '16', '6146715', to_date('26.06.2012', 'dd.mm.yyyy'), 3, to_date('09.07.2013', 'dd.mm.yyyy'), '503711480478', to_date('11.04.2013', 'dd.mm.yyyy'), 18, to_date('20.05.2013', 'dd.mm.yyyy'), '2852028', to_date('25.01.2012', 'dd.mm.yyyy'), to_date('20.11.2013', 'dd.mm.yyyy'), '713513991829', '523217992', '40ee8932-899f-4afb-b74c-c5f4f326994c', '313525260111', '850700693', '7611e95d-4673-4603-ae3b-73c8ac60596e', '8486945', to_date('15.06.2013', 'dd.mm.yyyy'), '298242258434', '923524100', '129fe533-8d34-4d7d-b03d-e2ecb665a6d1', 183, '3878fe48-cfc2-4525-acb8-f059eaf9c0bf', '62', 0.32371179262349, 0.75255591084834, 0.496437905121799, 0.84648577163298, 0.0790426032985759, 0.341592133669924, 0.315566260514579, 0.759003174844665, 0.934684922422601, 0.756346464974967, 0.725494473579104, 0.575384109548938, 0.648307789884651, 0.303079287662673, 0.319398338589537, 0.0271679926790148 );
insert into FIR.INVOICE_RAW values(10330, 1001305, 2, 16922782, to_date('27.11.2012', 'dd.mm.yyyy'), to_date('09.03.2014', 'dd.mm.yyyy'), '3', '2253905', to_date('04.06.2014', 'dd.mm.yyyy'), 8, to_date('11.07.2012', 'dd.mm.yyyy'), '972008214795', to_date('18.01.2014', 'dd.mm.yyyy'), 12, to_date('25.05.2013', 'dd.mm.yyyy'), '8701223', to_date('17.06.2014', 'dd.mm.yyyy'), to_date('04.12.2012', 'dd.mm.yyyy'), '415359684478', '230987232', '0eb9cafa-a22a-4002-a34e-7f9ac9f9dde1', '358210377064', '169574260', '584d5357-7376-46fd-8552-a7f3b7bb4477', '6492345', to_date('12.02.2012', 'dd.mm.yyyy'), '761351809980', '623267390', 'fbaa9bb8-bf74-4d8e-ac44-aa31487368fa', 11, '5c949c73-c2bf-4a52-a4b0-ce107b5bfde2', '64', 0.108635564385278, 0.13992399915118, 0.268569937566561, 0.703057956743547, 0.314509714634395, 0.62515074556002, 0.462695283565063, 0.624154368706119, 0.288070419937405, 0.651143652690176, 0.38375776511792, 0.527655673924673, 0.0694124866600206, 0.602103532572325, 0.997306528034297, 0.900108669837987 );
truncate table FIR.DECLARATION;
truncate table FIR.DISCREPANCY_RAW;
insert into FIR.DECLARATION values(1000000, '753618835592', '791219601', '99114790-a59f-4e14-970e-9ebc1c2b9fb5', '52', '5252', 1, '23', 1, 1, 44, 22.88712730253447116, 0.999893366359125, 0.00182468630458446, 0.5201619841485107081818181818 );
insert into FIR.DISCREPANCY_RAW values(1000000,  sysdate, 1, '1', 20, 0.729094053958121, 0.718450686297589, '23', '2014', '753618835592', '212974914657', '10001', 1000000, '/231', '1000001', '2' );
insert into FIR.DISCREPANCY_RAW values(1000001,  sysdate, 1, '1', 20, 0.671036662846355, 0.468397741424105, '23', '2014', '753618835592', '850146828282', '10001', 1000000, '/231', '1000002', '2' );
insert into FIR.DISCREPANCY_RAW values(1000002,  sysdate, 1, '1', 20, 0.522785299235389, 0.6633928332773, '23', '2014', '753618835592', '399329358049', '10001', 1000000, '/231', '1000003', '2' );
insert into FIR.DISCREPANCY_RAW values(1000003,  sysdate, 1, '1', 20, 0.62462275923445, 0.69304506419834, '23', '2014', '753618835592', '667354934872', '10001', 1000000, '/231', '1000004', '2' );
insert into FIR.DISCREPANCY_RAW values(1000004,  sysdate, 1, '1', 20, 0.250748328981338, 0.997114787342546, '23', '2014', '753618835592', '611819157092', '10002', 1000000, '/231', '1000005', '2' );
insert into FIR.DISCREPANCY_RAW values(1000005,  sysdate, 1, '1', 20, 0.516366130912847, 0.97012731198693, '23', '2014', '753618835592', '169938561670', '10002', 1000000, '/231', '1000006', '2' );
insert into FIR.DISCREPANCY_RAW values(1000006,  sysdate, 1, '1', 20, 0.552861858882411, 0.672489187062014, '23', '2014', '753618835592', '995090371476', '10002', 1000000, '/231', '1000007', '2' );
insert into FIR.DISCREPANCY_RAW values(1000007,  sysdate, 1, '1', 20, 0.0716895973643705, 0.230240750233755, '23', '2014', '753618835592', '235749502209', '10002', 1000000, '/231', '1000008', '2' );
insert into FIR.DISCREPANCY_RAW values(1000008,  sysdate, 1, '1', 20, 0.0972859221963612, 0.8779105636654, '23', '2014', '753618835592', '739784902924', '10003', 1000000, '/231', '1000009', '2' );
insert into FIR.DISCREPANCY_RAW values(1000009,  sysdate, 1, '1', 20, 0.1959048715401, 0.887584687623933, '23', '2014', '753618835592', '542425674040', '10003', 1000000, '/231', '1000010', '2' );
insert into FIR.DISCREPANCY_RAW values(1000010,  sysdate, 1, '1', 20, 0.61050611716253, 0.00182468630458446, '23', '2014', '753618835592', '985083965611', '10003', 1000000, '/231', '1000011', '2' );
insert into FIR.DISCREPANCY_RAW values(1000011,  sysdate, 1, '1', 20, 0.0625025439367176, 0.110062142419658, '23', '2014', '753618835592', '759516191731', '10003', 1000000, '/231', '1000012', '2' );
insert into FIR.DISCREPANCY_RAW values(1000012,  sysdate, 1, '1', 20, 0.509969897805699, 0.773251104528667, '23', '2014', '753618835592', '534108191086', '10004', 1000000, '/231', '1000013', '2' );
insert into FIR.DISCREPANCY_RAW values(1000013,  sysdate, 1, '1', 20, 0.702187994822016, 0.640672955960349, '23', '2014', '753618835592', '113958612496', '10004', 1000000, '/231', '1000014', '2' );
insert into FIR.DISCREPANCY_RAW values(1000014,  sysdate, 1, '1', 20, 0.283208052759621, 0.63060794939781, '23', '2014', '753618835592', '819351330061', '10004', 1000000, '/231', '1000015', '2' );
insert into FIR.DISCREPANCY_RAW values(1000015,  sysdate, 1, '1', 20, 0.839754344355201, 0.823210371110221, '23', '2014', '753618835592', '577466956406', '10004', 1000000, '/231', '1000016', '2' );
insert into FIR.DISCREPANCY_RAW values(1000016,  sysdate, 1, '1', 20, 0.663455994177356, 0.080990805794015, '23', '2014', '753618835592', '579888995697', '10005', 1000000, '/231', '1000017', '2' );
insert into FIR.DISCREPANCY_RAW values(1000017,  sysdate, 1, '1', 20, 0.985249692567275, 0.036342448106195, '23', '2014', '753618835592', '398873130655', '10005', 1000000, '/231', '1000018', '2' );
insert into FIR.DISCREPANCY_RAW values(1000018,  sysdate, 1, '1', 20, 0.116269377114377, 0.157299819941306, '23', '2014', '753618835592', '797970849607', '10005', 1000000, '/231', '1000019', '2' );
insert into FIR.DISCREPANCY_RAW values(1000019,  sysdate, 1, '1', 20, 0.179715321017297, 0.577967731551252, '23', '2014', '753618835592', '756151846553', '10005', 1000000, '/231', '1000020', '2' );
insert into FIR.DISCREPANCY_RAW values(1000020,  sysdate, 1, '1', 20, 0.999046124517474, 0.865312982287869, '23', '2014', '753618835592', '509263700092', '10006', 1000000, '/231', '1000021', '2' );
insert into FIR.DISCREPANCY_RAW values(1000021,  sysdate, 1, '1', 20, 0.882427595966695, 0.700749055343098, '23', '2014', '753618835592', '403690834318', '10006', 1000000, '/231', '1000022', '2' );
insert into FIR.DISCREPANCY_RAW values(1000022,  sysdate, 1, '1', 20, 0.384682911627313, 0.377295140352703, '23', '2014', '753618835592', '568836445092', '10006', 1000000, '/231', '1000023', '2' );
insert into FIR.DISCREPANCY_RAW values(1000023,  sysdate, 1, '1', 20, 0.404792791420963, 0.535833426069391, '23', '2014', '753618835592', '482498166792', '10006', 1000000, '/231', '1000024', '2' );
insert into FIR.DISCREPANCY_RAW values(1000024,  sysdate, 1, '1', 20, 0.10800806112029, 0.790968282050904, '23', '2014', '753618835592', '915947166947', '10007', 1000000, '/231', '1000025', '2' );
insert into FIR.DISCREPANCY_RAW values(1000025,  sysdate, 1, '1', 20, 0.401743851323493, 0.870890275515099, '23', '2014', '753618835592', '307267206110', '10007', 1000000, '/231', '1000026', '2' );
insert into FIR.DISCREPANCY_RAW values(1000026,  sysdate, 1, '1', 20, 0.72502507629107, 0.480839451067541, '23', '2014', '753618835592', '246300118862', '10007', 1000000, '/231', '1000027', '2' );
insert into FIR.DISCREPANCY_RAW values(1000027,  sysdate, 1, '1', 20, 0.968948881593044, 0.243742314746483, '23', '2014', '753618835592', '915681965101', '10007', 1000000, '/231', '1000028', '2' );
insert into FIR.DISCREPANCY_RAW values(1000028,  sysdate, 1, '1', 20, 0.125833739119504, 0.151065975963634, '23', '2014', '753618835592', '981722338997', '10008', 1000000, '/231', '1000029', '2' );
insert into FIR.DISCREPANCY_RAW values(1000029,  sysdate, 1, '1', 20, 0.0117356577011457, 0.539775727102428, '23', '2014', '753618835592', '318207456729', '10008', 1000000, '/231', '1000030', '2' );
insert into FIR.DISCREPANCY_RAW values(1000030,  sysdate, 1, '1', 20, 0.221205145689289, 0.546209118117676, '23', '2014', '753618835592', '251592651001', '10008', 1000000, '/231', '1000031', '2' );
insert into FIR.DISCREPANCY_RAW values(1000031,  sysdate, 1, '1', 20, 0.353675910436397, 0.0514204902813865, '23', '2014', '753618835592', '816485255380', '10008', 1000000, '/231', '1000032', '2' );
insert into FIR.DISCREPANCY_RAW values(1000032,  sysdate, 1, '1', 20, 0.0922029107307097, 0.0592397642597741, '23', '2014', '753618835592', '819150462639', '10009', 1000000, '/231', '1000033', '2' );
insert into FIR.DISCREPANCY_RAW values(1000033,  sysdate, 1, '1', 20, 0.0759138558413432, 0.735348848037119, '23', '2014', '753618835592', '760208599009', '10009', 1000000, '/231', '1000034', '2' );
insert into FIR.DISCREPANCY_RAW values(1000034,  sysdate, 1, '1', 20, 0.384480454672352, 0.769645870090297, '23', '2014', '753618835592', '418509177102', '10009', 1000000, '/231', '1000035', '2' );
insert into FIR.DISCREPANCY_RAW values(1000035,  sysdate, 1, '1', 20, 0.756027646249173, 0.510875365469081, '23', '2014', '753618835592', '828489325073', '10009', 1000000, '/231', '1000036', '2' );
insert into FIR.DISCREPANCY_RAW values(1000036,  sysdate, 1, '1', 20, 0.225536526285827, 0.463066393259478, '23', '2014', '753618835592', '545577247206', '10010', 1000000, '/231', '1000037', '2' );
insert into FIR.DISCREPANCY_RAW values(1000037,  sysdate, 1, '1', 20, 0.618358397212978, 0.173264236735769, '23', '2014', '753618835592', '805375276910', '10010', 1000000, '/231', '1000038', '2' );
insert into FIR.DISCREPANCY_RAW values(1000038,  sysdate, 1, '1', 20, 0.47485353726654, 0.301964377193695, '23', '2014', '753618835592', '642948736977', '10010', 1000000, '/231', '1000039', '2' );
insert into FIR.DISCREPANCY_RAW values(1000039,  sysdate, 1, '1', 20, 0.496828593545048, 0.517887596747786, '23', '2014', '753618835592', '321073461330', '10010', 1000000, '/231', '1000040', '2' );
insert into FIR.DISCREPANCY_RAW values(1000040,  sysdate, 1, '1', 20, 0.572652709005704, 0.0169799295333121, '23', '2014', '753618835592', '650362881375', '10011', 1000000, '/231', '1000041', '2' );
insert into FIR.DISCREPANCY_RAW values(1000041,  sysdate, 1, '1', 20, 0.427137744346232, 0.999893366359125, '23', '2014', '753618835592', '972935854469', '10011', 1000000, '/231', '1000042', '2' );
insert into FIR.DISCREPANCY_RAW values(1000042,  sysdate, 1, '1', 20, 0.392419226184683, 0.259722998952364, '23', '2014', '753618835592', '533517908613', '10011', 1000000, '/231', '1000043', '2' );
insert into FIR.DISCREPANCY_RAW values(1000043,  sysdate, 1, '1', 20, 0.116589181179455, 0.914152688772489, '23', '2014', '753618835592', '742379203886', '10011', 1000000, '/231', '1000044', '2' );
insert into FIR.DECLARATION values(1000001, '686984747752', '828515190', '97a1f01a-28aa-433a-9404-072112bff2c9', '11', '1111', 0, '21', 1, 1, 0, 0, 0, 0, 0 );
insert into FIR.DECLARATION values(1000002, '270211529128', '586715392', 'c6c4bc19-bb32-4915-898c-db1ef724049d', '11', '1111', 0, '21', 1, 1, 0, 0, 0, 0, 0 );
insert into FIR.DECLARATION values(1000003, '814266788054', '943785365', '6117840f-d572-43d7-9dfb-92df479b8f1c', '11', '1111', 0, '21', 1, 1, 0, 0, 0, 0, 0 );
insert into FIR.DECLARATION values(1000004, '838548300265', '268184161', 'da4d34eb-fddf-456a-bc94-d5e65e095685', '11', '1111', 0, '21', 1, 1, 0, 0, 0, 0, 0 );
insert into FIR.DECLARATION values(1000005, '612767255490', '266079647', '9cb4ad8e-51b9-404c-aff3-8c6b4be4a79f', '11', '1111', 0, '21', 1, 1, 0, 0, 0, 0, 0 );
insert into FIR.DECLARATION values(1000006, '337315858303', '611276680', '53eca007-f7e4-405f-871c-3a03df967d29', '11', '1111', 0, '21', 1, 1, 0, 0, 0, 0, 0 );
insert into FIR.DECLARATION values(1000007, '240188832286', '678268617', 'a6da9dff-04a3-48d2-a8f6-62a62d5cb53d', '11', '1111', 0, '21', 1, 1, 0, 0, 0, 0, 0 );
insert into FIR.DECLARATION values(1000008, '158008519132', '534766294', 'a695cf94-d1b4-4734-b12b-5d68ee2206d2', '11', '1111', 0, '21', 1, 1, 0, 0, 0, 0, 0 );
insert into FIR.DECLARATION values(1000009, '603360690056', '406924120', '2c844203-a9a3-41c1-9b5b-3f774a333411', '11', '1111', 0, '21', 1, 1, 0, 0, 0, 0, 0 );
insert into FIR.DECLARATION values(1000010, '686137329776', '338349526', 'c3658a93-c2c3-4633-821f-dbfc705a222a', '11', '1111', 0, '21', 1, 1, 0, 0, 0, 0, 0 );
insert into FIR.DECLARATION values(1000011, '387740432074', '320078994', '874d2f26-50bc-47e5-9ef6-f825eb6f2d55', '11', '1111', 0, '21', 1, 1, 0, 0, 0, 0, 0 );
insert into FIR.DECLARATION values(1000012, '241428795030', '182148271', 'd0287192-75bf-4aaa-b175-734f29423a7d', '11', '1111', 0, '21', 1, 1, 0, 0, 0, 0, 0 );
insert into FIR.DECLARATION values(1000013, '235235695207', '284762580', '96b87114-e5f4-4c36-8aee-73de4689eca2', '11', '1111', 0, '21', 1, 1, 0, 0, 0, 0, 0 );
insert into FIR.DECLARATION values(1000014, '494795207470', '873668605', '12a5e9ef-4c15-4035-9e43-45b1aa5904dc', '11', '1111', 0, '21', 1, 1, 0, 0, 0, 0, 0 );
insert into FIR.DECLARATION values(1000015, '512160994070', '210108208', '9abcbc9a-93ec-4e51-b2c5-f2042a5bcb14', '11', '1111', 0, '21', 1, 1, 0, 0, 0, 0, 0 );
insert into FIR.DECLARATION values(1000016, '337586111689', '501194364', '6a92a11c-b456-4f4c-b528-88147e385da0', '11', '1111', 0, '21', 1, 1, 0, 0, 0, 0, 0 );
insert into FIR.DECLARATION values(1000017, '878008315669', '439740632', 'f1c9d8f3-4f1f-4d00-aec7-6c3a4307dc3c', '11', '1111', 0, '21', 1, 1, 0, 0, 0, 0, 0 );
insert into FIR.DECLARATION values(1000018, '243320532482', '157419236', 'eb17998f-03fb-4ff5-a7cf-6454970614e7', '11', '1111', 0, '21', 1, 1, 0, 0, 0, 0, 0 );
insert into FIR.DECLARATION values(1000019, '565508616085', '873293301', 'c9680a7a-b58c-4166-b485-4d43a475d9a5', '11', '1111', 0, '21', 1, 1, 0, 0, 0, 0, 0 );
insert into FIR.DECLARATION values(1000020, '779328316266', '257676211', 'a6dcd4f4-5d65-497e-8f92-732c1d3cb387', '11', '1111', 0, '21', 1, 1, 0, 0, 0, 0, 0 );
insert into FIR.DECLARATION values(1000021, '931120149582', '676546376', '08fc7b9e-1e59-4e3e-ae46-608a47591f4d', '11', '1111', 0, '21', 1, 1, 0, 0, 0, 0, 0 );
insert into FIR.DECLARATION values(1000022, '184952993392', '719982146', '72ab2727-e1fe-41e0-be16-4d308b6f81ec', '11', '1111', 0, '21', 1, 1, 0, 0, 0, 0, 0 );
insert into FIR.DECLARATION values(1000023, '945981567088', '265865558', '3c657c97-6388-4c1b-b497-441b94109a23', '11', '1111', 0, '21', 1, 1, 0, 0, 0, 0, 0 );
insert into FIR.DECLARATION values(1000024, '361717848936', '811379755', 'df4eb311-250f-46af-8ce8-173445d3d763', '11', '1111', 0, '21', 1, 1, 0, 0, 0, 0, 0 );
insert into FIR.DECLARATION values(1000025, '677679690562', '939079388', 'abcddb45-4ead-4c95-862d-bb7917b412c8', '11', '1111', 0, '21', 1, 1, 0, 0, 0, 0, 0 );
insert into FIR.DECLARATION values(1000026, '251777933690', '805307362', 'b03459ec-873c-423b-a38a-4d617bc51236', '11', '1111', 0, '21', 1, 1, 0, 0, 0, 0, 0 );
insert into FIR.DECLARATION values(1000027, '609695297798', '704795534', '13ea6227-82b0-4e27-a899-0e9c9db6c708', '11', '1111', 0, '21', 1, 1, 0, 0, 0, 0, 0 );
insert into FIR.DECLARATION values(1000028, '503157519449', '167493962', 'ac96cd2b-0b94-4794-b182-6a02a2fee5d6', '11', '1111', 0, '21', 1, 1, 0, 0, 0, 0, 0 );
insert into FIR.DECLARATION values(1000029, '166040448753', '577288313', '5c67b9cc-db3c-4724-b1ab-6ceece35a438', '11', '1111', 0, '21', 1, 1, 0, 0, 0, 0, 0 );
insert into FIR.DECLARATION values(1000030, '461330835895', '480604956', '7c16d780-d53a-444f-a9f8-3a442c8ba83a', '11', '1111', 0, '21', 1, 1, 0, 0, 0, 0, 0 );
insert into FIR.DECLARATION values(1000031, '721447157123', '340343693', 'b1913e88-bb85-4621-a236-c1e2a35fb89b', '11', '1111', 0, '21', 1, 1, 0, 0, 0, 0, 0 );
insert into FIR.DECLARATION values(1000032, '965378266330', '808421664', 'faf4fa1b-424f-476f-8b0a-a6abe3e2a36f', '11', '1111', 0, '21', 1, 1, 0, 0, 0, 0, 0 );
insert into FIR.DECLARATION values(1000033, '585713858025', '155079113', '8b513bf9-4fa5-4c32-88b8-21d6b3907fa9', '11', '1111', 0, '21', 1, 1, 0, 0, 0, 0, 0 );
insert into FIR.DECLARATION values(1000034, '468763303281', '306624215', '7a4001d3-f242-4786-b91d-10712e294ff7', '11', '1111', 0, '21', 1, 1, 0, 0, 0, 0, 0 );
insert into FIR.DECLARATION values(1000035, '140686459044', '825415214', '636bcd08-3fda-460b-aa75-5027519779e7', '11', '1111', 0, '21', 1, 1, 0, 0, 0, 0, 0 );
insert into FIR.DECLARATION values(1000036, '412179665416', '948388737', '484f060c-e1a9-48b3-94b2-20b15e3c1efe', '11', '1111', 0, '21', 1, 1, 0, 0, 0, 0, 0 );
insert into FIR.DECLARATION values(1000037, '492049340755', '306738364', 'f3c54fbd-97f0-4d65-9896-7385a0272cde', '11', '1111', 0, '21', 1, 1, 0, 0, 0, 0, 0 );
insert into FIR.DECLARATION values(1000038, '857396210717', '273028764', '4d840e03-44c6-4015-b19e-0b7f2414da39', '11', '1111', 0, '21', 1, 1, 0, 0, 0, 0, 0 );
insert into FIR.DECLARATION values(1000039, '264104311271', '747347787', 'b2b2a91f-dfbe-4d85-ae65-4f907fc406af', '11', '1111', 0, '21', 1, 1, 0, 0, 0, 0, 0 );
insert into FIR.DECLARATION values(1000040, '831234333978', '821540339', '7463524c-6ced-4275-b8be-3b03a814eb9d', '11', '1111', 0, '21', 1, 1, 0, 0, 0, 0, 0 );
insert into FIR.DECLARATION values(1000041, '593556546950', '844689534', 'd6361360-c843-4c74-bec1-4664058044ea', '11', '1111', 0, '21', 1, 1, 0, 0, 0, 0, 0 );
insert into FIR.DECLARATION values(1000042, '680273373274', '404348913', '1b590e2c-eee8-4dad-86aa-bec82e44fbdd', '11', '1111', 0, '21', 1, 1, 0, 0, 0, 0, 0 );
insert into FIR.DECLARATION values(1000043, '763015280579', '529429405', 'e5b1dc04-076d-438c-aff4-ddc1b6256c44', '11', '1111', 0, '21', 1, 1, 0, 0, 0, 0, 0 );
insert into FIR.DECLARATION values(1000044, '490065177704', '740583208', 'bda8abd3-bda5-4c3e-abad-0f12c6315be4', '11', '1111', 0, '21', 1, 1, 0, 0, 0, 0, 0 );
insert into FIR.DECLARATION values(1000045, '800238113806', '584949672', '5d471a11-2da3-4a8a-bcb0-889c5fef6ec0', '52', '5252', 1, '21', 1, 1, 44, 19.4384488376967840, 0.975093232921834, 0.0058419876759136, 0.4417829281294723636363636364 );
insert into FIR.DISCREPANCY_RAW values(1000044,  sysdate, 1, '1', 20, 0.0891377376807564, 0.719743054695308, '21', '2014', '800238113806', '145841597938', '10012', 1000045, '/231', '1000046', '2' );
insert into FIR.DISCREPANCY_RAW values(1000045,  sysdate, 1, '1', 20, 0.470252161598882, 0.0779391737086415, '21', '2014', '800238113806', '115917258378', '10012', 1000045, '/231', '1000047', '2' );
insert into FIR.DISCREPANCY_RAW values(1000046,  sysdate, 1, '1', 20, 0.710786790452333, 0.0936837159533444, '21', '2014', '800238113806', '739070882874', '10012', 1000045, '/231', '1000048', '2' );
insert into FIR.DISCREPANCY_RAW values(1000047,  sysdate, 1, '1', 20, 0.0315156695579717, 0.0427606255015175, '21', '2014', '800238113806', '810076140882', '10012', 1000045, '/231', '1000049', '2' );
insert into FIR.DISCREPANCY_RAW values(1000048,  sysdate, 1, '1', 20, 0.366642584729308, 0.642283073459884, '21', '2014', '800238113806', '901830705383', '10013', 1000045, '/231', '1000050', '2' );
insert into FIR.DISCREPANCY_RAW values(1000049,  sysdate, 1, '1', 20, 0.250755864777954, 0.197813268377359, '21', '2014', '800238113806', '896066475394', '10013', 1000045, '/231', '1000051', '2' );
insert into FIR.DISCREPANCY_RAW values(1000050,  sysdate, 1, '1', 20, 0.094640195879452, 0.54709272717456, '21', '2014', '800238113806', '830006795013', '10013', 1000045, '/231', '1000052', '2' );
insert into FIR.DISCREPANCY_RAW values(1000051,  sysdate, 1, '1', 20, 0.465984435503364, 0.484345791621295, '21', '2014', '800238113806', '537647651848', '10013', 1000045, '/231', '1000053', '2' );
insert into FIR.DISCREPANCY_RAW values(1000052,  sysdate, 1, '1', 20, 0.0126955695509424, 0.739986728755751, '21', '2014', '800238113806', '868302752032', '10014', 1000045, '/231', '1000054', '2' );
insert into FIR.DISCREPANCY_RAW values(1000053,  sysdate, 1, '1', 20, 0.206819477587389, 0.930667496719708, '21', '2014', '800238113806', '387352682896', '10014', 1000045, '/231', '1000055', '2' );
insert into FIR.DISCREPANCY_RAW values(1000054,  sysdate, 1, '1', 20, 0.201283492707314, 0.225270223443057, '21', '2014', '800238113806', '506260744654', '10014', 1000045, '/231', '1000056', '2' );
insert into FIR.DISCREPANCY_RAW values(1000055,  sysdate, 1, '1', 20, 0.668786773769551, 0.542030348694897, '21', '2014', '800238113806', '817511744719', '10014', 1000045, '/231', '1000057', '2' );
insert into FIR.DISCREPANCY_RAW values(1000056,  sysdate, 1, '1', 20, 0.812846154818705, 0.77871748142816, '21', '2014', '800238113806', '899624793420', '10015', 1000045, '/231', '1000058', '2' );
insert into FIR.DISCREPANCY_RAW values(1000057,  sysdate, 1, '1', 20, 0.94025626915519, 0.877312417550624, '21', '2014', '800238113806', '835205946784', '10015', 1000045, '/231', '1000059', '2' );
insert into FIR.DISCREPANCY_RAW values(1000058,  sysdate, 1, '1', 20, 0.297589763206239, 0.425098817993467, '21', '2014', '800238113806', '638153212202', '10015', 1000045, '/231', '1000060', '2' );
insert into FIR.DISCREPANCY_RAW values(1000059,  sysdate, 1, '1', 20, 0.437280957790688, 0.508901498983103, '21', '2014', '800238113806', '325923676582', '10015', 1000045, '/231', '1000061', '2' );
insert into FIR.DISCREPANCY_RAW values(1000060,  sysdate, 1, '1', 20, 0.330411607087781, 0.103771832819922, '21', '2014', '800238113806', '644200942946', '10016', 1000045, '/231', '1000062', '2' );
insert into FIR.DISCREPANCY_RAW values(1000061,  sysdate, 1, '1', 20, 0.552507845942168, 0.528403867747823, '21', '2014', '800238113806', '660800862683', '10016', 1000045, '/231', '1000063', '2' );
insert into FIR.DISCREPANCY_RAW values(1000062,  sysdate, 1, '1', 20, 0.398233039024394, 0.515147224308526, '21', '2014', '800238113806', '564812248158', '10016', 1000045, '/231', '1000064', '2' );
insert into FIR.DISCREPANCY_RAW values(1000063,  sysdate, 1, '1', 20, 0.38600007928256, 0.355478253846745, '21', '2014', '800238113806', '114165474863', '10016', 1000045, '/231', '1000065', '2' );
insert into FIR.DISCREPANCY_RAW values(1000064,  sysdate, 1, '1', 20, 0.575810168672265, 0.314659374446915, '21', '2014', '800238113806', '230872566825', '10017', 1000045, '/231', '1000066', '2' );
insert into FIR.DISCREPANCY_RAW values(1000065,  sysdate, 1, '1', 20, 0.876482941152753, 0.69763695387991, '21', '2014', '800238113806', '413721122413', '10017', 1000045, '/231', '1000067', '2' );
insert into FIR.DISCREPANCY_RAW values(1000066,  sysdate, 1, '1', 20, 0.00590536510846828, 0.605208006037962, '21', '2014', '800238113806', '987935274360', '10017', 1000045, '/231', '1000068', '2' );
insert into FIR.DISCREPANCY_RAW values(1000067,  sysdate, 1, '1', 20, 0.614502524311888, 0.400135710090462, '21', '2014', '800238113806', '210790820834', '10017', 1000045, '/231', '1000069', '2' );
insert into FIR.DISCREPANCY_RAW values(1000068,  sysdate, 1, '1', 20, 0.637229623104087, 0.0543744331478954, '21', '2014', '800238113806', '636872107788', '10018', 1000045, '/231', '1000070', '2' );
insert into FIR.DISCREPANCY_RAW values(1000069,  sysdate, 1, '1', 20, 0.130618607686189, 0.43396990393939, '21', '2014', '800238113806', '977601869243', '10018', 1000045, '/231', '1000071', '2' );
insert into FIR.DISCREPANCY_RAW values(1000070,  sysdate, 1, '1', 20, 0.421813744316722, 0.32738672864036, '21', '2014', '800238113806', '487692533850', '10018', 1000045, '/231', '1000072', '2' );
insert into FIR.DISCREPANCY_RAW values(1000071,  sysdate, 1, '1', 20, 0.94966917110126, 0.378521574371737, '21', '2014', '800238113806', '196899369053', '10018', 1000045, '/231', '1000073', '2' );
insert into FIR.DISCREPANCY_RAW values(1000072,  sysdate, 1, '1', 20, 0.318240528608784, 0.070111393961176, '21', '2014', '800238113806', '422841196282', '10019', 1000045, '/231', '1000074', '2' );
insert into FIR.DISCREPANCY_RAW values(1000073,  sysdate, 1, '1', 20, 0.884870238082889, 0.112532008957366, '21', '2014', '800238113806', '102411494924', '10019', 1000045, '/231', '1000075', '2' );
insert into FIR.DISCREPANCY_RAW values(1000074,  sysdate, 1, '1', 20, 0.439767529461425, 0.171986911060282, '21', '2014', '800238113806', '501659366059', '10019', 1000045, '/231', '1000076', '2' );
insert into FIR.DISCREPANCY_RAW values(1000075,  sysdate, 1, '1', 20, 0.957707244883155, 0.975093232921834, '21', '2014', '800238113806', '890635676404', '10019', 1000045, '/231', '1000077', '2' );
insert into FIR.DISCREPANCY_RAW values(1000076,  sysdate, 1, '1', 20, 0.0751658026479026, 0.0912147532641956, '21', '2014', '800238113806', '750592836716', '10020', 1000045, '/231', '1000078', '2' );
insert into FIR.DISCREPANCY_RAW values(1000077,  sysdate, 1, '1', 20, 0.933042054499054, 0.919669792484338, '21', '2014', '800238113806', '575804289373', '10020', 1000045, '/231', '1000079', '2' );
insert into FIR.DISCREPANCY_RAW values(1000078,  sysdate, 1, '1', 20, 0.993882092644406, 0.123091917542318, '21', '2014', '800238113806', '388216851214', '10020', 1000045, '/231', '1000080', '2' );
insert into FIR.DISCREPANCY_RAW values(1000079,  sysdate, 1, '1', 20, 0.0845260592571116, 0.501831691480163, '21', '2014', '800238113806', '420912837056', '10020', 1000045, '/231', '1000081', '2' );
insert into FIR.DISCREPANCY_RAW values(1000080,  sysdate, 1, '1', 20, 0.666719158490523, 0.242056748011176, '21', '2014', '800238113806', '245156609261', '10021', 1000045, '/231', '1000082', '2' );
insert into FIR.DISCREPANCY_RAW values(1000081,  sysdate, 1, '1', 20, 0.111890991270491, 0.68225334663049, '21', '2014', '800238113806', '924137459329', '10021', 1000045, '/231', '1000083', '2' );
insert into FIR.DISCREPANCY_RAW values(1000082,  sysdate, 1, '1', 20, 0.336462332092441, 0.0058419876759136, '21', '2014', '800238113806', '246757733576', '10021', 1000045, '/231', '1000084', '2' );
insert into FIR.DISCREPANCY_RAW values(1000083,  sysdate, 1, '1', 20, 0.55659610478049, 0.673090071730823, '21', '2014', '800238113806', '320676887549', '10021', 1000045, '/231', '1000085', '2' );
insert into FIR.DISCREPANCY_RAW values(1000084,  sysdate, 1, '1', 20, 0.771003467855511, 0.875819419452836, '21', '2014', '800238113806', '879782923064', '10022', 1000045, '/231', '1000086', '2' );
insert into FIR.DISCREPANCY_RAW values(1000085,  sysdate, 1, '1', 20, 0.745471231986522, 0.274631488264832, '21', '2014', '800238113806', '231171794526', '10022', 1000045, '/231', '1000087', '2' );
insert into FIR.DISCREPANCY_RAW values(1000086,  sysdate, 1, '1', 20, 0.647709951106324, 0.545603099533172, '21', '2014', '800238113806', '650394708417', '10022', 1000045, '/231', '1000088', '2' );
insert into FIR.DISCREPANCY_RAW values(1000087,  sysdate, 1, '1', 20, 0.954703326781608, 0.625280667387545, '21', '2014', '800238113806', '929372561602', '10022', 1000045, '/231', '1000089', '2' );
insert into FIR.DECLARATION values(1000046, '497274552647', '106978806', '244e672a-2674-483b-b04c-2fc54c1f0acf', '11', '1111', 0, '21', 1, 1, 0, 0, 0, 0, 0 );
insert into FIR.DECLARATION values(1000047, '612757552230', '213698212', '5bc66543-6769-47f2-b168-2873a940c362', '11', '1111', 0, '21', 1, 1, 0, 0, 0, 0, 0 );
insert into FIR.DECLARATION values(1000048, '479982755024', '232962289', '56a38c5b-ab62-4cb2-874c-3fe97c3ab0a8', '11', '1111', 0, '21', 1, 1, 0, 0, 0, 0, 0 );
insert into FIR.DECLARATION values(1000049, '896681757778', '480034950', '1956d80b-fcbd-4d09-b4d1-b8b7ac1c20ec', '11', '1111', 0, '21', 1, 1, 0, 0, 0, 0, 0 );
insert into FIR.DECLARATION values(1000050, '677748780033', '301903615', '752242a2-f8a1-4356-a690-34e520785196', '11', '1111', 0, '21', 1, 1, 0, 0, 0, 0, 0 );
insert into FIR.DECLARATION values(1000051, '799611233633', '782262889', '31931c95-a5dc-4c3c-b8f5-0d1ffc4f8f46', '11', '1111', 0, '21', 1, 1, 0, 0, 0, 0, 0 );
insert into FIR.DECLARATION values(1000052, '341434201761', '956614321', '913fabda-7d29-4821-b360-6a2e9b3a997e', '11', '1111', 0, '21', 1, 1, 0, 0, 0, 0, 0 );
insert into FIR.DECLARATION values(1000053, '293497553505', '884997716', '8adec474-b62a-4cdd-8437-e70a0158e033', '11', '1111', 0, '21', 1, 1, 0, 0, 0, 0, 0 );
insert into FIR.DECLARATION values(1000054, '696434822420', '489365834', '6b3a4a93-8295-42ed-9c52-10e41682b226', '11', '1111', 0, '21', 1, 1, 0, 0, 0, 0, 0 );
insert into FIR.DECLARATION values(1000055, '167835984504', '272206232', '9d7538ed-b9d3-4ce4-aa67-fc1c9b9f4cbf', '11', '1111', 0, '21', 1, 1, 0, 0, 0, 0, 0 );
insert into FIR.DECLARATION values(1000056, '204782284475', '704566950', 'c7442fc8-e296-4e36-9ab1-3f07324629eb', '11', '1111', 0, '21', 1, 1, 0, 0, 0, 0, 0 );
insert into FIR.DECLARATION values(1000057, '829475898388', '424770311', '93b1761b-537f-413c-83c6-314c634b1353', '11', '1111', 0, '21', 1, 1, 0, 0, 0, 0, 0 );
insert into FIR.DECLARATION values(1000058, '748440184580', '227065320', 'd115cd0d-edd3-4bd7-a9c7-5b5fd5c03f71', '11', '1111', 0, '21', 1, 1, 0, 0, 0, 0, 0 );
insert into FIR.DECLARATION values(1000059, '121661828886', '368092827', 'fc8012a6-6de9-4fac-8122-bc3f68bc66b1', '11', '1111', 0, '21', 1, 1, 0, 0, 0, 0, 0 );
insert into FIR.DECLARATION values(1000060, '815950666118', '298602768', '469f3ad2-aa62-4e6b-b5e0-19881db8c145', '11', '1111', 0, '21', 1, 1, 0, 0, 0, 0, 0 );
insert into FIR.DECLARATION values(1000061, '996291172539', '476081815', '1319397c-6891-4c95-b087-29be6e8797f3', '11', '1111', 0, '21', 1, 1, 0, 0, 0, 0, 0 );
insert into FIR.DECLARATION values(1000062, '504329454125', '887031313', '3d3ae241-7098-41c5-bab6-243af9bb2352', '11', '1111', 0, '21', 1, 1, 0, 0, 0, 0, 0 );
insert into FIR.DECLARATION values(1000063, '415930251727', '459026102', '0d5113f0-3cfb-4520-a59b-55d9e3c85dff', '11', '1111', 0, '21', 1, 1, 0, 0, 0, 0, 0 );
insert into FIR.DECLARATION values(1000064, '274230299248', '515063986', 'b4b97444-c287-41b3-816c-9569a6f86547', '11', '1111', 0, '21', 1, 1, 0, 0, 0, 0, 0 );
insert into FIR.DECLARATION values(1000065, '307389292428', '367226868', '5a38a9cf-3f8c-4ab3-9eed-0a5601b4866b', '11', '1111', 0, '21', 1, 1, 0, 0, 0, 0, 0 );
insert into FIR.DECLARATION values(1000066, '318174579694', '252889104', 'b63f8a6b-a484-42a2-9fe7-61ab43884f55', '11', '1111', 0, '21', 1, 1, 0, 0, 0, 0, 0 );
insert into FIR.DECLARATION values(1000067, '783987836469', '921295497', '00b356af-5266-4b4b-8fe3-0d2bc25f7d89', '11', '1111', 0, '21', 1, 1, 0, 0, 0, 0, 0 );
insert into FIR.DECLARATION values(1000068, '920519795648', '822272838', 'fe1786a8-cf7b-4526-b3b5-0775deb7671c', '11', '1111', 0, '21', 1, 1, 0, 0, 0, 0, 0 );
insert into FIR.DECLARATION values(1000069, '259773474631', '909116914', '764c2c4c-db45-4485-a726-777372e53b85', '11', '1111', 0, '21', 1, 1, 0, 0, 0, 0, 0 );
insert into FIR.DECLARATION values(1000070, '796892833127', '828405957', '24d2d137-4ad4-42f8-9813-f2411280efaf', '11', '1111', 0, '21', 1, 1, 0, 0, 0, 0, 0 );
insert into FIR.DECLARATION values(1000071, '926390177352', '533769370', '8b8ec19a-79a2-4fb2-b3ed-41a8ce57c5cb', '11', '1111', 0, '21', 1, 1, 0, 0, 0, 0, 0 );
insert into FIR.DECLARATION values(1000072, '757892890201', '344084447', '85fe0255-a908-4f05-94fb-d083b6880f0f', '11', '1111', 0, '21', 1, 1, 0, 0, 0, 0, 0 );
insert into FIR.DECLARATION values(1000073, '215803315905', '228981295', 'f2450fc1-6345-40ee-b0e9-ea793370683e', '11', '1111', 0, '21', 1, 1, 0, 0, 0, 0, 0 );
insert into FIR.DECLARATION values(1000074, '271757407265', '241179341', '77fc7ebb-94a8-4c4f-889e-35d4276f8750', '11', '1111', 0, '21', 1, 1, 0, 0, 0, 0, 0 );
insert into FIR.DECLARATION values(1000075, '871225812570', '801232304', 'bceec1ae-29e0-4d0e-a609-791e1e769582', '11', '1111', 0, '21', 1, 1, 0, 0, 0, 0, 0 );
insert into FIR.DECLARATION values(1000076, '468796278139', '813339274', '4f46e03f-e0b4-4be9-8048-c6aedc2085e9', '11', '1111', 0, '21', 1, 1, 0, 0, 0, 0, 0 );
insert into FIR.DECLARATION values(1000077, '127193107548', '901058819', '8b79768b-8968-41a6-b442-3bf760a70e87', '11', '1111', 0, '21', 1, 1, 0, 0, 0, 0, 0 );
insert into FIR.DECLARATION values(1000078, '250661972927', '728509186', '925d6116-87f0-4992-8c81-b33b19a064e0', '11', '1111', 0, '21', 1, 1, 0, 0, 0, 0, 0 );
insert into FIR.DECLARATION values(1000079, '319618340488', '431315769', '02627e77-4674-4ce6-92f9-e090adc43c6b', '11', '1111', 0, '21', 1, 1, 0, 0, 0, 0, 0 );
insert into FIR.DECLARATION values(1000080, '429135837864', '277008232', 'bce2bd2b-eac1-459c-8cfb-f190592fc847', '11', '1111', 0, '21', 1, 1, 0, 0, 0, 0, 0 );
insert into FIR.DECLARATION values(1000081, '154390668827', '171454641', 'c7df7cdd-9772-4b67-8ca2-f0a5727cb1b2', '11', '1111', 0, '21', 1, 1, 0, 0, 0, 0, 0 );
insert into FIR.DECLARATION values(1000082, '328591296054', '735062360', '16715c25-56f3-4dde-a9d4-5276f54ba243', '11', '1111', 0, '21', 1, 1, 0, 0, 0, 0, 0 );
insert into FIR.DECLARATION values(1000083, '458014690113', '842594391', 'c5c1aa57-a821-4717-a45f-0ceb959a59d6', '11', '1111', 0, '21', 1, 1, 0, 0, 0, 0, 0 );
insert into FIR.DECLARATION values(1000084, '399800755827', '748277285', 'cb895cd8-1959-44e6-bd46-a0f7445ef3c5', '11', '1111', 0, '21', 1, 1, 0, 0, 0, 0, 0 );
insert into FIR.DECLARATION values(1000085, '996359170939', '808365961', '375bbb70-78fa-4bc3-a509-27509f7510d2', '11', '1111', 0, '21', 1, 1, 0, 0, 0, 0, 0 );
insert into FIR.DECLARATION values(1000086, '803446702627', '168902655', 'a2eb480d-17c1-4ad5-bd7d-ded9594207be', '11', '1111', 0, '21', 1, 1, 0, 0, 0, 0, 0 );
insert into FIR.DECLARATION values(1000087, '528502993303', '435648944', 'ab9a3a14-561c-4711-8fde-c6ddaf1a3615', '11', '1111', 0, '21', 1, 1, 0, 0, 0, 0, 0 );
insert into FIR.DECLARATION values(1000088, '948161352462', '803294770', 'd04b2889-81f0-4ef2-9ef0-b692558c26c7', '11', '1111', 0, '21', 1, 1, 0, 0, 0, 0, 0 );
insert into FIR.DECLARATION values(1000089, '221936475677', '747365668', '5a371861-1fd6-47b8-a897-c5b26c251993', '11', '1111', 0, '21', 1, 1, 0, 0, 0, 0, 0 );
insert into FIR.DECLARATION values(1000090, '475178473444', '614749620', '3d5ef045-7189-46d0-9167-ab925720a264', '52', '5252', 1, '22', 1, 1, 44, 19.0339395115310068, 0.953544857890133, 0.0284643303735481, 0.4325895343529774272727272727 );
insert into FIR.DISCREPANCY_RAW values(1000088,  sysdate, 1, '1', 20, 0.615601219523512, 0.349170155520164, '22', '2014', '475178473444', '301184260766', '10023', 1000090, '/231', '1000091', '2' );
insert into FIR.DISCREPANCY_RAW values(1000089,  sysdate, 1, '1', 20, 0.744454699449453, 0.322651963365568, '22', '2014', '475178473444', '764515665196', '10023', 1000090, '/231', '1000092', '2' );
insert into FIR.DISCREPANCY_RAW values(1000090,  sysdate, 1, '1', 20, 0.0466597941921371, 0.215801911529061, '22', '2014', '475178473444', '693044630023', '10023', 1000090, '/231', '1000093', '2' );
insert into FIR.DISCREPANCY_RAW values(1000091,  sysdate, 1, '1', 20, 0.218298657433269, 0.460984963672694, '22', '2014', '475178473444', '671853661446', '10023', 1000090, '/231', '1000094', '2' );
insert into FIR.DISCREPANCY_RAW values(1000092,  sysdate, 1, '1', 20, 0.604557606207466, 0.193146154374418, '22', '2014', '475178473444', '122557447589', '10024', 1000090, '/231', '1000095', '2' );
insert into FIR.DISCREPANCY_RAW values(1000093,  sysdate, 1, '1', 20, 0.86419129737848, 0.38548851636494, '22', '2014', '475178473444', '824357877790', '10024', 1000090, '/231', '1000096', '2' );
insert into FIR.DISCREPANCY_RAW values(1000094,  sysdate, 1, '1', 20, 0.219024601494439, 0.381564347716777, '22', '2014', '475178473444', '563087836668', '10024', 1000090, '/231', '1000097', '2' );
insert into FIR.DISCREPANCY_RAW values(1000095,  sysdate, 1, '1', 20, 0.364479524718821, 0.127587548516499, '22', '2014', '475178473444', '778365784356', '10024', 1000090, '/231', '1000098', '2' );
insert into FIR.DISCREPANCY_RAW values(1000096,  sysdate, 1, '1', 20, 0.938459973287983, 0.488495732885085, '22', '2014', '475178473444', '401550452425', '10025', 1000090, '/231', '1000099', '2' );
insert into FIR.DISCREPANCY_RAW values(1000097,  sysdate, 1, '1', 20, 0.61235887120122, 0.84996952062937, '22', '2014', '475178473444', '550720120188', '10025', 1000090, '/231', '1000100', '2' );
insert into FIR.DISCREPANCY_RAW values(1000098,  sysdate, 1, '1', 20, 0.0644268542828163, 0.485433881862757, '22', '2014', '475178473444', '745789673902', '10025', 1000090, '/231', '1000101', '2' );
insert into FIR.DISCREPANCY_RAW values(1000099,  sysdate, 1, '1', 20, 0.50794027583112, 0.0284643303735481, '22', '2014', '475178473444', '493655123000', '10025', 1000090, '/231', '1000102', '2' );
insert into FIR.DISCREPANCY_RAW values(1000100,  sysdate, 1, '1', 20, 0.295486149981379, 0.118141479845225, '22', '2014', '475178473444', '703407840284', '10026', 1000090, '/231', '1000103', '2' );
insert into FIR.DISCREPANCY_RAW values(1000101,  sysdate, 1, '1', 20, 0.647963234059496, 0.800993398204908, '22', '2014', '475178473444', '187333845112', '10026', 1000090, '/231', '1000104', '2' );
insert into FIR.DISCREPANCY_RAW values(1000102,  sysdate, 1, '1', 20, 0.626491339703319, 0.953544857890133, '22', '2014', '475178473444', '776580882299', '10026', 1000090, '/231', '1000105', '2' );
insert into FIR.DISCREPANCY_RAW values(1000103,  sysdate, 1, '1', 20, 0.276663969399717, 0.315506735497856, '22', '2014', '475178473444', '197226439338', '10026', 1000090, '/231', '1000106', '2' );
insert into FIR.DISCREPANCY_RAW values(1000104,  sysdate, 1, '1', 20, 0.482283218988349, 0.611525424109551, '22', '2014', '475178473444', '644131255659', '10027', 1000090, '/231', '1000107', '2' );
insert into FIR.DISCREPANCY_RAW values(1000105,  sysdate, 1, '1', 20, 0.742954001642276, 0.761547544394409, '22', '2014', '475178473444', '262337777103', '10027', 1000090, '/231', '1000108', '2' );
insert into FIR.DISCREPANCY_RAW values(1000106,  sysdate, 1, '1', 20, 0.950629355828571, 0.0834169509277758, '22', '2014', '475178473444', '938745359259', '10027', 1000090, '/231', '1000109', '2' );
insert into FIR.DISCREPANCY_RAW values(1000107,  sysdate, 1, '1', 20, 0.445933859537325, 0.544257536318273, '22', '2014', '475178473444', '203648194995', '10027', 1000090, '/231', '1000110', '2' );
insert into FIR.DISCREPANCY_RAW values(1000108,  sysdate, 1, '1', 20, 0.0692168562995348, 0.866410592508694, '22', '2014', '475178473444', '487494834031', '10028', 1000090, '/231', '1000111', '2' );
insert into FIR.DISCREPANCY_RAW values(1000109,  sysdate, 1, '1', 20, 0.359354431442616, 0.710564257442283, '22', '2014', '475178473444', '631149818759', '10028', 1000090, '/231', '1000112', '2' );
insert into FIR.DISCREPANCY_RAW values(1000110,  sysdate, 1, '1', 20, 0.957443080822678, 0.16805404432493, '22', '2014', '475178473444', '504135605293', '10028', 1000090, '/231', '1000113', '2' );
insert into FIR.DISCREPANCY_RAW values(1000111,  sysdate, 1, '1', 20, 0.55636084478179, 0.48866253042997, '22', '2014', '475178473444', '320501766365', '10028', 1000090, '/231', '1000114', '2' );
insert into FIR.DISCREPANCY_RAW values(1000112,  sysdate, 1, '1', 20, 0.771648969394923, 0.335663319721661, '22', '2014', '475178473444', '581675728820', '10029', 1000090, '/231', '1000115', '2' );
insert into FIR.DISCREPANCY_RAW values(1000113,  sysdate, 1, '1', 20, 0.00495326984904393, 0.0435151360200323, '22', '2014', '475178473444', '323045681980', '10029', 1000090, '/231', '1000116', '2' );
insert into FIR.DISCREPANCY_RAW values(1000114,  sysdate, 1, '1', 20, 0.0622766753948651, 0.547628967812112, '22', '2014', '475178473444', '807586218462', '10029', 1000090, '/231', '1000117', '2' );
insert into FIR.DISCREPANCY_RAW values(1000115,  sysdate, 1, '1', 20, 0.132958047153874, 0.734751897740528, '22', '2014', '475178473444', '852907513597', '10029', 1000090, '/231', '1000118', '2' );
insert into FIR.DISCREPANCY_RAW values(1000116,  sysdate, 1, '1', 20, 0.333488548329793, 0.235844906995001, '22', '2014', '475178473444', '628661305469', '10030', 1000090, '/231', '1000119', '2' );
insert into FIR.DISCREPANCY_RAW values(1000117,  sysdate, 1, '1', 20, 0.88067667972328, 0.602014205233201, '22', '2014', '475178473444', '246791425949', '10030', 1000090, '/231', '1000120', '2' );
insert into FIR.DISCREPANCY_RAW values(1000118,  sysdate, 1, '1', 20, 0.68558752987794, 0.800006344821307, '22', '2014', '475178473444', '553951259624', '10030', 1000090, '/231', '1000121', '2' );
insert into FIR.DISCREPANCY_RAW values(1000119,  sysdate, 1, '1', 20, 0.311308065108633, 0.0326467445272239, '22', '2014', '475178473444', '419085272632', '10030', 1000090, '/231', '1000122', '2' );
insert into FIR.DISCREPANCY_RAW values(1000120,  sysdate, 1, '1', 20, 0.225743625418164, 0.0600069337803903, '22', '2014', '475178473444', '344502967481', '10031', 1000090, '/231', '1000123', '2' );
insert into FIR.DISCREPANCY_RAW values(1000121,  sysdate, 1, '1', 20, 0.198967766109373, 0.82140407702951, '22', '2014', '475178473444', '364231136862', '10031', 1000090, '/231', '1000124', '2' );
insert into FIR.DISCREPANCY_RAW values(1000122,  sysdate, 1, '1', 20, 0.295997685890644, 0.834196861290464, '22', '2014', '475178473444', '197305623550', '10031', 1000090, '/231', '1000125', '2' );
insert into FIR.DISCREPANCY_RAW values(1000123,  sysdate, 1, '1', 20, 0.521014168169822, 0.408555451505145, '22', '2014', '475178473444', '681875757664', '10031', 1000090, '/231', '1000126', '2' );
insert into FIR.DISCREPANCY_RAW values(1000124,  sysdate, 1, '1', 20, 0.431316616680155, 0.137863623508189, '22', '2014', '475178473444', '527673445664', '10032', 1000090, '/231', '1000127', '2' );
insert into FIR.DISCREPANCY_RAW values(1000125,  sysdate, 1, '1', 20, 0.0209035230897849, 0.0979640456372704, '22', '2014', '475178473444', '690651141256', '10032', 1000090, '/231', '1000128', '2' );
insert into FIR.DISCREPANCY_RAW values(1000126,  sysdate, 1, '1', 20, 0.00894468697204473, 0.102451815783257, '22', '2014', '475178473444', '109716903759', '10032', 1000090, '/231', '1000129', '2' );
insert into FIR.DISCREPANCY_RAW values(1000127,  sysdate, 1, '1', 20, 0.241837294884882, 0.654450568209612, '22', '2014', '475178473444', '290759600513', '10032', 1000090, '/231', '1000130', '2' );
insert into FIR.DISCREPANCY_RAW values(1000128,  sysdate, 1, '1', 20, 0.732836845672148, 0.474833049101212, '22', '2014', '475178473444', '699642166081', '10033', 1000090, '/231', '1000131', '2' );
insert into FIR.DISCREPANCY_RAW values(1000129,  sysdate, 1, '1', 20, 0.716823634559672, 0.37830283277589, '22', '2014', '475178473444', '246633965651', '10033', 1000090, '/231', '1000132', '2' );
insert into FIR.DISCREPANCY_RAW values(1000130,  sysdate, 1, '1', 20, 0.569503388632789, 0.242991086674384, '22', '2014', '475178473444', '244040146494', '10033', 1000090, '/231', '1000133', '2' );
insert into FIR.DISCREPANCY_RAW values(1000131,  sysdate, 1, '1', 20, 0.277983382008031, 0.777463264659728, '22', '2014', '475178473444', '151328662816', '10033', 1000090, '/231', '1000134', '2' );
insert into FIR.DECLARATION values(1000091, '571654958243', '748507557', '0b205ccf-fd75-4821-9fd3-a9a42aaa540b', '11', '1111', 0, '22', 1, 1, 0, 0, 0, 0, 0 );
insert into FIR.DECLARATION values(1000092, '785853422706', '998401681', 'ac1eace9-363a-49b9-a5e8-ca8870350dfb', '11', '1111', 0, '22', 1, 1, 0, 0, 0, 0, 0 );
insert into FIR.DECLARATION values(1000093, '932571890527', '661748429', 'fcf60f4d-b7e6-4f48-b60a-c116b0e4300b', '11', '1111', 0, '22', 1, 1, 0, 0, 0, 0, 0 );
insert into FIR.DECLARATION values(1000094, '562426822801', '127816396', 'd4276a3f-b7e4-4269-8d8f-73f49a682d2f', '11', '1111', 0, '22', 1, 1, 0, 0, 0, 0, 0 );
insert into FIR.DECLARATION values(1000095, '734287460165', '205523475', 'f507b9d7-dd6f-4f5e-9fbb-1595c39f6655', '11', '1111', 0, '22', 1, 1, 0, 0, 0, 0, 0 );
insert into FIR.DECLARATION values(1000096, '266668287715', '122283564', '87771432-14bb-493d-9240-95a35225013f', '11', '1111', 0, '22', 1, 1, 0, 0, 0, 0, 0 );
insert into FIR.DECLARATION values(1000097, '631740488489', '294075135', 'd7005376-91f5-4ddb-80ba-a080c26df988', '11', '1111', 0, '22', 1, 1, 0, 0, 0, 0, 0 );
insert into FIR.DECLARATION values(1000098, '816748340099', '801790815', '143eeb87-52fa-4ce1-bdb8-3e6ae864bc95', '11', '1111', 0, '22', 1, 1, 0, 0, 0, 0, 0 );
insert into FIR.DECLARATION values(1000099, '740672645777', '479834207', '17ce37fd-abc6-49f7-8218-9eafa0db944f', '11', '1111', 0, '22', 1, 1, 0, 0, 0, 0, 0 );
insert into FIR.DECLARATION values(1000100, '684296831596', '718051213', 'd0bee06c-0e45-4a85-876d-e91f5c28dd87', '11', '1111', 0, '22', 1, 1, 0, 0, 0, 0, 0 );
insert into FIR.DECLARATION values(1000101, '890820182595', '147173285', '13001ef2-b56f-4955-96b9-ba6619f48bdf', '11', '1111', 0, '22', 1, 1, 0, 0, 0, 0, 0 );
insert into FIR.DECLARATION values(1000102, '490643263669', '819443894', '92f5c31d-e9b6-4a95-9e11-954d4e8f5488', '11', '1111', 0, '22', 1, 1, 0, 0, 0, 0, 0 );
insert into FIR.DECLARATION values(1000103, '304514201629', '525547881', '26f248ce-e1ad-4887-a6b7-5a6abaed24c4', '11', '1111', 0, '22', 1, 1, 0, 0, 0, 0, 0 );
insert into FIR.DECLARATION values(1000104, '670243298322', '686676132', '28db929f-0c3b-4bc5-b577-506cf9686c2d', '11', '1111', 0, '22', 1, 1, 0, 0, 0, 0, 0 );
insert into FIR.DECLARATION values(1000105, '711310543295', '934010243', 'f41cefb2-11fd-44cf-a9e5-426b6a724c8a', '11', '1111', 0, '22', 1, 1, 0, 0, 0, 0, 0 );
insert into FIR.DECLARATION values(1000106, '196244145955', '940289641', 'fd2ace54-71e5-46fe-880a-573e59da8744', '11', '1111', 0, '22', 1, 1, 0, 0, 0, 0, 0 );
insert into FIR.DECLARATION values(1000107, '997478733154', '416224230', 'f5bc91c2-c521-4810-ba02-0aa6d5bcfc3c', '11', '1111', 0, '22', 1, 1, 0, 0, 0, 0, 0 );
insert into FIR.DECLARATION values(1000108, '388491492320', '910453904', 'a9dc62cc-2f94-480e-ae4f-fb9472e8deb2', '11', '1111', 0, '22', 1, 1, 0, 0, 0, 0, 0 );
insert into FIR.DECLARATION values(1000109, '831190236963', '231537508', '75867b7a-a476-4ba1-ba71-5e5dc73f285e', '11', '1111', 0, '22', 1, 1, 0, 0, 0, 0, 0 );
insert into FIR.DECLARATION values(1000110, '503924436650', '148842982', '89998741-4b47-4abc-a55d-ca7f3318d19a', '11', '1111', 0, '22', 1, 1, 0, 0, 0, 0, 0 );
insert into FIR.DECLARATION values(1000111, '149998872278', '144780168', 'd638de2c-d7e5-446d-b883-8e495444aa06', '11', '1111', 0, '22', 1, 1, 0, 0, 0, 0, 0 );
insert into FIR.DECLARATION values(1000112, '293263950348', '552625234', '485f7a06-b998-4584-a832-75319fc50bdc', '11', '1111', 0, '22', 1, 1, 0, 0, 0, 0, 0 );
insert into FIR.DECLARATION values(1000113, '951858785098', '254902168', 'af924a90-3625-4a0e-8642-43859d1b943b', '11', '1111', 0, '22', 1, 1, 0, 0, 0, 0, 0 );
insert into FIR.DECLARATION values(1000114, '475183710153', '699524429', '33f0c069-b896-45ae-9ad8-47af191cba03', '11', '1111', 0, '22', 1, 1, 0, 0, 0, 0, 0 );
insert into FIR.DECLARATION values(1000115, '235524690192', '655824768', 'd107662f-1044-43db-94cf-e58780229009', '11', '1111', 0, '22', 1, 1, 0, 0, 0, 0, 0 );
insert into FIR.DECLARATION values(1000116, '770315723374', '686620136', 'f99a5a8b-776c-4799-adaa-620588b7237b', '11', '1111', 0, '22', 1, 1, 0, 0, 0, 0, 0 );
insert into FIR.DECLARATION values(1000117, '310142394913', '312675137', '967e9f6a-e6b0-4ee9-936d-77f3c8b012ca', '11', '1111', 0, '22', 1, 1, 0, 0, 0, 0, 0 );
insert into FIR.DECLARATION values(1000118, '149787944250', '948776599', '69b7ef21-5528-402d-9f70-8b72635893e1', '11', '1111', 0, '22', 1, 1, 0, 0, 0, 0, 0 );
insert into FIR.DECLARATION values(1000119, '726883129874', '777494175', '35adb38b-508d-4292-9cc9-80d927e5eb4f', '11', '1111', 0, '22', 1, 1, 0, 0, 0, 0, 0 );
insert into FIR.DECLARATION values(1000120, '320617902286', '284310605', 'abffa9b2-ce7b-4bcf-a04c-7d23b951fafb', '11', '1111', 0, '22', 1, 1, 0, 0, 0, 0, 0 );
insert into FIR.DECLARATION values(1000121, '374955150779', '148716696', '25fc98e5-11c5-4811-a2ce-b3e23b2951c7', '11', '1111', 0, '22', 1, 1, 0, 0, 0, 0, 0 );
insert into FIR.DECLARATION values(1000122, '870201505522', '267340170', 'e2514e35-6d9d-4103-a0ef-f2a3417a6b3b', '11', '1111', 0, '22', 1, 1, 0, 0, 0, 0, 0 );
insert into FIR.DECLARATION values(1000123, '940957531463', '447199572', '92e93b69-cb59-45a2-9e59-716aac3ad0fe', '11', '1111', 0, '22', 1, 1, 0, 0, 0, 0, 0 );
insert into FIR.DECLARATION values(1000124, '691637534675', '929961824', '747a5e23-10f6-45c3-9f25-3328c0548826', '11', '1111', 0, '22', 1, 1, 0, 0, 0, 0, 0 );
insert into FIR.DECLARATION values(1000125, '587240257090', '524702592', 'c18ffee9-321c-4fb7-b3c0-d8c7a3b5486a', '11', '1111', 0, '22', 1, 1, 0, 0, 0, 0, 0 );
insert into FIR.DECLARATION values(1000126, '674478806019', '119963551', '3f8b2b5b-5842-4e69-ae6d-546fb0e7b76d', '11', '1111', 0, '22', 1, 1, 0, 0, 0, 0, 0 );
insert into FIR.DECLARATION values(1000127, '775620617122', '440745969', 'd106e236-c1ed-4be7-bf9e-aa66298ad271', '11', '1111', 0, '22', 1, 1, 0, 0, 0, 0, 0 );
insert into FIR.DECLARATION values(1000128, '971766734100', '926135550', 'a5bd8047-f75b-40ce-87c1-74f737e414fe', '11', '1111', 0, '22', 1, 1, 0, 0, 0, 0, 0 );
insert into FIR.DECLARATION values(1000129, '405073245412', '604715805', '1c97f9ec-fd35-4250-9451-1ef03e26c8e7', '11', '1111', 0, '22', 1, 1, 0, 0, 0, 0, 0 );
insert into FIR.DECLARATION values(1000130, '480941397414', '196709533', 'e3f5e24f-d19e-4ab3-afeb-f26ad74841a9', '11', '1111', 0, '22', 1, 1, 0, 0, 0, 0, 0 );
insert into FIR.DECLARATION values(1000131, '661346665403', '519878976', 'bb43e496-85a0-40ab-9f55-37ce9fd24531', '11', '1111', 0, '22', 1, 1, 0, 0, 0, 0, 0 );
insert into FIR.DECLARATION values(1000132, '470092185939', '893332949', '4492ecc3-8aea-4c2c-a332-844e2f4fe359', '11', '1111', 0, '22', 1, 1, 0, 0, 0, 0, 0 );
insert into FIR.DECLARATION values(1000133, '556425363965', '420034345', '0dff39a9-37b2-4c5f-b12c-efea1167bd36', '11', '1111', 0, '22', 1, 1, 0, 0, 0, 0, 0 );
insert into FIR.DECLARATION values(1000134, '601040793144', '976308238', 'e51bbefc-4442-409e-8d80-58a97d9270e3', '11', '1111', 0, '22', 1, 1, 0, 0, 0, 0, 0 );
insert into FIR.DECLARATION values(1000135, '418866677323', '223237117', '1084e5c2-c345-4776-99f9-4d5185615254', '52', '5252', 1, '22', 1, 1, 44, 24.32432081612028242, 0.991142925802219, 0.00314222043526462, 0.5528254730936427822727272727 );
insert into FIR.DISCREPANCY_RAW values(1000132,  sysdate, 1, '1', 20, 0.075510342174913, 0.00314222043526462, '22', '2014', '418866677323', '881880574144', '10034', 1000135, '/231', '1000136', '2' );
insert into FIR.DISCREPANCY_RAW values(1000133,  sysdate, 1, '1', 20, 0.481372477710886, 0.68627963945562, '22', '2014', '418866677323', '462076271052', '10034', 1000135, '/231', '1000137', '2' );
insert into FIR.DISCREPANCY_RAW values(1000134,  sysdate, 1, '1', 20, 0.591084534577599, 0.182203059169558, '22', '2014', '418866677323', '912702670738', '10034', 1000135, '/231', '1000138', '2' );
insert into FIR.DISCREPANCY_RAW values(1000135,  sysdate, 1, '1', 20, 0.761117764171734, 0.0855470751810572, '22', '2014', '418866677323', '380940494757', '10034', 1000135, '/231', '1000139', '2' );
insert into FIR.DISCREPANCY_RAW values(1000136,  sysdate, 1, '1', 20, 0.510966493986066, 0.685733684192288, '22', '2014', '418866677323', '178794747763', '10035', 1000135, '/231', '1000140', '2' );
insert into FIR.DISCREPANCY_RAW values(1000137,  sysdate, 1, '1', 20, 0.430648097503301, 0.659682798972206, '22', '2014', '418866677323', '714595131240', '10035', 1000135, '/231', '1000141', '2' );
insert into FIR.DISCREPANCY_RAW values(1000138,  sysdate, 1, '1', 20, 0.433387625232985, 0.259291857601745, '22', '2014', '418866677323', '837334863507', '10035', 1000135, '/231', '1000142', '2' );
insert into FIR.DISCREPANCY_RAW values(1000139,  sysdate, 1, '1', 20, 0.974231157439869, 0.922268018555952, '22', '2014', '418866677323', '145232713032', '10035', 1000135, '/231', '1000143', '2' );
insert into FIR.DISCREPANCY_RAW values(1000140,  sysdate, 1, '1', 20, 0.934939662429942, 0.877639196290466, '22', '2014', '418866677323', '250236422335', '10036', 1000135, '/231', '1000144', '2' );
insert into FIR.DISCREPANCY_RAW values(1000141,  sysdate, 1, '1', 20, 0.346179480825634, 0.0150398323382436, '22', '2014', '418866677323', '565299993686', '10036', 1000135, '/231', '1000145', '2' );
insert into FIR.DISCREPANCY_RAW values(1000142,  sysdate, 1, '1', 20, 0.859136306149483, 0.988811430981761, '22', '2014', '418866677323', '231486565595', '10036', 1000135, '/231', '1000146', '2' );
insert into FIR.DISCREPANCY_RAW values(1000143,  sysdate, 1, '1', 20, 0.163471454364933, 0.209834860269835, '22', '2014', '418866677323', '926202592722', '10036', 1000135, '/231', '1000147', '2' );
insert into FIR.DISCREPANCY_RAW values(1000144,  sysdate, 1, '1', 20, 0.243901354839979, 0.991142925802219, '22', '2014', '418866677323', '914703655613', '10037', 1000135, '/231', '1000148', '2' );
insert into FIR.DISCREPANCY_RAW values(1000145,  sysdate, 1, '1', 20, 0.352102026972967, 0.21735188794199, '22', '2014', '418866677323', '779510931457', '10037', 1000135, '/231', '1000149', '2' );
insert into FIR.DISCREPANCY_RAW values(1000146,  sysdate, 1, '1', 20, 0.349053427273898, 0.978091596615543, '22', '2014', '418866677323', '441026998058', '10037', 1000135, '/231', '1000150', '2' );
insert into FIR.DISCREPANCY_RAW values(1000147,  sysdate, 1, '1', 20, 0.844160469641984, 0.0625914917618928, '22', '2014', '418866677323', '542715482811', '10037', 1000135, '/231', '1000151', '2' );
insert into FIR.DISCREPANCY_RAW values(1000148,  sysdate, 1, '1', 20, 0.331004066546915, 0.699545551417184, '22', '2014', '418866677323', '629378902530', '10038', 1000135, '/231', '1000152', '2' );
insert into FIR.DISCREPANCY_RAW values(1000149,  sysdate, 1, '1', 20, 0.697999589470215, 0.691408191198208, '22', '2014', '418866677323', '877550123529', '10038', 1000135, '/231', '1000153', '2' );
insert into FIR.DISCREPANCY_RAW values(1000150,  sysdate, 1, '1', 20, 0.612188777240081, 0.840149233974586, '22', '2014', '418866677323', '112925519322', '10038', 1000135, '/231', '1000154', '2' );
insert into FIR.DISCREPANCY_RAW values(1000151,  sysdate, 1, '1', 20, 0.218487835590955, 0.563632138801567, '22', '2014', '418866677323', '191024249911', '10038', 1000135, '/231', '1000155', '2' );
insert into FIR.DISCREPANCY_RAW values(1000152,  sysdate, 1, '1', 20, 0.626522771840227, 0.436423142178181, '22', '2014', '418866677323', '690572303914', '10039', 1000135, '/231', '1000156', '2' );
insert into FIR.DISCREPANCY_RAW values(1000153,  sysdate, 1, '1', 20, 0.486498793347971, 0.294481734882333, '22', '2014', '418866677323', '123775921611', '10039', 1000135, '/231', '1000157', '2' );
insert into FIR.DISCREPANCY_RAW values(1000154,  sysdate, 1, '1', 20, 0.581413283283549, 0.653852618138237, '22', '2014', '418866677323', '775250293099', '10039', 1000135, '/231', '1000158', '2' );
insert into FIR.DISCREPANCY_RAW values(1000155,  sysdate, 1, '1', 20, 0.720647752620581, 0.323854860069163, '22', '2014', '418866677323', '651908190081', '10039', 1000135, '/231', '1000159', '2' );
insert into FIR.DISCREPANCY_RAW values(1000156,  sysdate, 1, '1', 20, 0.00956385443432436, 0.408529106717803, '22', '2014', '418866677323', '873628819237', '10040', 1000135, '/231', '1000160', '2' );
insert into FIR.DISCREPANCY_RAW values(1000157,  sysdate, 1, '1', 20, 0.488961297780723, 0.709549115835479, '22', '2014', '418866677323', '340517932842', '10040', 1000135, '/231', '1000161', '2' );
insert into FIR.DISCREPANCY_RAW values(1000158,  sysdate, 1, '1', 20, 0.961541825887534, 0.847943303570125, '22', '2014', '418866677323', '694310716448', '10040', 1000135, '/231', '1000162', '2' );
insert into FIR.DISCREPANCY_RAW values(1000159,  sysdate, 1, '1', 20, 0.251926501864533, 0.197016265800696, '22', '2014', '418866677323', '327226859899', '10040', 1000135, '/231', '1000163', '2' );
insert into FIR.DISCREPANCY_RAW values(1000160,  sysdate, 1, '1', 20, 0.167647538319066, 0.95369733402212, '22', '2014', '418866677323', '788808460632', '10041', 1000135, '/231', '1000164', '2' );
insert into FIR.DISCREPANCY_RAW values(1000161,  sysdate, 1, '1', 20, 0.862359711370598, 0.344466990020344, '22', '2014', '418866677323', '766766994252', '10041', 1000135, '/231', '1000165', '2' );
insert into FIR.DISCREPANCY_RAW values(1000162,  sysdate, 1, '1', 20, 0.461690188600537, 0.767650016009645, '22', '2014', '418866677323', '601225618122', '10041', 1000135, '/231', '1000166', '2' );
insert into FIR.DISCREPANCY_RAW values(1000163,  sysdate, 1, '1', 20, 0.843756278904041, 0.900667477818517, '22', '2014', '418866677323', '602968138299', '10041', 1000135, '/231', '1000167', '2' );
insert into FIR.DISCREPANCY_RAW values(1000164,  sysdate, 1, '1', 20, 0.414839684225078, 0.621831463008109, '22', '2014', '418866677323', '346823353858', '10042', 1000135, '/231', '1000168', '2' );
insert into FIR.DISCREPANCY_RAW values(1000165,  sysdate, 1, '1', 20, 0.794135972761612, 0.713836854656151, '22', '2014', '418866677323', '621527195814', '10042', 1000135, '/231', '1000169', '2' );
insert into FIR.DISCREPANCY_RAW values(1000166,  sysdate, 1, '1', 20, 0.523405509778953, 0.372505519712579, '22', '2014', '418866677323', '167897950342', '10042', 1000135, '/231', '1000170', '2' );
insert into FIR.DISCREPANCY_RAW values(1000167,  sysdate, 1, '1', 20, 0.571960172882285, 0.959912505913485, '22', '2014', '418866677323', '775055338959', '10042', 1000135, '/231', '1000171', '2' );
insert into FIR.DISCREPANCY_RAW values(1000168,  sysdate, 1, '1', 20, 0.226854208962458, 0.965082791151983, '22', '2014', '418866677323', '467299552153', '10043', 1000135, '/231', '1000172', '2' );
insert into FIR.DISCREPANCY_RAW values(1000169,  sysdate, 1, '1', 20, 0.502629159718114, 0.801643653214743, '22', '2014', '418866677323', '870709227042', '10043', 1000135, '/231', '1000173', '2' );
insert into FIR.DISCREPANCY_RAW values(1000170,  sysdate, 1, '1', 20, 0.244973965568922, 0.642867684198016, '22', '2014', '418866677323', '470853885674', '10043', 1000135, '/231', '1000174', '2' );
insert into FIR.DISCREPANCY_RAW values(1000171,  sysdate, 1, '1', 20, 0.699392464803249, 0.745537276261271, '22', '2014', '418866677323', '966910415385', '10043', 1000135, '/231', '1000175', '2' );
insert into FIR.DISCREPANCY_RAW values(1000172,  sysdate, 1, '1', 20, 0.0791692599091536, 0.0959358863047957, '22', '2014', '418866677323', '253808412477', '10044', 1000135, '/231', '1000176', '2' );
insert into FIR.DISCREPANCY_RAW values(1000173,  sysdate, 1, '1', 20, 0.655065412006837, 0.752897191211999, '22', '2014', '418866677323', '632925852288', '10044', 1000135, '/231', '1000177', '2' );
insert into FIR.DISCREPANCY_RAW values(1000174,  sysdate, 1, '1', 20, 0.69973907326336, 0.159958616439234, '22', '2014', '418866677323', '686226528421', '10044', 1000135, '/231', '1000178', '2' );
insert into FIR.DISCREPANCY_RAW values(1000175,  sysdate, 1, '1', 20, 0.776842751436328, 0.0347927180280875, '22', '2014', '418866677323', '901357711751', '10044', 1000135, '/231', '1000179', '2' );
insert into FIR.DECLARATION values(1000136, '373815594880', '753621657', '39fc076e-3675-424d-bdc7-7fd23d872da4', '11', '1111', 0, '21', 1, 1, 0, 0, 0, 0, 0 );
insert into FIR.DECLARATION values(1000137, '976898350632', '456364127', 'd999dbd0-5056-4c39-957f-33d8096b0e74', '11', '1111', 0, '21', 1, 1, 0, 0, 0, 0, 0 );
insert into FIR.DECLARATION values(1000138, '982271298208', '178140536', '50edf5ef-9751-44a2-85c2-9b237bad4b01', '11', '1111', 0, '21', 1, 1, 0, 0, 0, 0, 0 );
insert into FIR.DECLARATION values(1000139, '644234150952', '572980472', '92ddb2ff-3a2e-4261-b522-132bfdaeef58', '11', '1111', 0, '21', 1, 1, 0, 0, 0, 0, 0 );
insert into FIR.DECLARATION values(1000140, '609473526739', '179502263', '0c70322e-84e7-43b6-8b6b-783c7ceb3173', '11', '1111', 0, '21', 1, 1, 0, 0, 0, 0, 0 );
insert into FIR.DECLARATION values(1000141, '793845739771', '734666457', '65ac2651-fdf4-4cb5-a339-9169d647a388', '11', '1111', 0, '21', 1, 1, 0, 0, 0, 0, 0 );
insert into FIR.DECLARATION values(1000142, '127051676559', '347961556', '1112ea97-e3b3-4009-a4b1-dd46bdbd7d2b', '11', '1111', 0, '21', 1, 1, 0, 0, 0, 0, 0 );
insert into FIR.DECLARATION values(1000143, '545437343328', '945156600', '8a78c288-8987-4fe0-8101-de046fb1cdc4', '11', '1111', 0, '21', 1, 1, 0, 0, 0, 0, 0 );
insert into FIR.DECLARATION values(1000144, '729161338069', '677199627', '33a5de39-046c-419e-b4ca-2fda8fc261ad', '11', '1111', 0, '21', 1, 1, 0, 0, 0, 0, 0 );
insert into FIR.DECLARATION values(1000145, '359390895973', '429803127', '0be40be6-2c44-443d-a665-5ce7804eedf4', '11', '1111', 0, '21', 1, 1, 0, 0, 0, 0, 0 );
insert into FIR.DECLARATION values(1000146, '386680300930', '337312627', 'deb7092b-ba8c-40e0-b114-4dcd3c5395ae', '11', '1111', 0, '21', 1, 1, 0, 0, 0, 0, 0 );
insert into FIR.DECLARATION values(1000147, '313391192229', '227310941', '5de89ead-9227-40ba-8371-fb90016a8f0c', '11', '1111', 0, '21', 1, 1, 0, 0, 0, 0, 0 );
insert into FIR.DECLARATION values(1000148, '717727578363', '263656300', '6952b3fe-64d6-4257-9081-a4cc175ca482', '11', '1111', 0, '21', 1, 1, 0, 0, 0, 0, 0 );
insert into FIR.DECLARATION values(1000149, '209309146965', '119271706', '2c3c56f4-9143-48f6-9767-b42a58d06d98', '11', '1111', 0, '21', 1, 1, 0, 0, 0, 0, 0 );
insert into FIR.DECLARATION values(1000150, '900600372419', '927594663', '68e5c793-4a86-48f2-ba4f-f9e6c82b499f', '11', '1111', 0, '21', 1, 1, 0, 0, 0, 0, 0 );
insert into FIR.DECLARATION values(1000151, '527654703288', '316981717', '33bf7ab4-c10f-49f9-a591-e51ce727fc09', '11', '1111', 0, '21', 1, 1, 0, 0, 0, 0, 0 );
insert into FIR.DECLARATION values(1000152, '762142914378', '417452147', 'dd079358-ddde-4e8c-9059-5693bdb0c44b', '11', '1111', 0, '21', 1, 1, 0, 0, 0, 0, 0 );
insert into FIR.DECLARATION values(1000153, '363943975449', '215965885', 'fd4c0c88-295e-427f-b1e7-061bafbc1cb4', '11', '1111', 0, '21', 1, 1, 0, 0, 0, 0, 0 );
insert into FIR.DECLARATION values(1000154, '777329237538', '579358182', 'e51ce280-9b1f-4e42-b5b8-dfa0917fc720', '11', '1111', 0, '21', 1, 1, 0, 0, 0, 0, 0 );
insert into FIR.DECLARATION values(1000155, '414040497165', '971001106', '27ccf755-9ace-4bf9-9868-1e487ea552db', '11', '1111', 0, '21', 1, 1, 0, 0, 0, 0, 0 );
insert into FIR.DECLARATION values(1000156, '356610424207', '935398131', '3079f327-be5b-4a51-8319-1a0a1dd11208', '11', '1111', 0, '21', 1, 1, 0, 0, 0, 0, 0 );
insert into FIR.DECLARATION values(1000157, '701524396067', '338705551', 'ef2c18e1-c8d3-48b3-8042-081f7cb31e2a', '11', '1111', 0, '21', 1, 1, 0, 0, 0, 0, 0 );
insert into FIR.DECLARATION values(1000158, '921753484519', '574563227', 'fa72f21a-dd83-42c6-9699-4abd9376bf51', '11', '1111', 0, '21', 1, 1, 0, 0, 0, 0, 0 );
insert into FIR.DECLARATION values(1000159, '522229389998', '806489587', 'fee1852c-6315-405a-b6ea-a4264ea93f6e', '11', '1111', 0, '21', 1, 1, 0, 0, 0, 0, 0 );
insert into FIR.DECLARATION values(1000160, '304790684099', '414642646', 'ab8d400d-28ed-4da5-ba70-7a3135e03663', '11', '1111', 0, '21', 1, 1, 0, 0, 0, 0, 0 );
insert into FIR.DECLARATION values(1000161, '615709109579', '477135901', '96eebf04-6eba-4589-8179-9bf269e40b65', '11', '1111', 0, '21', 1, 1, 0, 0, 0, 0, 0 );
insert into FIR.DECLARATION values(1000162, '323754358282', '795775820', '3ddf2d4e-2404-4188-82fc-1aa12c1c62b8', '11', '1111', 0, '21', 1, 1, 0, 0, 0, 0, 0 );
insert into FIR.DECLARATION values(1000163, '497096965941', '536268575', 'a01c18ab-c9eb-4043-8123-58c0ac8bbff6', '11', '1111', 0, '21', 1, 1, 0, 0, 0, 0, 0 );
insert into FIR.DECLARATION values(1000164, '681997923526', '393834449', '86ae9a88-265e-472d-9a64-2694d3cfdcf7', '11', '1111', 0, '21', 1, 1, 0, 0, 0, 0, 0 );
insert into FIR.DECLARATION values(1000165, '717602545510', '530845340', 'abbd60eb-dad2-41a6-b451-4afdae1661ef', '11', '1111', 0, '21', 1, 1, 0, 0, 0, 0, 0 );
insert into FIR.DECLARATION values(1000166, '636119944636', '557535973', '5ddb373f-8d47-4b96-add6-44b3acf4f4ff', '11', '1111', 0, '21', 1, 1, 0, 0, 0, 0, 0 );
insert into FIR.DECLARATION values(1000167, '749785564868', '972208217', 'a063677c-b7c0-402e-a4af-c746d8877a3b', '11', '1111', 0, '21', 1, 1, 0, 0, 0, 0, 0 );
insert into FIR.DECLARATION values(1000168, '579013915983', '708341366', 'f7663501-d64e-41f7-ba9b-ce0c222e9d70', '11', '1111', 0, '21', 1, 1, 0, 0, 0, 0, 0 );
insert into FIR.DECLARATION values(1000169, '597159848190', '418772836', '5b611130-4174-4b38-aafd-9a1f7c64be71', '11', '1111', 0, '21', 1, 1, 0, 0, 0, 0, 0 );
insert into FIR.DECLARATION values(1000170, '920241649125', '413386198', 'db010957-b8d1-46d3-be0d-45c52abaea31', '11', '1111', 0, '21', 1, 1, 0, 0, 0, 0, 0 );
insert into FIR.DECLARATION values(1000171, '858960765140', '365033827', '29607050-b833-4baf-aa21-864de09cee19', '11', '1111', 0, '21', 1, 1, 0, 0, 0, 0, 0 );
insert into FIR.DECLARATION values(1000172, '253389431161', '209086426', 'f181f93a-2f27-4838-bc75-539de397f55f', '11', '1111', 0, '21', 1, 1, 0, 0, 0, 0, 0 );
insert into FIR.DECLARATION values(1000173, '461925585863', '136828706', '2dc7957f-506e-4570-9562-fb349e388d49', '11', '1111', 0, '21', 1, 1, 0, 0, 0, 0, 0 );
insert into FIR.DECLARATION values(1000174, '955959101440', '618070731', '19a5e49d-06dd-49ba-a7ce-137e16059065', '11', '1111', 0, '21', 1, 1, 0, 0, 0, 0, 0 );
insert into FIR.DECLARATION values(1000175, '543955644383', '164448269', '9c773520-74c5-4cc7-a75a-a8e1e9403503', '11', '1111', 0, '21', 1, 1, 0, 0, 0, 0, 0 );
insert into FIR.DECLARATION values(1000176, '353812401411', '423479848', '61a40127-3cdf-449a-89ed-dad9d883b991', '11', '1111', 0, '21', 1, 1, 0, 0, 0, 0, 0 );
insert into FIR.DECLARATION values(1000177, '310096345088', '557204610', 'ad2db504-a834-4413-922f-a9e1f02c1734', '11', '1111', 0, '21', 1, 1, 0, 0, 0, 0, 0 );
insert into FIR.DECLARATION values(1000178, '515588548806', '643701834', '26b39572-3279-4a93-97ce-98ea109285df', '11', '1111', 0, '21', 1, 1, 0, 0, 0, 0, 0 );
insert into FIR.DECLARATION values(1000179, '414864110424', '921730296', 'bae34b6c-6b12-4b50-a93c-a76edff3cc53', '11', '1111', 0, '21', 1, 1, 0, 0, 0, 0, 0 );
insert into FIR.DECLARATION values(1000180, '926338850833', '884634273', '027f3617-fd86-4a8c-b3f9-46fa133e96dc', '52', '5252', 1, '23', 1, 1, 44, 19.02953233664367921, 0.976861846622481, 0.00738461641938641, 0.4324893712873563456818181818 );
insert into FIR.DISCREPANCY_RAW values(1000176,  sysdate, 1, '1', 20, 0.953023993853956, 0.255530489727636, '23', '2014', '926338850833', '578490474811', '10045', 1000180, '/231', '1000181', '2' );
insert into FIR.DISCREPANCY_RAW values(1000177,  sysdate, 1, '1', 20, 0.823153773706012, 0.0222068410470182, '23', '2014', '926338850833', '219923618100', '10045', 1000180, '/231', '1000182', '2' );
insert into FIR.DISCREPANCY_RAW values(1000178,  sysdate, 1, '1', 20, 0.890353036527686, 0.526322582050377, '23', '2014', '926338850833', '202008986902', '10045', 1000180, '/231', '1000183', '2' );
insert into FIR.DISCREPANCY_RAW values(1000179,  sysdate, 1, '1', 20, 0.264723265666851, 0.167089456770145, '23', '2014', '926338850833', '777486403707', '10045', 1000180, '/231', '1000184', '2' );
insert into FIR.DISCREPANCY_RAW values(1000180,  sysdate, 1, '1', 20, 0.504645341776612, 0.376919411763977, '23', '2014', '926338850833', '321174983641', '10046', 1000180, '/231', '1000185', '2' );
insert into FIR.DISCREPANCY_RAW values(1000181,  sysdate, 1, '1', 20, 0.277503389528721, 0.638681388291848, '23', '2014', '926338850833', '186294399055', '10046', 1000180, '/231', '1000186', '2' );
insert into FIR.DISCREPANCY_RAW values(1000182,  sysdate, 1, '1', 20, 0.905935291157074, 0.940931923659952, '23', '2014', '926338850833', '935384256094', '10046', 1000180, '/231', '1000187', '2' );
insert into FIR.DISCREPANCY_RAW values(1000183,  sysdate, 1, '1', 20, 0.246585227663901, 0.281401456464735, '23', '2014', '926338850833', '113892850543', '10046', 1000180, '/231', '1000188', '2' );
insert into FIR.DISCREPANCY_RAW values(1000184,  sysdate, 1, '1', 20, 0.467616521971122, 0.498251497046208, '23', '2014', '926338850833', '835271504024', '10047', 1000180, '/231', '1000189', '2' );
insert into FIR.DISCREPANCY_RAW values(1000185,  sysdate, 1, '1', 20, 0.475373144482902, 0.910109360194816, '23', '2014', '926338850833', '230974831452', '10047', 1000180, '/231', '1000190', '2' );
insert into FIR.DISCREPANCY_RAW values(1000186,  sysdate, 1, '1', 20, 0.0549279363150373, 0.595104118154898, '23', '2014', '926338850833', '781362847813', '10047', 1000180, '/231', '1000191', '2' );
insert into FIR.DISCREPANCY_RAW values(1000187,  sysdate, 1, '1', 20, 0.445333643558125, 0.699800250446331, '23', '2014', '926338850833', '450744680948', '10047', 1000180, '/231', '1000192', '2' );
insert into FIR.DISCREPANCY_RAW values(1000188,  sysdate, 1, '1', 20, 0.259844340039345, 0.0672837482147309, '23', '2014', '926338850833', '925425656695', '10048', 1000180, '/231', '1000193', '2' );
insert into FIR.DISCREPANCY_RAW values(1000189,  sysdate, 1, '1', 20, 0.936920643754732, 0.300092419749169, '23', '2014', '926338850833', '506080423428', '10048', 1000180, '/231', '1000194', '2' );
insert into FIR.DISCREPANCY_RAW values(1000190,  sysdate, 1, '1', 20, 0.289611486387258, 0.976861846622481, '23', '2014', '926338850833', '333509634799', '10048', 1000180, '/231', '1000195', '2' );
insert into FIR.DISCREPANCY_RAW values(1000191,  sysdate, 1, '1', 20, 0.574868960108081, 0.791677921913414, '23', '2014', '926338850833', '346784493885', '10048', 1000180, '/231', '1000196', '2' );
insert into FIR.DISCREPANCY_RAW values(1000192,  sysdate, 1, '1', 20, 0.0382716767668126, 0.448457145806615, '23', '2014', '926338850833', '211660949926', '10049', 1000180, '/231', '1000197', '2' );
insert into FIR.DISCREPANCY_RAW values(1000193,  sysdate, 1, '1', 20, 0.690503356368515, 0.00738461641938641, '23', '2014', '926338850833', '148960410166', '10049', 1000180, '/231', '1000198', '2' );
insert into FIR.DISCREPANCY_RAW values(1000194,  sysdate, 1, '1', 20, 0.268408540295627, 0.0453137201468058, '23', '2014', '926338850833', '211072514280', '10049', 1000180, '/231', '1000199', '2' );
insert into FIR.DISCREPANCY_RAW values(1000195,  sysdate, 1, '1', 20, 0.108849417003267, 0.690929838777953, '23', '2014', '926338850833', '699741784343', '10049', 1000180, '/231', '1000200', '2' );
insert into FIR.DISCREPANCY_RAW values(1000196,  sysdate, 1, '1', 20, 0.842270931155547, 0.829187707895966, '23', '2014', '926338850833', '314889466247', '10050', 1000180, '/231', '1000201', '2' );
insert into FIR.DISCREPANCY_RAW values(1000197,  sysdate, 1, '1', 20, 0.707395373707356, 0.540753445374199, '23', '2014', '926338850833', '815566642367', '10050', 1000180, '/231', '1000202', '2' );
insert into FIR.DISCREPANCY_RAW values(1000198,  sysdate, 1, '1', 20, 0.547010883943648, 0.165677866975627, '23', '2014', '926338850833', '728333408688', '10050', 1000180, '/231', '1000203', '2' );
insert into FIR.DISCREPANCY_RAW values(1000199,  sysdate, 1, '1', 20, 0.827689674137016, 0.194905412474137, '23', '2014', '926338850833', '128531359956', '10050', 1000180, '/231', '1000204', '2' );
insert into FIR.DISCREPANCY_RAW values(1000200,  sysdate, 1, '1', 20, 0.107764449020738, 0.133100993527612, '23', '2014', '926338850833', '161532506996', '10051', 1000180, '/231', '1000205', '2' );
insert into FIR.DISCREPANCY_RAW values(1000201,  sysdate, 1, '1', 20, 0.400900614168914, 0.791803253251968, '23', '2014', '926338850833', '818782832351', '10051', 1000180, '/231', '1000206', '2' );
insert into FIR.DISCREPANCY_RAW values(1000202,  sysdate, 1, '1', 20, 0.675149913725979, 0.637259017041539, '23', '2014', '926338850833', '964181357224', '10051', 1000180, '/231', '1000207', '2' );
insert into FIR.DISCREPANCY_RAW values(1000203,  sysdate, 1, '1', 20, 0.602296140791055, 0.73351711860556, '23', '2014', '926338850833', '208389392857', '10051', 1000180, '/231', '1000208', '2' );
insert into FIR.DISCREPANCY_RAW values(1000204,  sysdate, 1, '1', 20, 0.187206528702381, 0.600064640212834, '23', '2014', '926338850833', '590142963197', '10052', 1000180, '/231', '1000209', '2' );
insert into FIR.DISCREPANCY_RAW values(1000205,  sysdate, 1, '1', 20, 0.794627137852194, 0.315180970502636, '23', '2014', '926338850833', '618195398076', '10052', 1000180, '/231', '1000210', '2' );
insert into FIR.DISCREPANCY_RAW values(1000206,  sysdate, 1, '1', 20, 0.983512666068744, 0.222473950228875, '23', '2014', '926338850833', '985679478986', '10052', 1000180, '/231', '1000211', '2' );
insert into FIR.DISCREPANCY_RAW values(1000207,  sysdate, 1, '1', 20, 0.279535593129478, 0.446452544278676, '23', '2014', '926338850833', '549576868613', '10052', 1000180, '/231', '1000212', '2' );
insert into FIR.DISCREPANCY_RAW values(1000208,  sysdate, 1, '1', 20, 0.835196782292424, 0.941832198734317, '23', '2014', '926338850833', '595397149022', '10053', 1000180, '/231', '1000213', '2' );
insert into FIR.DISCREPANCY_RAW values(1000209,  sysdate, 1, '1', 20, 0.735342882450364, 0.361649234947585, '23', '2014', '926338850833', '350183309373', '10053', 1000180, '/231', '1000214', '2' );
insert into FIR.DISCREPANCY_RAW values(1000210,  sysdate, 1, '1', 20, 0.976500621520216, 0.628659974145079, '23', '2014', '926338850833', '805243385646', '10053', 1000180, '/231', '1000215', '2' );
insert into FIR.DISCREPANCY_RAW values(1000211,  sysdate, 1, '1', 20, 0.842137822342169, 0.165288447945047, '23', '2014', '926338850833', '908166837929', '10053', 1000180, '/231', '1000216', '2' );
insert into FIR.DISCREPANCY_RAW values(1000212,  sysdate, 1, '1', 20, 0.239790606889776, 0.299037865502312, '23', '2014', '926338850833', '514747526299', '10054', 1000180, '/231', '1000217', '2' );
insert into FIR.DISCREPANCY_RAW values(1000213,  sysdate, 1, '1', 20, 0.302810088872355, 0.0183255947280329, '23', '2014', '926338850833', '650884915409', '10054', 1000180, '/231', '1000218', '2' );
insert into FIR.DISCREPANCY_RAW values(1000214,  sysdate, 1, '1', 20, 0.291818408431401, 0.276316247543467, '23', '2014', '926338850833', '773344575790', '10054', 1000180, '/231', '1000219', '2' );
insert into FIR.DISCREPANCY_RAW values(1000215,  sysdate, 1, '1', 20, 0.352299317881604, 0.01811121637845, '23', '2014', '926338850833', '270863433712', '10054', 1000180, '/231', '1000220', '2' );
insert into FIR.DISCREPANCY_RAW values(1000216,  sysdate, 1, '1', 20, 0.387258669076142, 0.316320569867417, '23', '2014', '926338850833', '162291949203', '10055', 1000180, '/231', '1000221', '2' );
insert into FIR.DISCREPANCY_RAW values(1000217,  sysdate, 1, '1', 20, 0.0606091688669329, 0.803803163023574, '23', '2014', '926338850833', '938241819915', '10055', 1000180, '/231', '1000222', '2' );
insert into FIR.DISCREPANCY_RAW values(1000218,  sysdate, 1, '1', 20, 0.856402972180584, 0.102804572835008, '23', '2014', '926338850833', '361585802782', '10055', 1000180, '/231', '1000223', '2' );
insert into FIR.DISCREPANCY_RAW values(1000219,  sysdate, 1, '1', 20, 0.52792725224417, 0.246656297355265, '23', '2014', '926338850833', '228877799999', '10055', 1000180, '/231', '1000224', '2' );
insert into FIR.DECLARATION values(1000181, '990363930905', '438288183', '09ce621a-defa-469b-9e04-e1eec3975d4e', '11', '1111', 0, '22', 1, 1, 0, 0, 0, 0, 0 );
insert into FIR.DECLARATION values(1000182, '528382330465', '823122201', '3903c590-88e0-45ad-8a50-c37cc9a05eab', '11', '1111', 0, '22', 1, 1, 0, 0, 0, 0, 0 );
insert into FIR.DECLARATION values(1000183, '387953800852', '162560218', 'e13505bc-5966-48ff-a963-3cbaceb57e84', '11', '1111', 0, '22', 1, 1, 0, 0, 0, 0, 0 );
insert into FIR.DECLARATION values(1000184, '761427391792', '572940297', '04e1b232-4f80-4af1-979e-4b7e1d42288d', '11', '1111', 0, '22', 1, 1, 0, 0, 0, 0, 0 );
insert into FIR.DECLARATION values(1000185, '817917360302', '492934159', '46062e3c-5c67-4923-80c7-3bd2e0ce8209', '11', '1111', 0, '22', 1, 1, 0, 0, 0, 0, 0 );
insert into FIR.DECLARATION values(1000186, '854228322040', '151789531', 'df459303-7a72-48c9-bd3b-577084eadd5c', '11', '1111', 0, '22', 1, 1, 0, 0, 0, 0, 0 );
insert into FIR.DECLARATION values(1000187, '135955150941', '359771788', 'b40980f9-f2a3-4630-888b-af932fd2c9b7', '11', '1111', 0, '22', 1, 1, 0, 0, 0, 0, 0 );
insert into FIR.DECLARATION values(1000188, '507997302960', '606511833', '8318585e-35f4-453f-bcb9-334cac4e0c3b', '11', '1111', 0, '22', 1, 1, 0, 0, 0, 0, 0 );
insert into FIR.DECLARATION values(1000189, '618031664506', '879422754', '7d564f12-fa25-44a8-b38a-acfcccd9d428', '11', '1111', 0, '22', 1, 1, 0, 0, 0, 0, 0 );
insert into FIR.DECLARATION values(1000190, '629012258456', '250385334', 'cf3be001-87dc-4821-a88d-682a03df03a1', '11', '1111', 0, '22', 1, 1, 0, 0, 0, 0, 0 );
insert into FIR.DECLARATION values(1000191, '199121740404', '617163493', '654667a2-4406-4676-a95e-d3bbdfe9dab4', '11', '1111', 0, '22', 1, 1, 0, 0, 0, 0, 0 );
insert into FIR.DECLARATION values(1000192, '299943809930', '430430198', 'ce83e94b-476b-4be9-8ac4-2570ccf31d00', '11', '1111', 0, '22', 1, 1, 0, 0, 0, 0, 0 );
insert into FIR.DECLARATION values(1000193, '167034502890', '438851789', '0d616f2f-a114-428d-8bb0-c1b0152c3890', '11', '1111', 0, '22', 1, 1, 0, 0, 0, 0, 0 );
insert into FIR.DECLARATION values(1000194, '402330865847', '447089115', '3b7f8e6a-f940-4957-a3f6-6d6c972d9701', '11', '1111', 0, '22', 1, 1, 0, 0, 0, 0, 0 );
insert into FIR.DECLARATION values(1000195, '513885126972', '519712684', '24047a22-1e81-4723-addd-7432179dcc2a', '11', '1111', 0, '22', 1, 1, 0, 0, 0, 0, 0 );
insert into FIR.DECLARATION values(1000196, '588324313232', '795475973', '7b667a70-08f2-4556-9d20-5ff592c9fa7d', '11', '1111', 0, '22', 1, 1, 0, 0, 0, 0, 0 );
insert into FIR.DECLARATION values(1000197, '280553378281', '300165273', '3719b3b7-1ecd-46ad-83f4-530eca054467', '11', '1111', 0, '22', 1, 1, 0, 0, 0, 0, 0 );
insert into FIR.DECLARATION values(1000198, '116408940436', '756570403', 'ae6b1028-622e-4505-b597-3dfc323fb78e', '11', '1111', 0, '22', 1, 1, 0, 0, 0, 0, 0 );
insert into FIR.DECLARATION values(1000199, '740238139828', '300475384', 'e73b544f-b5b8-44b0-8ef5-7c5d49359922', '11', '1111', 0, '22', 1, 1, 0, 0, 0, 0, 0 );
insert into FIR.DECLARATION values(1000200, '507416389347', '108932550', '896331e3-1764-4599-8421-f3abf81ef761', '11', '1111', 0, '22', 1, 1, 0, 0, 0, 0, 0 );
insert into FIR.DECLARATION values(1000201, '340494117876', '561688651', '8c338c9a-a5c4-4560-a9e2-416053a51e47', '11', '1111', 0, '22', 1, 1, 0, 0, 0, 0, 0 );
insert into FIR.DECLARATION values(1000202, '581597582938', '567239278', '832b37aa-43ed-44d4-8303-f4193cd6dc42', '11', '1111', 0, '22', 1, 1, 0, 0, 0, 0, 0 );
insert into FIR.DECLARATION values(1000203, '283329863111', '522186222', 'e4a9a79e-b948-4b01-918b-3872fb5d18df', '11', '1111', 0, '22', 1, 1, 0, 0, 0, 0, 0 );
insert into FIR.DECLARATION values(1000204, '890264566253', '558966742', '32e9a92f-ec17-43aa-a53a-e719c4a3b803', '11', '1111', 0, '22', 1, 1, 0, 0, 0, 0, 0 );
insert into FIR.DECLARATION values(1000205, '397449878743', '916701634', '133a4e2e-99d0-4a32-a130-b01518513f8c', '11', '1111', 0, '22', 1, 1, 0, 0, 0, 0, 0 );
insert into FIR.DECLARATION values(1000206, '247905117792', '781278908', 'c8863ae9-e886-49a3-b85a-7ef77a8ff002', '11', '1111', 0, '22', 1, 1, 0, 0, 0, 0, 0 );
insert into FIR.DECLARATION values(1000207, '552518472575', '616927610', '600305f0-8160-4d75-bb2a-f2ceedf31c71', '11', '1111', 0, '22', 1, 1, 0, 0, 0, 0, 0 );
insert into FIR.DECLARATION values(1000208, '566170536262', '161991820', '61baad8f-19ab-4d4c-a510-588738156d28', '11', '1111', 0, '22', 1, 1, 0, 0, 0, 0, 0 );
insert into FIR.DECLARATION values(1000209, '642477300111', '675791583', 'ddd2f103-3e5b-4330-b72d-c8cfaab61aee', '11', '1111', 0, '22', 1, 1, 0, 0, 0, 0, 0 );
insert into FIR.DECLARATION values(1000210, '780745375834', '531733954', '6a6ac651-debb-4d25-a39e-92ca3ed61ae3', '11', '1111', 0, '22', 1, 1, 0, 0, 0, 0, 0 );
insert into FIR.DECLARATION values(1000211, '813362548700', '103808214', 'b8f81566-cb3b-4e61-b9a8-e2c3fdfc07a6', '11', '1111', 0, '22', 1, 1, 0, 0, 0, 0, 0 );
insert into FIR.DECLARATION values(1000212, '384707315084', '153969101', 'bf2eb22f-7f9e-4fff-ad74-6a0551bfe60a', '11', '1111', 0, '22', 1, 1, 0, 0, 0, 0, 0 );
insert into FIR.DECLARATION values(1000213, '707750216042', '873774101', '5cc75f22-5d85-4d9d-8345-a4a2adc92cfb', '11', '1111', 0, '22', 1, 1, 0, 0, 0, 0, 0 );
insert into FIR.DECLARATION values(1000214, '143515855656', '163523164', '76448c7b-3835-4e02-bfda-256a577cc284', '11', '1111', 0, '22', 1, 1, 0, 0, 0, 0, 0 );
insert into FIR.DECLARATION values(1000215, '141965875990', '947176534', '28f9903f-386b-4e75-a4e7-f8d2429a6ab2', '11', '1111', 0, '22', 1, 1, 0, 0, 0, 0, 0 );
insert into FIR.DECLARATION values(1000216, '814548570177', '278349866', '99a8b393-2524-47f4-bfa3-639a8db980e0', '11', '1111', 0, '22', 1, 1, 0, 0, 0, 0, 0 );
insert into FIR.DECLARATION values(1000217, '539067997692', '381962622', 'fea6eeae-5ce6-48dd-8ae3-b564af70e98c', '11', '1111', 0, '22', 1, 1, 0, 0, 0, 0, 0 );
insert into FIR.DECLARATION values(1000218, '972905231417', '146175236', 'c0854856-dbfe-4501-8c45-4be7a14bae86', '11', '1111', 0, '22', 1, 1, 0, 0, 0, 0, 0 );
insert into FIR.DECLARATION values(1000219, '852526108717', '166212336', 'e8c27cf2-ee42-45bc-a534-9175e738687f', '11', '1111', 0, '22', 1, 1, 0, 0, 0, 0, 0 );
insert into FIR.DECLARATION values(1000220, '537140355448', '223421130', '9f0fc156-7c13-493a-9334-7123c1eaf40c', '11', '1111', 0, '22', 1, 1, 0, 0, 0, 0, 0 );
insert into FIR.DECLARATION values(1000221, '160882130492', '110007673', 'e8255e92-7028-4ec7-be3e-65b4d6390bf9', '11', '1111', 0, '22', 1, 1, 0, 0, 0, 0, 0 );
insert into FIR.DECLARATION values(1000222, '308504100110', '433101970', '5aeaf55c-3a2b-4d2a-8718-366e766cdb75', '11', '1111', 0, '22', 1, 1, 0, 0, 0, 0, 0 );
insert into FIR.DECLARATION values(1000223, '322663879443', '110594865', '418cd0c8-ec95-4fad-a7d9-1d196a53fcb3', '11', '1111', 0, '22', 1, 1, 0, 0, 0, 0, 0 );
insert into FIR.DECLARATION values(1000224, '288851711142', '702905273', '96b95d6b-265f-4d63-a875-029b62feb62d', '11', '1111', 0, '22', 1, 1, 0, 0, 0, 0, 0 );
insert into FIR.DECLARATION values(1000225, '408217723068', '220369259', '1b77b50d-d579-4986-8ff5-2a99a4e33275', '52', '5252', 1, '22', 1, 1, 44, 23.3503236385762342, 0.995333465745362, 0.0338999172830488, 0.5306891736040053227272727273 );
insert into FIR.DISCREPANCY_RAW values(1000220,  sysdate, 1, '1', 20, 0.448849204205372, 0.749956366489621, '22', '2014', '408217723068', '776558463816', '10056', 1000225, '/231', '1000226', '2' );
insert into FIR.DISCREPANCY_RAW values(1000221,  sysdate, 1, '1', 20, 0.628214392637934, 0.650711073843162, '22', '2014', '408217723068', '428433750221', '10056', 1000225, '/231', '1000227', '2' );
insert into FIR.DISCREPANCY_RAW values(1000222,  sysdate, 1, '1', 20, 0.319297996963979, 0.553843990226204, '22', '2014', '408217723068', '444894242355', '10056', 1000225, '/231', '1000228', '2' );
insert into FIR.DISCREPANCY_RAW values(1000223,  sysdate, 1, '1', 20, 0.24425112420891, 0.201089950372041, '22', '2014', '408217723068', '470646396787', '10056', 1000225, '/231', '1000229', '2' );
insert into FIR.DISCREPANCY_RAW values(1000224,  sysdate, 1, '1', 20, 0.856051263798052, 0.955379635074818, '22', '2014', '408217723068', '900789791807', '10057', 1000225, '/231', '1000230', '2' );
insert into FIR.DISCREPANCY_RAW values(1000225,  sysdate, 1, '1', 20, 0.0297327605214588, 0.18717675897627, '22', '2014', '408217723068', '924631957089', '10057', 1000225, '/231', '1000231', '2' );
insert into FIR.DISCREPANCY_RAW values(1000226,  sysdate, 1, '1', 20, 0.973864719725151, 0.870196154280657, '22', '2014', '408217723068', '224313341542', '10057', 1000225, '/231', '1000232', '2' );
insert into FIR.DISCREPANCY_RAW values(1000227,  sysdate, 1, '1', 20, 0.269425495653146, 0.933516789196766, '22', '2014', '408217723068', '454404809634', '10057', 1000225, '/231', '1000233', '2' );
insert into FIR.DISCREPANCY_RAW values(1000228,  sysdate, 1, '1', 20, 0.634259942283044, 0.316573042569949, '22', '2014', '408217723068', '671398242829', '10058', 1000225, '/231', '1000234', '2' );
insert into FIR.DISCREPANCY_RAW values(1000229,  sysdate, 1, '1', 20, 0.604893876986994, 0.128481446359531, '22', '2014', '408217723068', '246679660511', '10058', 1000225, '/231', '1000235', '2' );
insert into FIR.DISCREPANCY_RAW values(1000230,  sysdate, 1, '1', 20, 0.993610694070165, 0.175378240260937, '22', '2014', '408217723068', '414585211520', '10058', 1000225, '/231', '1000236', '2' );
insert into FIR.DISCREPANCY_RAW values(1000231,  sysdate, 1, '1', 20, 0.320563326739037, 0.911946413531874, '22', '2014', '408217723068', '462433601707', '10058', 1000225, '/231', '1000237', '2' );
insert into FIR.DISCREPANCY_RAW values(1000232,  sysdate, 1, '1', 20, 0.406046977921411, 0.667449778256682, '22', '2014', '408217723068', '671058401738', '10059', 1000225, '/231', '1000238', '2' );
insert into FIR.DISCREPANCY_RAW values(1000233,  sysdate, 1, '1', 20, 0.379467367836958, 0.956465037053668, '22', '2014', '408217723068', '718326643668', '10059', 1000225, '/231', '1000239', '2' );
insert into FIR.DISCREPANCY_RAW values(1000234,  sysdate, 1, '1', 20, 0.445431883654293, 0.563447959517803, '22', '2014', '408217723068', '557520252396', '10059', 1000225, '/231', '1000240', '2' );
insert into FIR.DISCREPANCY_RAW values(1000235,  sysdate, 1, '1', 20, 0.116055979447465, 0.691997011048718, '22', '2014', '408217723068', '756515546373', '10059', 1000225, '/231', '1000241', '2' );
insert into FIR.DISCREPANCY_RAW values(1000236,  sysdate, 1, '1', 20, 0.568245074510688, 0.513784650021132, '22', '2014', '408217723068', '674667743039', '10060', 1000225, '/231', '1000242', '2' );
insert into FIR.DISCREPANCY_RAW values(1000237,  sysdate, 1, '1', 20, 0.856137555025582, 0.842506625616228, '22', '2014', '408217723068', '286374439407', '10060', 1000225, '/231', '1000243', '2' );
insert into FIR.DISCREPANCY_RAW values(1000238,  sysdate, 1, '1', 20, 0.095449031375092, 0.302841497260538, '22', '2014', '408217723068', '409479387905', '10060', 1000225, '/231', '1000244', '2' );
insert into FIR.DISCREPANCY_RAW values(1000239,  sysdate, 1, '1', 20, 0.43984342107542, 0.853751500069048, '22', '2014', '408217723068', '227859292574', '10060', 1000225, '/231', '1000245', '2' );
insert into FIR.DISCREPANCY_RAW values(1000240,  sysdate, 1, '1', 20, 0.756578014118866, 0.478056485055972, '22', '2014', '408217723068', '535762666775', '10061', 1000225, '/231', '1000246', '2' );
insert into FIR.DISCREPANCY_RAW values(1000241,  sysdate, 1, '1', 20, 0.412827348528815, 0.356906349936922, '22', '2014', '408217723068', '748519761998', '10061', 1000225, '/231', '1000247', '2' );
insert into FIR.DISCREPANCY_RAW values(1000242,  sysdate, 1, '1', 20, 0.0310858530137156, 0.300324248755502, '22', '2014', '408217723068', '356676567380', '10061', 1000225, '/231', '1000248', '2' );
insert into FIR.DISCREPANCY_RAW values(1000243,  sysdate, 1, '1', 20, 0.516772388255583, 0.362268565391315, '22', '2014', '408217723068', '804285212805', '10061', 1000225, '/231', '1000249', '2' );
insert into FIR.DISCREPANCY_RAW values(1000244,  sysdate, 1, '1', 20, 0.62883354426773, 0.462815874471709, '22', '2014', '408217723068', '402233232978', '10062', 1000225, '/231', '1000250', '2' );
insert into FIR.DISCREPANCY_RAW values(1000245,  sysdate, 1, '1', 20, 0.00551171414810778, 0.389111105533834, '22', '2014', '408217723068', '904792955634', '10062', 1000225, '/231', '1000251', '2' );
insert into FIR.DISCREPANCY_RAW values(1000246,  sysdate, 1, '1', 20, 0.559851880911669, 0.752318420332074, '22', '2014', '408217723068', '445984582428', '10062', 1000225, '/231', '1000252', '2' );
insert into FIR.DISCREPANCY_RAW values(1000247,  sysdate, 1, '1', 20, 0.203259658163069, 0.0457418016371046, '22', '2014', '408217723068', '781965446482', '10062', 1000225, '/231', '1000253', '2' );
insert into FIR.DISCREPANCY_RAW values(1000248,  sysdate, 1, '1', 20, 0.22584670792606, 0.0807419345158813, '22', '2014', '408217723068', '560446924954', '10063', 1000225, '/231', '1000254', '2' );
insert into FIR.DISCREPANCY_RAW values(1000249,  sysdate, 1, '1', 20, 0.832551322799433, 0.604969962781747, '22', '2014', '408217723068', '707220370665', '10063', 1000225, '/231', '1000255', '2' );
insert into FIR.DISCREPANCY_RAW values(1000250,  sysdate, 1, '1', 20, 0.228072518123348, 0.463365676097276, '22', '2014', '408217723068', '683166185753', '10063', 1000225, '/231', '1000256', '2' );
insert into FIR.DISCREPANCY_RAW values(1000251,  sysdate, 1, '1', 20, 0.0223407265834234, 0.730073433243704, '22', '2014', '408217723068', '557038799558', '10063', 1000225, '/231', '1000257', '2' );
insert into FIR.DISCREPANCY_RAW values(1000252,  sysdate, 1, '1', 20, 0.234222095568768, 0.402780353744878, '22', '2014', '408217723068', '322281508100', '10064', 1000225, '/231', '1000258', '2' );
insert into FIR.DISCREPANCY_RAW values(1000253,  sysdate, 1, '1', 20, 0.381370005375412, 0.758467402662368, '22', '2014', '408217723068', '168665344796', '10064', 1000225, '/231', '1000259', '2' );
insert into FIR.DISCREPANCY_RAW values(1000254,  sysdate, 1, '1', 20, 0.627042425622718, 0.259983351575203, '22', '2014', '408217723068', '569566899376', '10064', 1000225, '/231', '1000260', '2' );
insert into FIR.DISCREPANCY_RAW values(1000255,  sysdate, 1, '1', 20, 0.470321402638369, 0.908326958729106, '22', '2014', '408217723068', '529527423732', '10064', 1000225, '/231', '1000261', '2' );
insert into FIR.DISCREPANCY_RAW values(1000256,  sysdate, 1, '1', 20, 0.521189965550411, 0.622411420858657, '22', '2014', '408217723068', '134185347369', '10065', 1000225, '/231', '1000262', '2' );
insert into FIR.DISCREPANCY_RAW values(1000257,  sysdate, 1, '1', 20, 0.717333788851897, 0.0338999172830488, '22', '2014', '408217723068', '869525117817', '10065', 1000225, '/231', '1000263', '2' );
insert into FIR.DISCREPANCY_RAW values(1000258,  sysdate, 1, '1', 20, 0.499753848882277, 0.995333465745362, '22', '2014', '408217723068', '827564778445', '10065', 1000225, '/231', '1000264', '2' );
insert into FIR.DISCREPANCY_RAW values(1000259,  sysdate, 1, '1', 20, 0.280801630709694, 0.505743364107676, '22', '2014', '408217723068', '843532366426', '10065', 1000225, '/231', '1000265', '2' );
insert into FIR.DISCREPANCY_RAW values(1000260,  sysdate, 1, '1', 20, 0.42442913326641, 0.503864577274706, '22', '2014', '408217723068', '414219323881', '10066', 1000225, '/231', '1000266', '2' );
insert into FIR.DISCREPANCY_RAW values(1000261,  sysdate, 1, '1', 20, 0.507532232211685, 0.310244370862024, '22', '2014', '408217723068', '649485906960', '10066', 1000225, '/231', '1000267', '2' );
insert into FIR.DISCREPANCY_RAW values(1000262,  sysdate, 1, '1', 20, 0.199220146145308, 0.939460324560972, '22', '2014', '408217723068', '384496947101', '10066', 1000225, '/231', '1000268', '2' );
insert into FIR.DISCREPANCY_RAW values(1000263,  sysdate, 1, '1', 20, 0.830573202031932, 0.0566203533935455, '22', '2014', '408217723068', '807365173235', '10066', 1000225, '/231', '1000269', '2' );
insert into FIR.DECLARATION values(1000226, '281128572942', '865662691', '616ffee4-bae1-446e-987c-b7fb418f4ad1', '11', '1111', 0, '22', 1, 1, 0, 0, 0, 0, 0 );
insert into FIR.DECLARATION values(1000227, '131892937587', '449162522', 'd133e6ab-1824-4252-921d-a5f461f87d32', '11', '1111', 0, '22', 1, 1, 0, 0, 0, 0, 0 );
insert into FIR.DECLARATION values(1000228, '860266542405', '819547550', 'be83ba98-c5f0-42cc-9874-1cb012aa5165', '11', '1111', 0, '22', 1, 1, 0, 0, 0, 0, 0 );
insert into FIR.DECLARATION values(1000229, '441028588839', '375664377', '603a0112-80fb-4efd-b409-b2268d6c0980', '11', '1111', 0, '22', 1, 1, 0, 0, 0, 0, 0 );
insert into FIR.DECLARATION values(1000230, '360200623234', '636409591', '769f9e6b-895f-40b0-bfbd-9a5ef5ade68d', '11', '1111', 0, '22', 1, 1, 0, 0, 0, 0, 0 );
insert into FIR.DECLARATION values(1000231, '884783146897', '835663224', '61d04840-dbe3-47c6-82bd-3459834992bd', '11', '1111', 0, '22', 1, 1, 0, 0, 0, 0, 0 );
insert into FIR.DECLARATION values(1000232, '632038829370', '801933437', '244c63db-77cd-4c49-bc71-12633698a5b4', '11', '1111', 0, '22', 1, 1, 0, 0, 0, 0, 0 );
insert into FIR.DECLARATION values(1000233, '598310464369', '115969396', '251f5647-c532-4b52-b736-34f9e427ef64', '11', '1111', 0, '22', 1, 1, 0, 0, 0, 0, 0 );
insert into FIR.DECLARATION values(1000234, '369312623970', '420299609', '35b1de0d-85e1-4705-b745-fabf90cc11fb', '11', '1111', 0, '22', 1, 1, 0, 0, 0, 0, 0 );
insert into FIR.DECLARATION values(1000235, '956276177328', '504096785', 'bf9d06ab-a288-49d1-b220-244545002d2e', '11', '1111', 0, '22', 1, 1, 0, 0, 0, 0, 0 );
insert into FIR.DECLARATION values(1000236, '296769238277', '974693111', '62fa398d-01a0-4fe7-b5c3-2d250f37f309', '11', '1111', 0, '22', 1, 1, 0, 0, 0, 0, 0 );
insert into FIR.DECLARATION values(1000237, '705247991887', '367439799', 'd553645f-c115-41b5-8c2f-7e54b8cc644c', '11', '1111', 0, '22', 1, 1, 0, 0, 0, 0, 0 );
insert into FIR.DECLARATION values(1000238, '632823664792', '547294922', 'bec56b0d-2284-4104-9daa-32a2cc84b2ff', '11', '1111', 0, '22', 1, 1, 0, 0, 0, 0, 0 );
insert into FIR.DECLARATION values(1000239, '183819752067', '200308227', 'dad39bbf-75b0-45e3-a47b-596f4d391b05', '11', '1111', 0, '22', 1, 1, 0, 0, 0, 0, 0 );
insert into FIR.DECLARATION values(1000240, '869841879583', '743579203', 'dfe4376d-f0fe-4617-83dd-a66ae3cd6541', '11', '1111', 0, '22', 1, 1, 0, 0, 0, 0, 0 );
insert into FIR.DECLARATION values(1000241, '386007730345', '552516410', 'de026dd9-1fa6-415c-81cc-a2200d5745d7', '11', '1111', 0, '22', 1, 1, 0, 0, 0, 0, 0 );
insert into FIR.DECLARATION values(1000242, '931042836599', '274062637', '28cb2974-c8e4-4db0-8d73-8147b8fe40d4', '11', '1111', 0, '22', 1, 1, 0, 0, 0, 0, 0 );
insert into FIR.DECLARATION values(1000243, '454493110750', '223931473', '0a7a59a3-fad5-442e-b685-ba80d5b92302', '11', '1111', 0, '22', 1, 1, 0, 0, 0, 0, 0 );
insert into FIR.DECLARATION values(1000244, '467190748538', '804477829', '0bc089d7-76ba-47ce-9aae-4e255a2ada12', '11', '1111', 0, '22', 1, 1, 0, 0, 0, 0, 0 );
insert into FIR.DECLARATION values(1000245, '960650267156', '922722228', 'c20bf936-f62f-4650-b518-51098f7bc5e3', '11', '1111', 0, '22', 1, 1, 0, 0, 0, 0, 0 );
insert into FIR.DECLARATION values(1000246, '568430529762', '959206515', 'b2ad08ad-5231-4dd0-a4c0-467aa268bfd7', '11', '1111', 0, '22', 1, 1, 0, 0, 0, 0, 0 );
insert into FIR.DECLARATION values(1000247, '663618453987', '392210656', '7d205ebe-aae5-4310-afce-7ccc0d802202', '11', '1111', 0, '22', 1, 1, 0, 0, 0, 0, 0 );
insert into FIR.DECLARATION values(1000248, '147051179929', '681431632', 'fbf53bfe-ffea-410a-8024-3e66858068de', '11', '1111', 0, '22', 1, 1, 0, 0, 0, 0, 0 );
insert into FIR.DECLARATION values(1000249, '940261212360', '858961934', 'f9b905af-1155-4c63-95d6-2adc733593b2', '11', '1111', 0, '22', 1, 1, 0, 0, 0, 0, 0 );
insert into FIR.DECLARATION values(1000250, '249209686729', '224546975', 'aaea6ce9-f2c0-4248-97d0-51c4a97132dd', '11', '1111', 0, '22', 1, 1, 0, 0, 0, 0, 0 );
insert into FIR.DECLARATION values(1000251, '329840966893', '274112171', '72679541-58e0-4638-a4f7-05973097f258', '11', '1111', 0, '22', 1, 1, 0, 0, 0, 0, 0 );
insert into FIR.DECLARATION values(1000252, '176086893846', '327678342', 'ab571025-705c-470a-941c-6477fef15c5b', '11', '1111', 0, '22', 1, 1, 0, 0, 0, 0, 0 );
insert into FIR.DECLARATION values(1000253, '411273721009', '903035338', 'f051c37a-048d-459f-b524-9e0fe2ca6e4c', '11', '1111', 0, '22', 1, 1, 0, 0, 0, 0, 0 );
insert into FIR.DECLARATION values(1000254, '236792905245', '175302206', '4062e323-af4a-4dee-aa73-08650d0da91d', '11', '1111', 0, '22', 1, 1, 0, 0, 0, 0, 0 );
insert into FIR.DECLARATION values(1000255, '618771923166', '998631490', '9df5b49f-42a5-4cba-bf24-636dbb629c07', '11', '1111', 0, '22', 1, 1, 0, 0, 0, 0, 0 );
insert into FIR.DECLARATION values(1000256, '506422849696', '965132637', '03708c8b-5a1b-4888-bc90-9a50c1cfad2c', '11', '1111', 0, '22', 1, 1, 0, 0, 0, 0, 0 );
insert into FIR.DECLARATION values(1000257, '647959410608', '213075171', 'b543d961-cf26-4838-bb88-e983ca168314', '11', '1111', 0, '22', 1, 1, 0, 0, 0, 0, 0 );
insert into FIR.DECLARATION values(1000258, '166431185756', '417660898', '168b45a4-2acd-4174-8153-4523b51bed90', '11', '1111', 0, '22', 1, 1, 0, 0, 0, 0, 0 );
insert into FIR.DECLARATION values(1000259, '997387356393', '745773780', '1ce8fe18-7758-469f-b6fa-a86019682e30', '11', '1111', 0, '22', 1, 1, 0, 0, 0, 0, 0 );
insert into FIR.DECLARATION values(1000260, '275891976397', '569512911', '322c482d-98d9-4a1c-87df-6ac94bf6fc07', '11', '1111', 0, '22', 1, 1, 0, 0, 0, 0, 0 );
insert into FIR.DECLARATION values(1000261, '987223827047', '649835134', 'cfa45540-25d4-4fe2-9142-b1ecb201c2be', '11', '1111', 0, '22', 1, 1, 0, 0, 0, 0, 0 );
insert into FIR.DECLARATION values(1000262, '683725426524', '964253278', '9f0e26a2-7d8a-4fe5-9a08-62ea6ae7d632', '11', '1111', 0, '22', 1, 1, 0, 0, 0, 0, 0 );
insert into FIR.DECLARATION values(1000263, '627741988161', '534781505', '61b3c871-4ddf-4a43-997e-94a778a47e55', '11', '1111', 0, '22', 1, 1, 0, 0, 0, 0, 0 );
insert into FIR.DECLARATION values(1000264, '486135277861', '864327716', '6def181e-a084-4d1e-acba-e9b4b41f598d', '11', '1111', 0, '22', 1, 1, 0, 0, 0, 0, 0 );
insert into FIR.DECLARATION values(1000265, '398312663015', '775293534', '57979293-9348-46ee-bca6-fa8561cf099e', '11', '1111', 0, '22', 1, 1, 0, 0, 0, 0, 0 );
insert into FIR.DECLARATION values(1000266, '609615638729', '735832485', '0f459691-6493-4140-a44a-a21c875fbcae', '11', '1111', 0, '22', 1, 1, 0, 0, 0, 0, 0 );
insert into FIR.DECLARATION values(1000267, '835880600925', '935595501', '11dba8ff-ae31-4c5a-9083-c9d45802459e', '11', '1111', 0, '22', 1, 1, 0, 0, 0, 0, 0 );
insert into FIR.DECLARATION values(1000268, '466127458547', '537104937', '3ee66d31-727c-41d4-9f9e-7082bc86d719', '11', '1111', 0, '22', 1, 1, 0, 0, 0, 0, 0 );
insert into FIR.DECLARATION values(1000269, '223728389268', '468747667', 'c0721a58-3d87-45da-8037-414d8bfdbc53', '11', '1111', 0, '22', 1, 1, 0, 0, 0, 0, 0 );
insert into FIR.DECLARATION values(1000270, '823243482874', '215974149', 'c27ed523-8ed9-489c-94ed-a77cabda4ddf', '52', '5252', 1, '23', 1, 1, 44, 21.14914277435705986, 0.968429803367904, 0.00646579778122986, 0.4806623357808422695454545455 );
insert into FIR.DISCREPANCY_RAW values(1000264,  sysdate, 1, '1', 20, 0.70443779356053, 0.839675768669544, '23', '2014', '823243482874', '877353541383', '10067', 1000270, '/231', '1000271', '2' );
insert into FIR.DISCREPANCY_RAW values(1000265,  sysdate, 1, '1', 20, 0.246531151349904, 0.0949925967003184, '23', '2014', '823243482874', '733718774520', '10067', 1000270, '/231', '1000272', '2' );
insert into FIR.DISCREPANCY_RAW values(1000266,  sysdate, 1, '1', 20, 0.78369742668406, 0.966044636893107, '23', '2014', '823243482874', '229871653814', '10067', 1000270, '/231', '1000273', '2' );
insert into FIR.DISCREPANCY_RAW values(1000267,  sysdate, 1, '1', 20, 0.0386256599047341, 0.323775618487865, '23', '2014', '823243482874', '371078322614', '10067', 1000270, '/231', '1000274', '2' );
insert into FIR.DISCREPANCY_RAW values(1000268,  sysdate, 1, '1', 20, 0.58487305025797, 0.0456659370314637, '23', '2014', '823243482874', '291618672775', '10068', 1000270, '/231', '1000275', '2' );
insert into FIR.DISCREPANCY_RAW values(1000269,  sysdate, 1, '1', 20, 0.246556026975883, 0.047832478325736, '23', '2014', '823243482874', '434696514930', '10068', 1000270, '/231', '1000276', '2' );
insert into FIR.DISCREPANCY_RAW values(1000270,  sysdate, 1, '1', 20, 0.12229609215739, 0.829953677873106, '23', '2014', '823243482874', '364469998235', '10068', 1000270, '/231', '1000277', '2' );
insert into FIR.DISCREPANCY_RAW values(1000271,  sysdate, 1, '1', 20, 0.693931417397191, 0.466196667620072, '23', '2014', '823243482874', '735797257956', '10068', 1000270, '/231', '1000278', '2' );
insert into FIR.DISCREPANCY_RAW values(1000272,  sysdate, 1, '1', 20, 0.896696180522766, 0.860888642659825, '23', '2014', '823243482874', '863914733279', '10069', 1000270, '/231', '1000279', '2' );
insert into FIR.DISCREPANCY_RAW values(1000273,  sysdate, 1, '1', 20, 0.551006802148654, 0.58146050692604, '23', '2014', '823243482874', '681453916423', '10069', 1000270, '/231', '1000280', '2' );
insert into FIR.DISCREPANCY_RAW values(1000274,  sysdate, 1, '1', 20, 0.970468578380751, 0.937152762402386, '23', '2014', '823243482874', '863801432163', '10069', 1000270, '/231', '1000281', '2' );
insert into FIR.DISCREPANCY_RAW values(1000275,  sysdate, 1, '1', 20, 0.0396640435977206, 0.767820989604956, '23', '2014', '823243482874', '605456361782', '10069', 1000270, '/231', '1000282', '2' );
insert into FIR.DISCREPANCY_RAW values(1000276,  sysdate, 1, '1', 20, 0.562957179994768, 0.378694388726118, '23', '2014', '823243482874', '226512565631', '10070', 1000270, '/231', '1000283', '2' );
insert into FIR.DISCREPANCY_RAW values(1000277,  sysdate, 1, '1', 20, 0.609576053269941, 0.693675365156343, '23', '2014', '823243482874', '433441725521', '10070', 1000270, '/231', '1000284', '2' );
insert into FIR.DISCREPANCY_RAW values(1000278,  sysdate, 1, '1', 20, 0.769499685973627, 0.283047344667393, '23', '2014', '823243482874', '491513314214', '10070', 1000270, '/231', '1000285', '2' );
insert into FIR.DISCREPANCY_RAW values(1000279,  sysdate, 1, '1', 20, 0.696833895843864, 0.0541847744277608, '23', '2014', '823243482874', '591112770471', '10070', 1000270, '/231', '1000286', '2' );
insert into FIR.DISCREPANCY_RAW values(1000280,  sysdate, 1, '1', 20, 0.573922892834024, 0.815141260072189, '23', '2014', '823243482874', '868543752088', '10071', 1000270, '/231', '1000287', '2' );
insert into FIR.DISCREPANCY_RAW values(1000281,  sysdate, 1, '1', 20, 0.545233038973637, 0.0683571775762165, '23', '2014', '823243482874', '696914528304', '10071', 1000270, '/231', '1000288', '2' );
insert into FIR.DISCREPANCY_RAW values(1000282,  sysdate, 1, '1', 20, 0.533714995968023, 0.909800826064218, '23', '2014', '823243482874', '516173749787', '10071', 1000270, '/231', '1000289', '2' );
insert into FIR.DISCREPANCY_RAW values(1000283,  sysdate, 1, '1', 20, 0.337674312450771, 0.334748143020434, '23', '2014', '823243482874', '281809919956', '10071', 1000270, '/231', '1000290', '2' );
insert into FIR.DISCREPANCY_RAW values(1000284,  sysdate, 1, '1', 20, 0.885728926344648, 0.00646579778122986, '23', '2014', '823243482874', '120041837761', '10072', 1000270, '/231', '1000291', '2' );
insert into FIR.DISCREPANCY_RAW values(1000285,  sysdate, 1, '1', 20, 0.369509383276808, 0.968429803367904, '23', '2014', '823243482874', '310153738032', '10072', 1000270, '/231', '1000292', '2' );
insert into FIR.DISCREPANCY_RAW values(1000286,  sysdate, 1, '1', 20, 0.526834882109815, 0.769637605999428, '23', '2014', '823243482874', '230806314105', '10072', 1000270, '/231', '1000293', '2' );
insert into FIR.DISCREPANCY_RAW values(1000287,  sysdate, 1, '1', 20, 0.957017011454802, 0.780857680729058, '23', '2014', '823243482874', '457568390854', '10072', 1000270, '/231', '1000294', '2' );
insert into FIR.DISCREPANCY_RAW values(1000288,  sysdate, 1, '1', 20, 0.0792040443416704, 0.0175711885176465, '23', '2014', '823243482874', '530802904017', '10073', 1000270, '/231', '1000295', '2' );
insert into FIR.DISCREPANCY_RAW values(1000289,  sysdate, 1, '1', 20, 0.615080771788527, 0.158878032192065, '23', '2014', '823243482874', '390253177606', '10073', 1000270, '/231', '1000296', '2' );
insert into FIR.DISCREPANCY_RAW values(1000290,  sysdate, 1, '1', 20, 0.0428456976277966, 0.724943328986384, '23', '2014', '823243482874', '941669471586', '10073', 1000270, '/231', '1000297', '2' );
insert into FIR.DISCREPANCY_RAW values(1000291,  sysdate, 1, '1', 20, 0.273608829487864, 0.128833519820512, '23', '2014', '823243482874', '745661976056', '10073', 1000270, '/231', '1000298', '2' );
insert into FIR.DISCREPANCY_RAW values(1000292,  sysdate, 1, '1', 20, 0.141816996103999, 0.112103798944551, '23', '2014', '823243482874', '558478592194', '10074', 1000270, '/231', '1000299', '2' );
insert into FIR.DISCREPANCY_RAW values(1000293,  sysdate, 1, '1', 20, 0.0778125855502731, 0.8393780392778, '23', '2014', '823243482874', '744294590216', '10074', 1000270, '/231', '1000300', '2' );
insert into FIR.DISCREPANCY_RAW values(1000294,  sysdate, 1, '1', 20, 0.532101093573543, 0.143829057525764, '23', '2014', '823243482874', '999316713281', '10074', 1000270, '/231', '1000301', '2' );
insert into FIR.DISCREPANCY_RAW values(1000295,  sysdate, 1, '1', 20, 0.00188135309232462, 0.172373892819683, '23', '2014', '823243482874', '840350957222', '10074', 1000270, '/231', '1000302', '2' );
insert into FIR.DISCREPANCY_RAW values(1000296,  sysdate, 1, '1', 20, 0.380316271158082, 0.374335705476969, '23', '2014', '823243482874', '807284496739', '10075', 1000270, '/231', '1000303', '2' );
insert into FIR.DISCREPANCY_RAW values(1000297,  sysdate, 1, '1', 20, 0.366740460212687, 0.583327909737512, '23', '2014', '823243482874', '838910547039', '10075', 1000270, '/231', '1000304', '2' );
insert into FIR.DISCREPANCY_RAW values(1000298,  sysdate, 1, '1', 20, 0.260544543741524, 0.124047418182738, '23', '2014', '823243482874', '522277713793', '10075', 1000270, '/231', '1000305', '2' );
insert into FIR.DISCREPANCY_RAW values(1000299,  sysdate, 1, '1', 20, 0.152846701048709, 0.652975399816863, '23', '2014', '823243482874', '743817358977', '10075', 1000270, '/231', '1000306', '2' );
insert into FIR.DISCREPANCY_RAW values(1000300,  sysdate, 1, '1', 20, 0.0155459088345738, 0.436840790061672, '23', '2014', '823243482874', '129996780186', '10076', 1000270, '/231', '1000307', '2' );
insert into FIR.DISCREPANCY_RAW values(1000301,  sysdate, 1, '1', 20, 0.901140385726998, 0.789432092471715, '23', '2014', '823243482874', '462531310195', '10076', 1000270, '/231', '1000308', '2' );
insert into FIR.DISCREPANCY_RAW values(1000302,  sysdate, 1, '1', 20, 0.87156258750314, 0.8269212752706, '23', '2014', '823243482874', '579506752917', '10076', 1000270, '/231', '1000309', '2' );
insert into FIR.DISCREPANCY_RAW values(1000303,  sysdate, 1, '1', 20, 0.690796975833735, 0.0898587103420211, '23', '2014', '823243482874', '202922822744', '10076', 1000270, '/231', '1000310', '2' );
insert into FIR.DISCREPANCY_RAW values(1000304,  sysdate, 1, '1', 20, 0.116285675725101, 0.643781800588491, '23', '2014', '823243482874', '286246483471', '10077', 1000270, '/231', '1000311', '2' );
insert into FIR.DISCREPANCY_RAW values(1000305,  sysdate, 1, '1', 20, 0.882022283450711, 0.706983295598525, '23', '2014', '823243482874', '955437503656', '10077', 1000270, '/231', '1000312', '2' );
insert into FIR.DISCREPANCY_RAW values(1000306,  sysdate, 1, '1', 20, 0.832836450931074, 0.147466717356568, '23', '2014', '823243482874', '818906704793', '10077', 1000270, '/231', '1000313', '2' );
insert into FIR.DISCREPANCY_RAW values(1000307,  sysdate, 1, '1', 20, 0.96324780861067, 0.650760350586269, '23', '2014', '823243482874', '617614274319', '10077', 1000270, '/231', '1000314', '2' );
insert into FIR.DECLARATION values(1000271, '512807433071', '828504312', 'ba121034-6d92-42bb-a2f9-b206f86bec28', '11', '1111', 0, '22', 1, 1, 0, 0, 0, 0, 0 );
insert into FIR.DECLARATION values(1000272, '150661904825', '873727177', '4c84a26a-537c-4dbb-8d41-3972834b9374', '11', '1111', 0, '22', 1, 1, 0, 0, 0, 0, 0 );
insert into FIR.DECLARATION values(1000273, '186722957989', '450734710', '1e781f52-cd2e-4b02-bdb0-022752a6ca09', '11', '1111', 0, '22', 1, 1, 0, 0, 0, 0, 0 );
insert into FIR.DECLARATION values(1000274, '816680643634', '105061412', '4efea37e-7e35-45a3-bded-4e3aa4c9a518', '11', '1111', 0, '22', 1, 1, 0, 0, 0, 0, 0 );
insert into FIR.DECLARATION values(1000275, '551748945705', '597886221', '6544e3c6-137c-467e-84c1-2eeb486b6805', '11', '1111', 0, '22', 1, 1, 0, 0, 0, 0, 0 );
insert into FIR.DECLARATION values(1000276, '131197131448', '242340676', 'c07b185a-7f9b-44ba-b103-a59889919c65', '11', '1111', 0, '22', 1, 1, 0, 0, 0, 0, 0 );
insert into FIR.DECLARATION values(1000277, '115842166184', '896847116', '5f49f205-b55a-4984-9d8a-397c13a69c2a', '11', '1111', 0, '22', 1, 1, 0, 0, 0, 0, 0 );
insert into FIR.DECLARATION values(1000278, '881164921596', '261700605', '0d250a60-3e3a-4a86-8492-3887883b3438', '11', '1111', 0, '22', 1, 1, 0, 0, 0, 0, 0 );
insert into FIR.DECLARATION values(1000279, '318390471534', '636654606', '47e2e068-7aaf-4bb5-a6b7-5ed589cde97c', '11', '1111', 0, '22', 1, 1, 0, 0, 0, 0, 0 );
insert into FIR.DECLARATION values(1000280, '223881951430', '277831183', '6eee5b24-ef2b-4300-90e6-8f279904e8c1', '11', '1111', 0, '22', 1, 1, 0, 0, 0, 0, 0 );
insert into FIR.DECLARATION values(1000281, '205662812780', '265212269', '2075ef58-3a31-438e-b6e0-85fe0db77838', '11', '1111', 0, '22', 1, 1, 0, 0, 0, 0, 0 );
insert into FIR.DECLARATION values(1000282, '507022459528', '374997640', 'f0769719-f2f6-4c7c-8680-bacf030b6e25', '11', '1111', 0, '22', 1, 1, 0, 0, 0, 0, 0 );
insert into FIR.DECLARATION values(1000283, '121096219080', '303612314', 'c018fc1a-b5fa-44ff-bf6a-3aba99f3c2e0', '11', '1111', 0, '22', 1, 1, 0, 0, 0, 0, 0 );
insert into FIR.DECLARATION values(1000284, '215087187083', '455548330', 'bf907c83-91eb-4932-bbd6-17f7dfd75cdb', '11', '1111', 0, '22', 1, 1, 0, 0, 0, 0, 0 );
insert into FIR.DECLARATION values(1000285, '840089893013', '885846329', '839d65ca-8bcb-4134-a5bf-bcd79d6fac8f', '11', '1111', 0, '22', 1, 1, 0, 0, 0, 0, 0 );
insert into FIR.DECLARATION values(1000286, '301768142685', '631469333', '08b03624-15d6-4343-b756-b64ada3f1fcf', '11', '1111', 0, '22', 1, 1, 0, 0, 0, 0, 0 );
insert into FIR.DECLARATION values(1000287, '135247772246', '245754323', '9a1a28e3-1a9e-42fa-8011-76cd4d28a316', '11', '1111', 0, '22', 1, 1, 0, 0, 0, 0, 0 );
insert into FIR.DECLARATION values(1000288, '104474117012', '371285276', 'd1bd9b00-7c36-4b57-8f8d-a6e6c843dee6', '11', '1111', 0, '22', 1, 1, 0, 0, 0, 0, 0 );
insert into FIR.DECLARATION values(1000289, '414721977567', '129168396', '122fff56-0193-43ce-8006-2ae801ba5b24', '11', '1111', 0, '22', 1, 1, 0, 0, 0, 0, 0 );
insert into FIR.DECLARATION values(1000290, '405348150173', '183789501', 'f8994f68-2d7b-4368-93bd-328b68e4fc81', '11', '1111', 0, '22', 1, 1, 0, 0, 0, 0, 0 );
insert into FIR.DECLARATION values(1000291, '439486184813', '466864524', 'e0dea6b9-9799-4877-918c-3553fb64b744', '11', '1111', 0, '22', 1, 1, 0, 0, 0, 0, 0 );
insert into FIR.DECLARATION values(1000292, '654641394591', '409432648', 'fbba4094-71d0-4064-b94a-48114bc853fc', '11', '1111', 0, '22', 1, 1, 0, 0, 0, 0, 0 );
insert into FIR.DECLARATION values(1000293, '185846847168', '929688979', '86a7d98a-f270-4c32-b2d6-b693825e32f6', '11', '1111', 0, '22', 1, 1, 0, 0, 0, 0, 0 );
insert into FIR.DECLARATION values(1000294, '873354145724', '801784428', '57df2741-fbe3-499c-b89e-2ff5885a0fe5', '11', '1111', 0, '22', 1, 1, 0, 0, 0, 0, 0 );
insert into FIR.DECLARATION values(1000295, '945254999132', '822196787', '8b5c1016-d34c-438e-af40-d17321f27d3f', '11', '1111', 0, '22', 1, 1, 0, 0, 0, 0, 0 );
insert into FIR.DECLARATION values(1000296, '996538942124', '655625738', 'b9dc08b1-ce70-48be-93ce-c7dc66e13819', '11', '1111', 0, '22', 1, 1, 0, 0, 0, 0, 0 );
insert into FIR.DECLARATION values(1000297, '736447419112', '269852356', 'ce14cd81-05a0-4e39-8558-e7f8f8cf0711', '11', '1111', 0, '22', 1, 1, 0, 0, 0, 0, 0 );
insert into FIR.DECLARATION values(1000298, '507190224696', '722698336', '6aa97e39-9b21-4a96-ba1c-cd36f0a8119d', '11', '1111', 0, '22', 1, 1, 0, 0, 0, 0, 0 );
insert into FIR.DECLARATION values(1000299, '351344872540', '131925190', 'e563eb83-e66d-47e6-b119-fb49527a51f5', '11', '1111', 0, '22', 1, 1, 0, 0, 0, 0, 0 );
insert into FIR.DECLARATION values(1000300, '245314103573', '949790419', '2f910a62-19db-4f08-8751-154ca826ac75', '11', '1111', 0, '22', 1, 1, 0, 0, 0, 0, 0 );
insert into FIR.DECLARATION values(1000301, '781198183278', '633877542', '73908bdb-f61c-4bd9-ba00-d3e3b9510ad8', '11', '1111', 0, '22', 1, 1, 0, 0, 0, 0, 0 );
insert into FIR.DECLARATION values(1000302, '701827823212', '537823957', 'b8ee4db5-ffaa-48db-9303-22959c7e1b3b', '11', '1111', 0, '22', 1, 1, 0, 0, 0, 0, 0 );
insert into FIR.DECLARATION values(1000303, '876745716989', '222301466', '4b4ad0d3-dee4-46a5-b686-2083466c4418', '11', '1111', 0, '22', 1, 1, 0, 0, 0, 0, 0 );
insert into FIR.DECLARATION values(1000304, '849335990537', '651604751', '231e7c44-e733-424d-a2e9-2eab8b405b79', '11', '1111', 0, '22', 1, 1, 0, 0, 0, 0, 0 );
insert into FIR.DECLARATION values(1000305, '706893872055', '849086282', 'a7b7d1fb-2ab5-483b-bf8c-28ace4917ae7', '11', '1111', 0, '22', 1, 1, 0, 0, 0, 0, 0 );
insert into FIR.DECLARATION values(1000306, '354104261316', '945655835', '8a40b4b1-7b61-44cd-896d-19155a3de7c4', '11', '1111', 0, '22', 1, 1, 0, 0, 0, 0, 0 );
insert into FIR.DECLARATION values(1000307, '231083470476', '522638202', 'b03d7efa-044d-44c2-bdf2-7ea6cf44735e', '11', '1111', 0, '22', 1, 1, 0, 0, 0, 0, 0 );
insert into FIR.DECLARATION values(1000308, '360571829892', '195094278', '0fd783b8-feef-470f-bfd8-9ab56eac09d4', '11', '1111', 0, '22', 1, 1, 0, 0, 0, 0, 0 );
insert into FIR.DECLARATION values(1000309, '342415839526', '865109575', '436f47f4-2ac9-4af8-9efd-7360e79059ca', '11', '1111', 0, '22', 1, 1, 0, 0, 0, 0, 0 );
insert into FIR.DECLARATION values(1000310, '318988104245', '621958517', 'ec6cef91-03ad-4579-b1a1-6f725e73b3f3', '11', '1111', 0, '22', 1, 1, 0, 0, 0, 0, 0 );
insert into FIR.DECLARATION values(1000311, '693215845622', '247742600', '26d03349-b876-4228-a465-787034931e99', '11', '1111', 0, '22', 1, 1, 0, 0, 0, 0, 0 );
insert into FIR.DECLARATION values(1000312, '597909627170', '287589861', '3acb111f-438d-422c-96e6-7d648b0f6c99', '11', '1111', 0, '22', 1, 1, 0, 0, 0, 0, 0 );
insert into FIR.DECLARATION values(1000313, '102353523140', '188768915', '57c7aec0-7a5e-476e-a368-56cd4c4deb98', '11', '1111', 0, '22', 1, 1, 0, 0, 0, 0, 0 );
insert into FIR.DECLARATION values(1000314, '879275235150', '692533866', 'd145fafc-68e6-4713-aaf1-5a9c0cbc45b4', '11', '1111', 0, '22', 1, 1, 0, 0, 0, 0, 0 );
insert into FIR.DECLARATION values(1000315, '883567290269', '849217540', '8c4d5e3e-cca6-431f-9d6b-025293c314c9', '52', '5252', 1, '23', 1, 1, 44, 21.18107935049621252, 0.966153875443225, 0.00245108688364322, 0.4813881670567321027272727273 );
insert into FIR.DISCREPANCY_RAW values(1000308,  sysdate, 1, '1', 20, 0.921136875134491, 0.604604218436686, '23', '2014', '883567290269', '888334860335', '10078', 1000315, '/231', '1000316', '2' );
insert into FIR.DISCREPANCY_RAW values(1000309,  sysdate, 1, '1', 20, 0.07107943160044, 0.126526255219489, '23', '2014', '883567290269', '762310904886', '10078', 1000315, '/231', '1000317', '2' );
insert into FIR.DISCREPANCY_RAW values(1000310,  sysdate, 1, '1', 20, 0.999658522661616, 0.511278415336869, '23', '2014', '883567290269', '387514935583', '10078', 1000315, '/231', '1000318', '2' );
insert into FIR.DISCREPANCY_RAW values(1000311,  sysdate, 1, '1', 20, 0.581564987814783, 0.710334759536355, '23', '2014', '883567290269', '936638667977', '10078', 1000315, '/231', '1000319', '2' );
insert into FIR.DISCREPANCY_RAW values(1000312,  sysdate, 1, '1', 20, 0.290929452185952, 0.736881956801229, '23', '2014', '883567290269', '511848237803', '10079', 1000315, '/231', '1000320', '2' );
insert into FIR.DISCREPANCY_RAW values(1000313,  sysdate, 1, '1', 20, 0.974384764197462, 0.063725154876581, '23', '2014', '883567290269', '155189233741', '10079', 1000315, '/231', '1000321', '2' );
insert into FIR.DISCREPANCY_RAW values(1000314,  sysdate, 1, '1', 20, 0.595418893543733, 0.352500472381944, '23', '2014', '883567290269', '384512876622', '10079', 1000315, '/231', '1000322', '2' );
insert into FIR.DISCREPANCY_RAW values(1000315,  sysdate, 1, '1', 20, 0.635313761250728, 0.18836303529719, '23', '2014', '883567290269', '371978715170', '10079', 1000315, '/231', '1000323', '2' );
insert into FIR.DISCREPANCY_RAW values(1000316,  sysdate, 1, '1', 20, 0.278605962301887, 0.471623969018284, '23', '2014', '883567290269', '544076322959', '10080', 1000315, '/231', '1000324', '2' );
insert into FIR.DISCREPANCY_RAW values(1000317,  sysdate, 1, '1', 20, 0.503356307979373, 0.94507775546288, '23', '2014', '883567290269', '725078553368', '10080', 1000315, '/231', '1000325', '2' );
insert into FIR.DISCREPANCY_RAW values(1000318,  sysdate, 1, '1', 20, 0.548421814361784, 0.17853726687773, '23', '2014', '883567290269', '735803601444', '10080', 1000315, '/231', '1000326', '2' );
insert into FIR.DISCREPANCY_RAW values(1000319,  sysdate, 1, '1', 20, 0.3454433504238, 0.185299882751564, '23', '2014', '883567290269', '247873681193', '10080', 1000315, '/231', '1000327', '2' );
insert into FIR.DISCREPANCY_RAW values(1000320,  sysdate, 1, '1', 20, 0.501215254190012, 0.355464501937602, '23', '2014', '883567290269', '747834867467', '10081', 1000315, '/231', '1000328', '2' );
insert into FIR.DISCREPANCY_RAW values(1000321,  sysdate, 1, '1', 20, 0.33687204790156, 0.10942157549291, '23', '2014', '883567290269', '904420832771', '10081', 1000315, '/231', '1000329', '2' );
insert into FIR.DISCREPANCY_RAW values(1000322,  sysdate, 1, '1', 20, 0.918834941423887, 0.437826111650945, '23', '2014', '883567290269', '650223454574', '10081', 1000315, '/231', '1000330', '2' );
insert into FIR.DISCREPANCY_RAW values(1000323,  sysdate, 1, '1', 20, 0.0182982124473426, 0.16046544032193, '23', '2014', '883567290269', '906831419544', '10081', 1000315, '/231', '1000331', '2' );
insert into FIR.DISCREPANCY_RAW values(1000324,  sysdate, 1, '1', 20, 0.415400120157469, 0.665623449099075, '23', '2014', '883567290269', '656215822825', '10082', 1000315, '/231', '1000332', '2' );
insert into FIR.DISCREPANCY_RAW values(1000325,  sysdate, 1, '1', 20, 0.682337037139729, 0.901180426544128, '23', '2014', '883567290269', '149031926820', '10082', 1000315, '/231', '1000333', '2' );
insert into FIR.DISCREPANCY_RAW values(1000326,  sysdate, 1, '1', 20, 0.981440850524903, 0.310233360300881, '23', '2014', '883567290269', '925797720623', '10082', 1000315, '/231', '1000334', '2' );
insert into FIR.DISCREPANCY_RAW values(1000327,  sysdate, 1, '1', 20, 0.0570660522473352, 0.00245108688364322, '23', '2014', '883567290269', '466868582024', '10082', 1000315, '/231', '1000335', '2' );
insert into FIR.DISCREPANCY_RAW values(1000328,  sysdate, 1, '1', 20, 0.448885746043588, 0.938986360532691, '23', '2014', '883567290269', '566315763121', '10083', 1000315, '/231', '1000336', '2' );
insert into FIR.DISCREPANCY_RAW values(1000329,  sysdate, 1, '1', 20, 0.213201103831269, 0.5104555727497, '23', '2014', '883567290269', '765825524582', '10083', 1000315, '/231', '1000337', '2' );
insert into FIR.DISCREPANCY_RAW values(1000330,  sysdate, 1, '1', 20, 0.216947591498935, 0.930530737121837, '23', '2014', '883567290269', '479648645208', '10083', 1000315, '/231', '1000338', '2' );
insert into FIR.DISCREPANCY_RAW values(1000331,  sysdate, 1, '1', 20, 0.837846697698276, 0.60320863342062, '23', '2014', '883567290269', '420413106059', '10083', 1000315, '/231', '1000339', '2' );
insert into FIR.DISCREPANCY_RAW values(1000332,  sysdate, 1, '1', 20, 0.0777832460951914, 0.433985335488797, '23', '2014', '883567290269', '333456911376', '10084', 1000315, '/231', '1000340', '2' );
insert into FIR.DISCREPANCY_RAW values(1000333,  sysdate, 1, '1', 20, 0.854994343060532, 0.543247016865409, '23', '2014', '883567290269', '314565567202', '10084', 1000315, '/231', '1000341', '2' );
insert into FIR.DISCREPANCY_RAW values(1000334,  sysdate, 1, '1', 20, 0.413785142085415, 0.0154756051560285, '23', '2014', '883567290269', '241751884923', '10084', 1000315, '/231', '1000342', '2' );
insert into FIR.DISCREPANCY_RAW values(1000335,  sysdate, 1, '1', 20, 0.998440344351549, 0.526795680414324, '23', '2014', '883567290269', '780122982501', '10084', 1000315, '/231', '1000343', '2' );
insert into FIR.DISCREPANCY_RAW values(1000336,  sysdate, 1, '1', 20, 0.937164783914184, 0.839475742000842, '23', '2014', '883567290269', '748896268117', '10085', 1000315, '/231', '1000344', '2' );
insert into FIR.DISCREPANCY_RAW values(1000337,  sysdate, 1, '1', 20, 0.297482225716804, 0.65354800115039, '23', '2014', '883567290269', '259171974000', '10085', 1000315, '/231', '1000345', '2' );
insert into FIR.DISCREPANCY_RAW values(1000338,  sysdate, 1, '1', 20, 0.263052469707584, 0.854336487527162, '23', '2014', '883567290269', '631731843692', '10085', 1000315, '/231', '1000346', '2' );
insert into FIR.DISCREPANCY_RAW values(1000339,  sysdate, 1, '1', 20, 0.014888301033009, 0.621231770897858, '23', '2014', '883567290269', '588954287634', '10085', 1000315, '/231', '1000347', '2' );
insert into FIR.DISCREPANCY_RAW values(1000340,  sysdate, 1, '1', 20, 0.0950930198166021, 0.472341855742196, '23', '2014', '883567290269', '759390440607', '10086', 1000315, '/231', '1000348', '2' );
insert into FIR.DISCREPANCY_RAW values(1000341,  sysdate, 1, '1', 20, 0.46261497329111, 0.0368020124904821, '23', '2014', '883567290269', '191469828887', '10086', 1000315, '/231', '1000349', '2' );
insert into FIR.DISCREPANCY_RAW values(1000342,  sysdate, 1, '1', 20, 0.19164547426237, 0.0545560503632557, '23', '2014', '883567290269', '466855571975', '10086', 1000315, '/231', '1000350', '2' );
insert into FIR.DISCREPANCY_RAW values(1000343,  sysdate, 1, '1', 20, 0.978684611608593, 0.199224542919185, '23', '2014', '883567290269', '676826661023', '10086', 1000315, '/231', '1000351', '2' );
insert into FIR.DISCREPANCY_RAW values(1000344,  sysdate, 1, '1', 20, 0.990826833523264, 0.528517467215898, '23', '2014', '883567290269', '790385630758', '10087', 1000315, '/231', '1000352', '2' );
insert into FIR.DISCREPANCY_RAW values(1000345,  sysdate, 1, '1', 20, 0.163813758717763, 0.59124474115262, '23', '2014', '883567290269', '447509271398', '10087', 1000315, '/231', '1000353', '2' );
insert into FIR.DISCREPANCY_RAW values(1000346,  sysdate, 1, '1', 20, 0.891613649153902, 0.661832393455241, '23', '2014', '883567290269', '719225955860', '10087', 1000315, '/231', '1000354', '2' );
insert into FIR.DISCREPANCY_RAW values(1000347,  sysdate, 1, '1', 20, 0.839049969724868, 0.842320042123236, '23', '2014', '883567290269', '620767798462', '10087', 1000315, '/231', '1000355', '2' );
insert into FIR.DISCREPANCY_RAW values(1000348,  sysdate, 1, '1', 20, 0.904529956590631, 0.966153875443225, '23', '2014', '883567290269', '252073881164', '10088', 1000315, '/231', '1000356', '2' );
insert into FIR.DISCREPANCY_RAW values(1000349,  sysdate, 1, '1', 20, 0.761883085017038, 0.938871726830896, '23', '2014', '883567290269', '839609299495', '10088', 1000315, '/231', '1000357', '2' );
insert into FIR.DISCREPANCY_RAW values(1000350,  sysdate, 1, '1', 20, 0.502405628795924, 0.15425131151185, '23', '2014', '883567290269', '561320888190', '10088', 1000315, '/231', '1000358', '2' );
insert into FIR.DISCREPANCY_RAW values(1000351,  sysdate, 1, '1', 20, 0.654237872294261, 0.246267293694554, '23', '2014', '883567290269', '134861946982', '10088', 1000315, '/231', '1000359', '2' );
insert into FIR.DECLARATION values(1000316, '903817701843', '768336892', '5a2dc830-f372-47b5-92ad-fcc0d820eaa2', '11', '1111', 0, '23', 1, 1, 0, 0, 0, 0, 0 );
insert into FIR.DECLARATION values(1000317, '377533353213', '919717390', '0408c6e6-39e3-4ba3-a14e-8454cea1c52d', '11', '1111', 0, '23', 1, 1, 0, 0, 0, 0, 0 );
insert into FIR.DECLARATION values(1000318, '491193355425', '778752597', 'f9660c40-b57d-47ba-ba22-4624dad9c456', '11', '1111', 0, '23', 1, 1, 0, 0, 0, 0, 0 );
insert into FIR.DECLARATION values(1000319, '414952965441', '109651123', '158a1264-56e2-43c9-8f31-23a2c2438ff4', '11', '1111', 0, '23', 1, 1, 0, 0, 0, 0, 0 );
insert into FIR.DECLARATION values(1000320, '445513637404', '194316146', '8523bbda-79c0-440f-b690-ecda2f15a580', '11', '1111', 0, '23', 1, 1, 0, 0, 0, 0, 0 );
insert into FIR.DECLARATION values(1000321, '885324704382', '759900963', '81c4f181-d37b-4047-8cb7-44b9fc12536a', '11', '1111', 0, '23', 1, 1, 0, 0, 0, 0, 0 );
insert into FIR.DECLARATION values(1000322, '603578249387', '830277745', '404bcb62-ede0-4f95-85c7-b81ba839db13', '11', '1111', 0, '23', 1, 1, 0, 0, 0, 0, 0 );
insert into FIR.DECLARATION values(1000323, '637565350315', '394486881', '886fd455-ed73-4751-aea6-65b919af6fc9', '11', '1111', 0, '23', 1, 1, 0, 0, 0, 0, 0 );
insert into FIR.DECLARATION values(1000324, '909170965646', '450662319', 'fca6672f-5716-440f-b214-be0122f1a0fe', '11', '1111', 0, '23', 1, 1, 0, 0, 0, 0, 0 );
insert into FIR.DECLARATION values(1000325, '591283304548', '758426982', '9c9613ed-a0a1-4728-b31b-d645e59eb1a9', '11', '1111', 0, '23', 1, 1, 0, 0, 0, 0, 0 );
insert into FIR.DECLARATION values(1000326, '102319377762', '305509830', '24224253-fcb8-4383-80d1-e4ff59423672', '11', '1111', 0, '23', 1, 1, 0, 0, 0, 0, 0 );
insert into FIR.DECLARATION values(1000327, '611941626858', '361559545', '144696fa-8b1c-4fc4-9f56-56c2ef330ee9', '11', '1111', 0, '23', 1, 1, 0, 0, 0, 0, 0 );
insert into FIR.DECLARATION values(1000328, '287475285945', '324554926', 'ae0d8aff-7bf5-40f9-981e-aced2c111145', '11', '1111', 0, '23', 1, 1, 0, 0, 0, 0, 0 );
insert into FIR.DECLARATION values(1000329, '615340355360', '708531953', '58b5216e-6064-43a8-9b33-cba9b7c25a8b', '11', '1111', 0, '23', 1, 1, 0, 0, 0, 0, 0 );
insert into FIR.DECLARATION values(1000330, '153011389733', '534079423', 'e3fc5fba-abc4-4a03-8648-af9cc0604f9b', '11', '1111', 0, '23', 1, 1, 0, 0, 0, 0, 0 );
insert into FIR.DECLARATION values(1000331, '596744278362', '882338315', '00cdcfba-db26-48e7-b823-68db441e1ec6', '11', '1111', 0, '23', 1, 1, 0, 0, 0, 0, 0 );
insert into FIR.DECLARATION values(1000332, '796740197323', '581070106', '2d83b62f-d338-47fe-9379-3d7a46135ce5', '11', '1111', 0, '23', 1, 1, 0, 0, 0, 0, 0 );
insert into FIR.DECLARATION values(1000333, '286778646290', '291988733', 'e5c54939-b497-4d61-b7ab-bab1458c126a', '11', '1111', 0, '23', 1, 1, 0, 0, 0, 0, 0 );
insert into FIR.DECLARATION values(1000334, '235308591030', '884182865', '19d12c61-9108-49d9-afb9-e242aa15ade2', '11', '1111', 0, '23', 1, 1, 0, 0, 0, 0, 0 );
insert into FIR.DECLARATION values(1000335, '159154276934', '167277969', '283fb7ff-8a06-4341-9e14-099863de5d60', '11', '1111', 0, '23', 1, 1, 0, 0, 0, 0, 0 );
insert into FIR.DECLARATION values(1000336, '374352714987', '201166563', 'e91c8343-62f6-44ff-bb0a-1f1629b51f30', '11', '1111', 0, '23', 1, 1, 0, 0, 0, 0, 0 );
insert into FIR.DECLARATION values(1000337, '636300410030', '826638333', '66a66176-bd64-4aa0-b8d2-a5d93d20fc63', '11', '1111', 0, '23', 1, 1, 0, 0, 0, 0, 0 );
insert into FIR.DECLARATION values(1000338, '294204916268', '759935141', '1ba2ba7e-d523-41c7-9d17-6c842f875d91', '11', '1111', 0, '23', 1, 1, 0, 0, 0, 0, 0 );
insert into FIR.DECLARATION values(1000339, '546576476931', '102947872', '288dfb98-9013-41b2-aec3-bb6541283e5e', '11', '1111', 0, '23', 1, 1, 0, 0, 0, 0, 0 );
insert into FIR.DECLARATION values(1000340, '372264802311', '605106292', 'be4c7b48-798c-41f7-b265-9fe882518d93', '11', '1111', 0, '23', 1, 1, 0, 0, 0, 0, 0 );
insert into FIR.DECLARATION values(1000341, '925721964921', '964920231', '0ec7df52-5cf0-46ed-9a19-e507c3c48650', '11', '1111', 0, '23', 1, 1, 0, 0, 0, 0, 0 );
insert into FIR.DECLARATION values(1000342, '614399378854', '516214409', '3a7d3d07-5b40-4345-875c-9ec0ab8ca553', '11', '1111', 0, '23', 1, 1, 0, 0, 0, 0, 0 );
insert into FIR.DECLARATION values(1000343, '632202281302', '173159860', '7602177b-69b4-4947-8576-87e8def9868d', '11', '1111', 0, '23', 1, 1, 0, 0, 0, 0, 0 );
insert into FIR.DECLARATION values(1000344, '690722130590', '213259859', '3b254d17-71fb-4dbd-83b7-6e7b93ea9c5c', '11', '1111', 0, '23', 1, 1, 0, 0, 0, 0, 0 );
insert into FIR.DECLARATION values(1000345, '602516734291', '261135125', 'd42f1708-fe9e-43de-bfd6-05afb2a3f1d4', '11', '1111', 0, '23', 1, 1, 0, 0, 0, 0, 0 );
insert into FIR.DECLARATION values(1000346, '110049703308', '158800318', 'dfa68f42-e9a9-4b4e-8d2f-b007eee3ae30', '11', '1111', 0, '23', 1, 1, 0, 0, 0, 0, 0 );
insert into FIR.DECLARATION values(1000347, '142275923063', '748485352', 'ccaab819-c2df-48c2-b3a3-88b16891e2d2', '11', '1111', 0, '23', 1, 1, 0, 0, 0, 0, 0 );
insert into FIR.DECLARATION values(1000348, '132928558638', '914417819', 'bbd1ccdf-9b92-4e2b-97b1-ae8198f7fb41', '11', '1111', 0, '23', 1, 1, 0, 0, 0, 0, 0 );
insert into FIR.DECLARATION values(1000349, '407396832185', '941395914', 'a0eaaf7b-9097-4ac0-a93b-cce09d9f8b7e', '11', '1111', 0, '23', 1, 1, 0, 0, 0, 0, 0 );
insert into FIR.DECLARATION values(1000350, '277734142000', '696390925', '7eb46835-393b-4875-b68d-08f4b07525b5', '11', '1111', 0, '23', 1, 1, 0, 0, 0, 0, 0 );
insert into FIR.DECLARATION values(1000351, '150162108002', '627609313', '65e355f0-4035-4927-90ca-4adb4a31d6dd', '11', '1111', 0, '23', 1, 1, 0, 0, 0, 0, 0 );
insert into FIR.DECLARATION values(1000352, '217040301779', '355634367', 'a0ea70d2-3c44-4b0b-8b04-cfe52c3005d6', '11', '1111', 0, '23', 1, 1, 0, 0, 0, 0, 0 );
insert into FIR.DECLARATION values(1000353, '878278930335', '568732370', 'c53db07d-a725-427e-8eb8-21b5bb43444b', '11', '1111', 0, '23', 1, 1, 0, 0, 0, 0, 0 );
insert into FIR.DECLARATION values(1000354, '241996779668', '654787697', '228976af-193e-447a-b262-7595ce0efc68', '11', '1111', 0, '23', 1, 1, 0, 0, 0, 0, 0 );
insert into FIR.DECLARATION values(1000355, '923567490261', '126144235', '74f99793-b8a2-4015-be1c-73b7b0848ab5', '11', '1111', 0, '23', 1, 1, 0, 0, 0, 0, 0 );
insert into FIR.DECLARATION values(1000356, '988011214136', '521466368', 'aa5a9f0b-58ce-4986-bad7-148bb269576a', '11', '1111', 0, '23', 1, 1, 0, 0, 0, 0, 0 );
insert into FIR.DECLARATION values(1000357, '298254755635', '672239143', '76db8d86-587c-4390-82af-d1aeb8c10c05', '11', '1111', 0, '23', 1, 1, 0, 0, 0, 0, 0 );
insert into FIR.DECLARATION values(1000358, '536375729938', '276641152', 'acc8df2c-c2a5-4f94-9bab-4dbe2fa9a7bd', '11', '1111', 0, '23', 1, 1, 0, 0, 0, 0, 0 );
insert into FIR.DECLARATION values(1000359, '916356927638', '894303602', 'e2875b00-ca53-476f-95e9-90a6478465c5', '11', '1111', 0, '23', 1, 1, 0, 0, 0, 0, 0 );
insert into FIR.DECLARATION values(1000360, '701970912665', '688015406', '8681c999-252f-4fac-a0bd-7ffc4757ee56', '52', '5252', 1, '21', 1, 1, 44, 22.5938655154750973, 0.998573884367279, 0.0111567443288661, 0.5134969435335249386363636364 );
insert into FIR.DISCREPANCY_RAW values(1000352,  sysdate, 1, '1', 20, 0.272810435515274, 0.289020993415742, '21', '2014', '701970912665', '287718456049', '10089', 1000360, '/231', '1000361', '2' );
insert into FIR.DISCREPANCY_RAW values(1000353,  sysdate, 1, '1', 20, 0.53075247655192, 0.966113784800336, '21', '2014', '701970912665', '653846123564', '10089', 1000360, '/231', '1000362', '2' );
insert into FIR.DISCREPANCY_RAW values(1000354,  sysdate, 1, '1', 20, 0.753241997562927, 0.678442944157144, '21', '2014', '701970912665', '828173755594', '10089', 1000360, '/231', '1000363', '2' );
insert into FIR.DISCREPANCY_RAW values(1000355,  sysdate, 1, '1', 20, 0.614428871131702, 0.154213634391415, '21', '2014', '701970912665', '904705208354', '10089', 1000360, '/231', '1000364', '2' );
insert into FIR.DISCREPANCY_RAW values(1000356,  sysdate, 1, '1', 20, 0.437381473573568, 0.817747039169887, '21', '2014', '701970912665', '685026213825', '10090', 1000360, '/231', '1000365', '2' );
insert into FIR.DISCREPANCY_RAW values(1000357,  sysdate, 1, '1', 20, 0.980083205262238, 0.834507605915194, '21', '2014', '701970912665', '478334364867', '10090', 1000360, '/231', '1000366', '2' );
insert into FIR.DISCREPANCY_RAW values(1000358,  sysdate, 1, '1', 20, 0.471238970975968, 0.550360754388552, '21', '2014', '701970912665', '801776256031', '10090', 1000360, '/231', '1000367', '2' );
insert into FIR.DISCREPANCY_RAW values(1000359,  sysdate, 1, '1', 20, 0.247532881911626, 0.0619530887631481, '21', '2014', '701970912665', '847587360656', '10090', 1000360, '/231', '1000368', '2' );
insert into FIR.DISCREPANCY_RAW values(1000360,  sysdate, 1, '1', 20, 0.19987813625479, 0.698331426688624, '21', '2014', '701970912665', '210934141841', '10091', 1000360, '/231', '1000369', '2' );
insert into FIR.DISCREPANCY_RAW values(1000361,  sysdate, 1, '1', 20, 0.117227872422537, 0.662655910319954, '21', '2014', '701970912665', '957499188332', '10091', 1000360, '/231', '1000370', '2' );
insert into FIR.DISCREPANCY_RAW values(1000362,  sysdate, 1, '1', 20, 0.367587060373084, 0.135694412577755, '21', '2014', '701970912665', '793279731409', '10091', 1000360, '/231', '1000371', '2' );
insert into FIR.DISCREPANCY_RAW values(1000363,  sysdate, 1, '1', 20, 0.0769974016943003, 0.383957928225378, '21', '2014', '701970912665', '227170660566', '10091', 1000360, '/231', '1000372', '2' );
insert into FIR.DISCREPANCY_RAW values(1000364,  sysdate, 1, '1', 20, 0.104133198086234, 0.531914370382165, '21', '2014', '701970912665', '802729593126', '10092', 1000360, '/231', '1000373', '2' );
insert into FIR.DISCREPANCY_RAW values(1000365,  sysdate, 1, '1', 20, 0.190130690666908, 0.132536865832534, '21', '2014', '701970912665', '643147127421', '10092', 1000360, '/231', '1000374', '2' );
insert into FIR.DISCREPANCY_RAW values(1000366,  sysdate, 1, '1', 20, 0.437575278541807, 0.0365817509761926, '21', '2014', '701970912665', '609547868384', '10092', 1000360, '/231', '1000375', '2' );
insert into FIR.DISCREPANCY_RAW values(1000367,  sysdate, 1, '1', 20, 0.170581296631406, 0.916978919839942, '21', '2014', '701970912665', '826846921559', '10092', 1000360, '/231', '1000376', '2' );
insert into FIR.DISCREPANCY_RAW values(1000368,  sysdate, 1, '1', 20, 0.367143878418554, 0.884192555623219, '21', '2014', '701970912665', '169807460684', '10093', 1000360, '/231', '1000377', '2' );
insert into FIR.DISCREPANCY_RAW values(1000369,  sysdate, 1, '1', 20, 0.922259403822133, 0.923120358457379, '21', '2014', '701970912665', '124116709148', '10093', 1000360, '/231', '1000378', '2' );
insert into FIR.DISCREPANCY_RAW values(1000370,  sysdate, 1, '1', 20, 0.617649340824061, 0.592474343065393, '21', '2014', '701970912665', '535719394004', '10093', 1000360, '/231', '1000379', '2' );
insert into FIR.DISCREPANCY_RAW values(1000371,  sysdate, 1, '1', 20, 0.747041177818105, 0.434520299283099, '21', '2014', '701970912665', '847125573236', '10093', 1000360, '/231', '1000380', '2' );
insert into FIR.DISCREPANCY_RAW values(1000372,  sysdate, 1, '1', 20, 0.739640124952253, 0.990474770306831, '21', '2014', '701970912665', '776851643680', '10094', 1000360, '/231', '1000381', '2' );
insert into FIR.DISCREPANCY_RAW values(1000373,  sysdate, 1, '1', 20, 0.740661140410538, 0.99291376163853, '21', '2014', '701970912665', '669885345293', '10094', 1000360, '/231', '1000382', '2' );
insert into FIR.DISCREPANCY_RAW values(1000374,  sysdate, 1, '1', 20, 0.518410172554855, 0.190820300109135, '21', '2014', '701970912665', '265436490817', '10094', 1000360, '/231', '1000383', '2' );
insert into FIR.DISCREPANCY_RAW values(1000375,  sysdate, 1, '1', 20, 0.283891892658496, 0.998573884367279, '21', '2014', '701970912665', '746157315584', '10094', 1000360, '/231', '1000384', '2' );
insert into FIR.DISCREPANCY_RAW values(1000376,  sysdate, 1, '1', 20, 0.165509117378625, 0.184736753899947, '21', '2014', '701970912665', '146027254429', '10095', 1000360, '/231', '1000385', '2' );
insert into FIR.DISCREPANCY_RAW values(1000377,  sysdate, 1, '1', 20, 0.978768077669092, 0.772742231270644, '21', '2014', '701970912665', '612976100715', '10095', 1000360, '/231', '1000386', '2' );
insert into FIR.DISCREPANCY_RAW values(1000378,  sysdate, 1, '1', 20, 0.213394514384398, 0.7951703424543, '21', '2014', '701970912665', '621967551641', '10095', 1000360, '/231', '1000387', '2' );
insert into FIR.DISCREPANCY_RAW values(1000379,  sysdate, 1, '1', 20, 0.494342965769741, 0.919162040538696, '21', '2014', '701970912665', '402684696256', '10095', 1000360, '/231', '1000388', '2' );
insert into FIR.DISCREPANCY_RAW values(1000380,  sysdate, 1, '1', 20, 0.653477386410105, 0.187035594222618, '21', '2014', '701970912665', '114415909759', '10096', 1000360, '/231', '1000389', '2' );
insert into FIR.DISCREPANCY_RAW values(1000381,  sysdate, 1, '1', 20, 0.766765906832538, 0.0925145773647886, '21', '2014', '701970912665', '608940114151', '10096', 1000360, '/231', '1000390', '2' );
insert into FIR.DISCREPANCY_RAW values(1000382,  sysdate, 1, '1', 20, 0.996400496920757, 0.950217461190288, '21', '2014', '701970912665', '160052431036', '10096', 1000360, '/231', '1000391', '2' );
insert into FIR.DISCREPANCY_RAW values(1000383,  sysdate, 1, '1', 20, 0.709724380965216, 0.278686769436433, '21', '2014', '701970912665', '707150593245', '10096', 1000360, '/231', '1000392', '2' );
insert into FIR.DISCREPANCY_RAW values(1000384,  sysdate, 1, '1', 20, 0.628693760665457, 0.891159404484164, '21', '2014', '701970912665', '182019986950', '10097', 1000360, '/231', '1000393', '2' );
insert into FIR.DISCREPANCY_RAW values(1000385,  sysdate, 1, '1', 20, 0.948291333833845, 0.0378045747232645, '21', '2014', '701970912665', '741986596815', '10097', 1000360, '/231', '1000394', '2' );
insert into FIR.DISCREPANCY_RAW values(1000386,  sysdate, 1, '1', 20, 0.537304865446549, 0.790989974881983, '21', '2014', '701970912665', '585823355136', '10097', 1000360, '/231', '1000395', '2' );
insert into FIR.DISCREPANCY_RAW values(1000387,  sysdate, 1, '1', 20, 0.514983246808398, 0.977384828020532, '21', '2014', '701970912665', '525899159805', '10097', 1000360, '/231', '1000396', '2' );
insert into FIR.DISCREPANCY_RAW values(1000388,  sysdate, 1, '1', 20, 0.979972101738664, 0.0111567443288661, '21', '2014', '701970912665', '956715176617', '10098', 1000360, '/231', '1000397', '2' );
insert into FIR.DISCREPANCY_RAW values(1000389,  sysdate, 1, '1', 20, 0.102575666318916, 0.100181600125591, '21', '2014', '701970912665', '350560292101', '10098', 1000360, '/231', '1000398', '2' );
insert into FIR.DISCREPANCY_RAW values(1000390,  sysdate, 1, '1', 20, 0.17015463401105, 0.540603935504613, '21', '2014', '701970912665', '854558617160', '10098', 1000360, '/231', '1000399', '2' );
insert into FIR.DISCREPANCY_RAW values(1000391,  sysdate, 1, '1', 20, 0.471520885113404, 0.230724682207557, '21', '2014', '701970912665', '843052227003', '10098', 1000360, '/231', '1000400', '2' );
insert into FIR.DISCREPANCY_RAW values(1000392,  sysdate, 1, '1', 20, 0.45163332738524, 0.223559514723513, '21', '2014', '701970912665', '662052443223', '10099', 1000360, '/231', '1000401', '2' );
insert into FIR.DISCREPANCY_RAW values(1000393,  sysdate, 1, '1', 20, 0.406613495390217, 0.42626746717201, '21', '2014', '701970912665', '289826578667', '10099', 1000360, '/231', '1000402', '2' );
insert into FIR.DISCREPANCY_RAW values(1000394,  sysdate, 1, '1', 20, 0.500446486519858, 0.277099080978473, '21', '2014', '701970912665', '644550687770', '10099', 1000360, '/231', '1000403', '2' );
insert into FIR.DISCREPANCY_RAW values(1000395,  sysdate, 1, '1', 20, 0.437123682087811, 0.0485662352519884, '21', '2014', '701970912665', '486240512018', '10099', 1000360, '/231', '1000404', '2' );
insert into FIR.DECLARATION values(1000361, '327556493036', '238102280', '8ee191b0-c186-444a-8688-49f20ae937b3', '11', '1111', 0, '22', 1, 1, 0, 0, 0, 0, 0 );
insert into FIR.DECLARATION values(1000362, '482412263168', '454953861', 'ba197cca-de86-4893-9470-38cb164dfc19', '11', '1111', 0, '22', 1, 1, 0, 0, 0, 0, 0 );
insert into FIR.DECLARATION values(1000363, '603177740153', '998863517', 'e5f3de1e-bf2b-4925-a47a-d1be9add1d6d', '11', '1111', 0, '22', 1, 1, 0, 0, 0, 0, 0 );
insert into FIR.DECLARATION values(1000364, '187988106621', '296954160', '04ed0e6f-c14c-452b-b319-74000efb6126', '11', '1111', 0, '22', 1, 1, 0, 0, 0, 0, 0 );
insert into FIR.DECLARATION values(1000365, '479528665200', '413681665', '1a349f27-ade9-4a25-8184-d7f40ffbd03e', '11', '1111', 0, '22', 1, 1, 0, 0, 0, 0, 0 );
insert into FIR.DECLARATION values(1000366, '132770729898', '359859683', '7571150e-95ec-4cdd-8acb-8d25c3de7d42', '11', '1111', 0, '22', 1, 1, 0, 0, 0, 0, 0 );
insert into FIR.DECLARATION values(1000367, '176599849654', '217056550', '3511a461-4d78-49f4-9e6d-6642cdd05aa6', '11', '1111', 0, '22', 1, 1, 0, 0, 0, 0, 0 );
insert into FIR.DECLARATION values(1000368, '842398720383', '765262637', '5c73fba6-a4a6-4454-a7c7-e34d7e8dbcca', '11', '1111', 0, '22', 1, 1, 0, 0, 0, 0, 0 );
insert into FIR.DECLARATION values(1000369, '510943825030', '288055257', '7b63b0a4-fcae-4acb-ad5a-4db62175e6b7', '11', '1111', 0, '22', 1, 1, 0, 0, 0, 0, 0 );
insert into FIR.DECLARATION values(1000370, '863529667898', '135939193', '2c168c4f-4f55-492e-98f0-26f140c4c95f', '11', '1111', 0, '22', 1, 1, 0, 0, 0, 0, 0 );
insert into FIR.DECLARATION values(1000371, '193530991715', '925314431', 'ef5fbe9c-594b-4023-b0b8-3f63a014e36b', '11', '1111', 0, '22', 1, 1, 0, 0, 0, 0, 0 );
insert into FIR.DECLARATION values(1000372, '999398117863', '149112644', 'abc4a461-1f82-4ca5-bba0-ff418857e795', '11', '1111', 0, '22', 1, 1, 0, 0, 0, 0, 0 );
insert into FIR.DECLARATION values(1000373, '425360194609', '484166884', '7e733a3f-10cd-40de-91c6-e315be0df530', '11', '1111', 0, '22', 1, 1, 0, 0, 0, 0, 0 );
insert into FIR.DECLARATION values(1000374, '731051525404', '858199434', '6dbe272d-6327-40bc-a9ba-dbd4921aef40', '11', '1111', 0, '22', 1, 1, 0, 0, 0, 0, 0 );
insert into FIR.DECLARATION values(1000375, '218722842190', '482278464', '51039733-bb06-48a3-880a-94d5c13f4b01', '11', '1111', 0, '22', 1, 1, 0, 0, 0, 0, 0 );
insert into FIR.DECLARATION values(1000376, '470999365167', '294832581', 'c5690724-75c8-46b7-a1d4-7d20ed3664b6', '11', '1111', 0, '22', 1, 1, 0, 0, 0, 0, 0 );
insert into FIR.DECLARATION values(1000377, '520986791431', '616984285', '951924e1-0ca2-4588-9aaa-a8a71a0c9d9d', '11', '1111', 0, '22', 1, 1, 0, 0, 0, 0, 0 );
insert into FIR.DECLARATION values(1000378, '382617631038', '575728955', 'a5159b02-0924-46a6-8d7d-5bbdd1e577ff', '11', '1111', 0, '22', 1, 1, 0, 0, 0, 0, 0 );
insert into FIR.DECLARATION values(1000379, '131802257569', '335757399', '6cb42097-1c5e-4ff7-8233-ff1c08f1125d', '11', '1111', 0, '22', 1, 1, 0, 0, 0, 0, 0 );
insert into FIR.DECLARATION values(1000380, '745887150982', '207718421', 'da4c1925-4822-4cef-8b9a-e8a49f51909f', '11', '1111', 0, '22', 1, 1, 0, 0, 0, 0, 0 );
insert into FIR.DECLARATION values(1000381, '795797576240', '360988270', 'b8f95bd3-fc15-4b73-92ec-9bfb1e5d8203', '11', '1111', 0, '22', 1, 1, 0, 0, 0, 0, 0 );
insert into FIR.DECLARATION values(1000382, '132547143032', '557579131', '98d63e1f-d37a-465c-b4b4-4f718895ab8a', '11', '1111', 0, '22', 1, 1, 0, 0, 0, 0, 0 );
insert into FIR.DECLARATION values(1000383, '745095889955', '804160244', '54b13a87-37fa-42a7-9416-02437dd686a6', '11', '1111', 0, '22', 1, 1, 0, 0, 0, 0, 0 );
insert into FIR.DECLARATION values(1000384, '220336289939', '155979956', '89e0feb1-b282-4702-9714-0831b3faea85', '11', '1111', 0, '22', 1, 1, 0, 0, 0, 0, 0 );
insert into FIR.DECLARATION values(1000385, '462736615937', '416920264', 'd8299dd8-2e60-46c5-a0dd-59ce3131835d', '11', '1111', 0, '22', 1, 1, 0, 0, 0, 0, 0 );
insert into FIR.DECLARATION values(1000386, '177685102739', '934236944', 'e95a36ab-266c-44d9-9eef-f80555226395', '11', '1111', 0, '22', 1, 1, 0, 0, 0, 0, 0 );
insert into FIR.DECLARATION values(1000387, '224552100963', '298556452', 'b2e7a95e-6d59-44ba-aefe-ad6d0c223e9c', '11', '1111', 0, '22', 1, 1, 0, 0, 0, 0, 0 );
insert into FIR.DECLARATION values(1000388, '984337179409', '671311253', '32f8ca83-a3e5-41ae-be6b-00e6b86c5a36', '11', '1111', 0, '22', 1, 1, 0, 0, 0, 0, 0 );
insert into FIR.DECLARATION values(1000389, '627337605159', '590876188', '5616fca9-0970-43e8-9336-eac22af7c57e', '11', '1111', 0, '22', 1, 1, 0, 0, 0, 0, 0 );
insert into FIR.DECLARATION values(1000390, '287257801226', '710355778', 'f54a11ea-93d9-4e24-99d9-ff59c5fe3398', '11', '1111', 0, '22', 1, 1, 0, 0, 0, 0, 0 );
insert into FIR.DECLARATION values(1000391, '228603525538', '832332813', '7be0fcec-dc80-4176-8aab-d6460a15fc3b', '11', '1111', 0, '22', 1, 1, 0, 0, 0, 0, 0 );
insert into FIR.DECLARATION values(1000392, '224655304081', '954916117', '83de1bd7-e830-4e34-ab8e-c9f25c176528', '11', '1111', 0, '22', 1, 1, 0, 0, 0, 0, 0 );
insert into FIR.DECLARATION values(1000393, '113861532931', '710839440', 'a1a459fa-e69b-4a29-8ed2-32d049169be5', '11', '1111', 0, '22', 1, 1, 0, 0, 0, 0, 0 );
insert into FIR.DECLARATION values(1000394, '248047472588', '713822326', '029111ca-7b42-4a63-90c4-c78a79283b21', '11', '1111', 0, '22', 1, 1, 0, 0, 0, 0, 0 );
insert into FIR.DECLARATION values(1000395, '343253811924', '207968687', '647b00ab-94bd-424d-8f5e-85e240caf137', '11', '1111', 0, '22', 1, 1, 0, 0, 0, 0, 0 );
insert into FIR.DECLARATION values(1000396, '872587807704', '212364203', 'c62c2011-cd04-494d-b733-f938eab882c9', '11', '1111', 0, '22', 1, 1, 0, 0, 0, 0, 0 );
insert into FIR.DECLARATION values(1000397, '573563788929', '121973874', '42bdb1ad-e3f2-4b90-babe-9cc61ae1ffe7', '11', '1111', 0, '22', 1, 1, 0, 0, 0, 0, 0 );
insert into FIR.DECLARATION values(1000398, '593283711841', '885494333', '607ff205-bde9-47fd-bd43-3dfddfe730eb', '11', '1111', 0, '22', 1, 1, 0, 0, 0, 0, 0 );
insert into FIR.DECLARATION values(1000399, '478563349752', '540405791', '3630f0e9-a66f-410f-a3c2-f4850eea4d22', '11', '1111', 0, '22', 1, 1, 0, 0, 0, 0, 0 );
insert into FIR.DECLARATION values(1000400, '826234999748', '684776673', 'ef572983-b190-41aa-a035-0bfcf5f276e1', '11', '1111', 0, '22', 1, 1, 0, 0, 0, 0, 0 );
insert into FIR.DECLARATION values(1000401, '351500656360', '397999555', 'c328f0be-1c9c-410a-8196-59324069b23c', '11', '1111', 0, '22', 1, 1, 0, 0, 0, 0, 0 );
insert into FIR.DECLARATION values(1000402, '213692923665', '668055253', '0f6b7bd4-75a3-4c77-a6c1-72002f288b6e', '11', '1111', 0, '22', 1, 1, 0, 0, 0, 0, 0 );
insert into FIR.DECLARATION values(1000403, '520322532170', '604548522', 'c3e097e8-eae3-4f8a-9fd0-b1a94dc534ed', '11', '1111', 0, '22', 1, 1, 0, 0, 0, 0, 0 );
insert into FIR.DECLARATION values(1000404, '402702385103', '493135209', 'c0bc5e84-f327-40c5-ad3f-06b7d6ac9810', '11', '1111', 0, '22', 1, 1, 0, 0, 0, 0, 0 );
insert into FIR.DECLARATION values(1000405, '380667874272', '151766430', '671527f8-7322-423b-8669-e302422ed93d', '52', '5252', 1, '22', 1, 1, 44, 20.1913811961148766, 0.986590429202928, 0.0179485655473306, 0.4588950271844290136363636364 );
insert into FIR.DISCREPANCY_RAW values(1000396,  sysdate, 1, '1', 20, 0.455454927615568, 0.886552488844168, '22', '2014', '380667874272', '291278829221', '10100', 1000405, '/231', '1000406', '2' );
insert into FIR.DISCREPANCY_RAW values(1000397,  sysdate, 1, '1', 20, 0.0741418213928779, 0.794726011247712, '22', '2014', '380667874272', '872915516757', '10100', 1000405, '/231', '1000407', '2' );
insert into FIR.DISCREPANCY_RAW values(1000398,  sysdate, 1, '1', 20, 0.489239982091468, 0.0179485655473306, '22', '2014', '380667874272', '775895469179', '10100', 1000405, '/231', '1000408', '2' );
insert into FIR.DISCREPANCY_RAW values(1000399,  sysdate, 1, '1', 20, 0.286719657614231, 0.38038070936705, '22', '2014', '380667874272', '167081639361', '10100', 1000405, '/231', '1000409', '2' );
insert into FIR.DISCREPANCY_RAW values(1000400,  sysdate, 1, '1', 20, 0.127021781693688, 0.339113384643157, '22', '2014', '380667874272', '447268846604', '10101', 1000405, '/231', '1000410', '2' );
insert into FIR.DISCREPANCY_RAW values(1000401,  sysdate, 1, '1', 20, 0.748662885161426, 0.219543366329532, '22', '2014', '380667874272', '517600422633', '10101', 1000405, '/231', '1000411', '2' );
insert into FIR.DISCREPANCY_RAW values(1000402,  sysdate, 1, '1', 20, 0.010397985116764, 0.0205032108447064, '22', '2014', '380667874272', '822104152578', '10101', 1000405, '/231', '1000412', '2' );
insert into FIR.DISCREPANCY_RAW values(1000403,  sysdate, 1, '1', 20, 0.605157170726525, 0.484564091770241, '22', '2014', '380667874272', '258485908008', '10101', 1000405, '/231', '1000413', '2' );
insert into FIR.DISCREPANCY_RAW values(1000404,  sysdate, 1, '1', 20, 0.97034958096703, 0.888435161620581, '22', '2014', '380667874272', '451161697370', '10102', 1000405, '/231', '1000414', '2' );
insert into FIR.DISCREPANCY_RAW values(1000405,  sysdate, 1, '1', 20, 0.915352486500215, 0.299273109668527, '22', '2014', '380667874272', '541082496105', '10102', 1000405, '/231', '1000415', '2' );
insert into FIR.DISCREPANCY_RAW values(1000406,  sysdate, 1, '1', 20, 0.732044929513729, 0.778277136747854, '22', '2014', '380667874272', '406748639143', '10102', 1000405, '/231', '1000416', '2' );
insert into FIR.DISCREPANCY_RAW values(1000407,  sysdate, 1, '1', 20, 0.0547223468565952, 0.410731511847457, '22', '2014', '380667874272', '947368685058', '10102', 1000405, '/231', '1000417', '2' );
insert into FIR.DISCREPANCY_RAW values(1000408,  sysdate, 1, '1', 20, 0.330035194442624, 0.45195642320996, '22', '2014', '380667874272', '870847240085', '10103', 1000405, '/231', '1000418', '2' );
insert into FIR.DISCREPANCY_RAW values(1000409,  sysdate, 1, '1', 20, 0.111475024424249, 0.55866405719829, '22', '2014', '380667874272', '301044643893', '10103', 1000405, '/231', '1000419', '2' );
insert into FIR.DISCREPANCY_RAW values(1000410,  sysdate, 1, '1', 20, 0.363828201016331, 0.916395144032498, '22', '2014', '380667874272', '639099555292', '10103', 1000405, '/231', '1000420', '2' );
insert into FIR.DISCREPANCY_RAW values(1000411,  sysdate, 1, '1', 20, 0.418659845562028, 0.986590429202928, '22', '2014', '380667874272', '916485915517', '10103', 1000405, '/231', '1000421', '2' );
insert into FIR.DISCREPANCY_RAW values(1000412,  sysdate, 1, '1', 20, 0.0465694884986475, 0.222055341220487, '22', '2014', '380667874272', '440182298052', '10104', 1000405, '/231', '1000422', '2' );
insert into FIR.DISCREPANCY_RAW values(1000413,  sysdate, 1, '1', 20, 0.941320957588647, 0.194786018782661, '22', '2014', '380667874272', '155956716101', '10104', 1000405, '/231', '1000423', '2' );
insert into FIR.DISCREPANCY_RAW values(1000414,  sysdate, 1, '1', 20, 0.472491501119217, 0.0272361063525249, '22', '2014', '380667874272', '606139378949', '10104', 1000405, '/231', '1000424', '2' );
insert into FIR.DISCREPANCY_RAW values(1000415,  sysdate, 1, '1', 20, 0.0571842151960284, 0.792994025066958, '22', '2014', '380667874272', '846885713117', '10104', 1000405, '/231', '1000425', '2' );
insert into FIR.DISCREPANCY_RAW values(1000416,  sysdate, 1, '1', 20, 0.203856394721128, 0.386853664362269, '22', '2014', '380667874272', '209300899783', '10105', 1000405, '/231', '1000426', '2' );
insert into FIR.DISCREPANCY_RAW values(1000417,  sysdate, 1, '1', 20, 0.910343843004826, 0.917853048964335, '22', '2014', '380667874272', '211620284166', '10105', 1000405, '/231', '1000427', '2' );
insert into FIR.DISCREPANCY_RAW values(1000418,  sysdate, 1, '1', 20, 0.111753413040076, 0.630438043563831, '22', '2014', '380667874272', '348396395704', '10105', 1000405, '/231', '1000428', '2' );
insert into FIR.DISCREPANCY_RAW values(1000419,  sysdate, 1, '1', 20, 0.0481521142870896, 0.075744174921766, '22', '2014', '380667874272', '168625213170', '10105', 1000405, '/231', '1000429', '2' );
insert into FIR.DISCREPANCY_RAW values(1000420,  sysdate, 1, '1', 20, 0.340987721151201, 0.542292302726904, '22', '2014', '380667874272', '995564597826', '10106', 1000405, '/231', '1000430', '2' );
insert into FIR.DISCREPANCY_RAW values(1000421,  sysdate, 1, '1', 20, 0.846425898767275, 0.0750469989492777, '22', '2014', '380667874272', '807931112494', '10106', 1000405, '/231', '1000431', '2' );
insert into FIR.DISCREPANCY_RAW values(1000422,  sysdate, 1, '1', 20, 0.359323868695332, 0.616101021233993, '22', '2014', '380667874272', '898209430093', '10106', 1000405, '/231', '1000432', '2' );
insert into FIR.DISCREPANCY_RAW values(1000423,  sysdate, 1, '1', 20, 0.405476750994789, 0.150264131440904, '22', '2014', '380667874272', '243971673801', '10106', 1000405, '/231', '1000433', '2' );
insert into FIR.DISCREPANCY_RAW values(1000424,  sysdate, 1, '1', 20, 0.901364070783073, 0.142533807615998, '22', '2014', '380667874272', '289046291388', '10107', 1000405, '/231', '1000434', '2' );
insert into FIR.DISCREPANCY_RAW values(1000425,  sysdate, 1, '1', 20, 0.284818384463349, 0.196311421783786, '22', '2014', '380667874272', '598473683916', '10107', 1000405, '/231', '1000435', '2' );
insert into FIR.DISCREPANCY_RAW values(1000426,  sysdate, 1, '1', 20, 0.319115652385687, 0.493123150660248, '22', '2014', '380667874272', '709355576856', '10107', 1000405, '/231', '1000436', '2' );
insert into FIR.DISCREPANCY_RAW values(1000427,  sysdate, 1, '1', 20, 0.914654771757617, 0.118638509008399, '22', '2014', '380667874272', '104094964352', '10107', 1000405, '/231', '1000437', '2' );
insert into FIR.DISCREPANCY_RAW values(1000428,  sysdate, 1, '1', 20, 0.247428583096447, 0.762149193213391, '22', '2014', '380667874272', '825037191596', '10108', 1000405, '/231', '1000438', '2' );
insert into FIR.DISCREPANCY_RAW values(1000429,  sysdate, 1, '1', 20, 0.161465883330193, 0.563739470934374, '22', '2014', '380667874272', '267979866088', '10108', 1000405, '/231', '1000439', '2' );
insert into FIR.DISCREPANCY_RAW values(1000430,  sysdate, 1, '1', 20, 0.430003226003611, 0.9758354145921, '22', '2014', '380667874272', '428840283978', '10108', 1000405, '/231', '1000440', '2' );
insert into FIR.DISCREPANCY_RAW values(1000431,  sysdate, 1, '1', 20, 0.48101431572857, 0.688294024061548, '22', '2014', '380667874272', '556954779860', '10108', 1000405, '/231', '1000441', '2' );
insert into FIR.DISCREPANCY_RAW values(1000432,  sysdate, 1, '1', 20, 0.52774214489746, 0.45017109552872, '22', '2014', '380667874272', '422135947210', '10109', 1000405, '/231', '1000442', '2' );
insert into FIR.DISCREPANCY_RAW values(1000433,  sysdate, 1, '1', 20, 0.70212272540765, 0.385402796038148, '22', '2014', '380667874272', '223845999054', '10109', 1000405, '/231', '1000443', '2' );
insert into FIR.DISCREPANCY_RAW values(1000434,  sysdate, 1, '1', 20, 0.94148417745786, 0.457469744820832, '22', '2014', '380667874272', '659742202548', '10109', 1000405, '/231', '1000444', '2' );
insert into FIR.DISCREPANCY_RAW values(1000435,  sysdate, 1, '1', 20, 0.84045798370636, 0.426394005038959, '22', '2014', '380667874272', '852362495756', '10109', 1000405, '/231', '1000445', '2' );
insert into FIR.DISCREPANCY_RAW values(1000436,  sysdate, 1, '1', 20, 0.496989960082336, 0.457604318138959, '22', '2014', '380667874272', '776351396312', '10110', 1000405, '/231', '1000446', '2' );
insert into FIR.DISCREPANCY_RAW values(1000437,  sysdate, 1, '1', 20, 0.986827333451634, 0.490550343175675, '22', '2014', '380667874272', '733297974218', '10110', 1000405, '/231', '1000447', '2' );
insert into FIR.DISCREPANCY_RAW values(1000438,  sysdate, 1, '1', 20, 0.331674537310225, 0.224409896053565, '22', '2014', '380667874272', '349499168872', '10110', 1000405, '/231', '1000448', '2' );
insert into FIR.DISCREPANCY_RAW values(1000439,  sysdate, 1, '1', 20, 0.290907753301276, 0.293434325742272, '22', '2014', '380667874272', '911067573545', '10110', 1000405, '/231', '1000449', '2' );
insert into FIR.DECLARATION values(1000406, '416555375164', '575581434', '54137ed7-84e2-4f93-add5-508417041791', '11', '1111', 0, '22', 1, 1, 0, 0, 0, 0, 0 );
insert into FIR.DECLARATION values(1000407, '323189455041', '504972336', '73599451-9a5e-4302-9340-38409ae6e67e', '11', '1111', 0, '22', 1, 1, 0, 0, 0, 0, 0 );
insert into FIR.DECLARATION values(1000408, '902447762186', '226366381', '1228a9ca-ab50-404e-bdeb-f048a84c3757', '11', '1111', 0, '22', 1, 1, 0, 0, 0, 0, 0 );
insert into FIR.DECLARATION values(1000409, '850572549038', '621539441', 'edafb2a4-72b8-4f8a-acfe-58d41085b273', '11', '1111', 0, '22', 1, 1, 0, 0, 0, 0, 0 );
insert into FIR.DECLARATION values(1000410, '950687413200', '435356452', 'bb310fbe-e3ab-43f1-bcc2-0fa8a1ca4b32', '11', '1111', 0, '22', 1, 1, 0, 0, 0, 0, 0 );
insert into FIR.DECLARATION values(1000411, '850266300094', '198129688', '34a6af7a-b37c-4ccf-b319-089e4f0d281b', '11', '1111', 0, '22', 1, 1, 0, 0, 0, 0, 0 );
insert into FIR.DECLARATION values(1000412, '438682434356', '740373290', '0611ea91-5857-4720-ad32-03d4852ae914', '11', '1111', 0, '22', 1, 1, 0, 0, 0, 0, 0 );
insert into FIR.DECLARATION values(1000413, '250228481023', '698704276', 'a77b2dfc-1045-41f8-b4fc-13bdab8edb09', '11', '1111', 0, '22', 1, 1, 0, 0, 0, 0, 0 );
insert into FIR.DECLARATION values(1000414, '106945397544', '241352861', '56d686f9-e162-40dc-86d7-024399618339', '11', '1111', 0, '22', 1, 1, 0, 0, 0, 0, 0 );
insert into FIR.DECLARATION values(1000415, '116260903116', '609080586', '10a132c4-bbca-4218-ad81-b0c7cbc4f1ed', '11', '1111', 0, '22', 1, 1, 0, 0, 0, 0, 0 );
insert into FIR.DECLARATION values(1000416, '881132549949', '736714948', '33a52477-92f1-4b2b-9b20-4d0c78740cc1', '11', '1111', 0, '22', 1, 1, 0, 0, 0, 0, 0 );
insert into FIR.DECLARATION values(1000417, '999710879927', '591466522', '40d678fa-18bd-4936-958b-d6b4f01c2646', '11', '1111', 0, '22', 1, 1, 0, 0, 0, 0, 0 );
insert into FIR.DECLARATION values(1000418, '285963614746', '895706206', '818e79f6-0a1b-4712-8b42-1bb1c690818d', '11', '1111', 0, '22', 1, 1, 0, 0, 0, 0, 0 );
insert into FIR.DECLARATION values(1000419, '114956192069', '811697457', '0ec944b4-b3d3-436e-b1b0-aed9dc28dc11', '11', '1111', 0, '22', 1, 1, 0, 0, 0, 0, 0 );
insert into FIR.DECLARATION values(1000420, '847533656993', '236411525', '29ff34d1-c251-4e62-a464-2ebfa29cba8e', '11', '1111', 0, '22', 1, 1, 0, 0, 0, 0, 0 );
insert into FIR.DECLARATION values(1000421, '608505451100', '655276857', '71f49130-c7b7-4023-a256-b16070e9d385', '11', '1111', 0, '22', 1, 1, 0, 0, 0, 0, 0 );
insert into FIR.DECLARATION values(1000422, '639640391590', '184567410', '0539046b-3fbb-45c2-a402-b5ab16ce9119', '11', '1111', 0, '22', 1, 1, 0, 0, 0, 0, 0 );
insert into FIR.DECLARATION values(1000423, '214294789102', '212377830', 'faa0d7d2-b8f7-46f8-9946-94d5b066c022', '11', '1111', 0, '22', 1, 1, 0, 0, 0, 0, 0 );
insert into FIR.DECLARATION values(1000424, '754674897482', '620073834', '0b8b2c61-2560-4221-9b40-841c17693aa6', '11', '1111', 0, '22', 1, 1, 0, 0, 0, 0, 0 );
insert into FIR.DECLARATION values(1000425, '347871533786', '592621129', '922dddd1-9ee7-4495-8673-ac00ab3800c3', '11', '1111', 0, '22', 1, 1, 0, 0, 0, 0, 0 );
insert into FIR.DECLARATION values(1000426, '711260475515', '368218315', 'fc28215d-3a86-4bd4-8efb-a359b0cd4945', '11', '1111', 0, '22', 1, 1, 0, 0, 0, 0, 0 );
insert into FIR.DECLARATION values(1000427, '258272119565', '392428242', 'efe9cd29-80c0-497e-9fd3-29e5c8d2cb25', '11', '1111', 0, '22', 1, 1, 0, 0, 0, 0, 0 );
insert into FIR.DECLARATION values(1000428, '185462965799', '948069138', '265820bd-27ae-45cb-977a-e74eedb4810b', '11', '1111', 0, '22', 1, 1, 0, 0, 0, 0, 0 );
insert into FIR.DECLARATION values(1000429, '663945866576', '627557933', '20dd4301-2915-463e-9a78-011754879e25', '11', '1111', 0, '22', 1, 1, 0, 0, 0, 0, 0 );
insert into FIR.DECLARATION values(1000430, '689639679079', '967361745', 'a9df14b4-507a-4839-a854-78f5bb08a43f', '11', '1111', 0, '22', 1, 1, 0, 0, 0, 0, 0 );
insert into FIR.DECLARATION values(1000431, '241164428608', '408921719', 'b7c80f87-9e9c-4a12-bb53-896c4d9362b9', '11', '1111', 0, '22', 1, 1, 0, 0, 0, 0, 0 );
insert into FIR.DECLARATION values(1000432, '544717938072', '563005438', '9775c5e0-e78e-439e-9f11-4b50af462366', '11', '1111', 0, '22', 1, 1, 0, 0, 0, 0, 0 );
insert into FIR.DECLARATION values(1000433, '470529811776', '750008557', 'c2046e91-2c97-40d6-8d7c-26f11dbb7c27', '11', '1111', 0, '22', 1, 1, 0, 0, 0, 0, 0 );
insert into FIR.DECLARATION values(1000434, '746681939206', '236716787', '540448d1-9fde-4443-95f9-994184a8a6a7', '11', '1111', 0, '22', 1, 1, 0, 0, 0, 0, 0 );
insert into FIR.DECLARATION values(1000435, '505415913020', '586454150', '7fd2920d-068b-4776-8354-fed4ae1af947', '11', '1111', 0, '22', 1, 1, 0, 0, 0, 0, 0 );
insert into FIR.DECLARATION values(1000436, '622487951208', '749797989', '376ecdb8-bf76-4592-82d4-9a9714984e21', '11', '1111', 0, '22', 1, 1, 0, 0, 0, 0, 0 );
insert into FIR.DECLARATION values(1000437, '906897544449', '215927127', 'e88306ab-ae70-49ff-8d75-285844693fdb', '11', '1111', 0, '22', 1, 1, 0, 0, 0, 0, 0 );
insert into FIR.DECLARATION values(1000438, '140752816327', '616450877', 'be9430b4-a216-432e-ad4b-69cf28e04c8b', '11', '1111', 0, '22', 1, 1, 0, 0, 0, 0, 0 );
insert into FIR.DECLARATION values(1000439, '263960876523', '737182120', 'aaf39aba-06ab-408e-91c8-d4670b6f401a', '11', '1111', 0, '22', 1, 1, 0, 0, 0, 0, 0 );
insert into FIR.DECLARATION values(1000440, '984292968013', '997380454', 'e9bb4bfb-e6aa-41a5-a4b9-5db79f92bc52', '11', '1111', 0, '22', 1, 1, 0, 0, 0, 0, 0 );
insert into FIR.DECLARATION values(1000441, '176081522023', '336642584', '1721640f-6e83-42f1-bfba-844b2513d308', '11', '1111', 0, '22', 1, 1, 0, 0, 0, 0, 0 );
insert into FIR.DECLARATION values(1000442, '416595874011', '906722112', '28b2295c-215e-469c-84c7-2b45772f7929', '11', '1111', 0, '22', 1, 1, 0, 0, 0, 0, 0 );
insert into FIR.DECLARATION values(1000443, '896468663993', '751673289', 'c4f52c74-73c3-4df8-b222-89441282e153', '11', '1111', 0, '22', 1, 1, 0, 0, 0, 0, 0 );
insert into FIR.DECLARATION values(1000444, '380928978592', '857828231', 'c44d83ee-2851-46a1-874e-838bcddaec23', '11', '1111', 0, '22', 1, 1, 0, 0, 0, 0, 0 );
insert into FIR.DECLARATION values(1000445, '314421240523', '273179592', '1ec7cf3d-5f21-420f-84d7-91814e412b03', '11', '1111', 0, '22', 1, 1, 0, 0, 0, 0, 0 );
insert into FIR.DECLARATION values(1000446, '654567749507', '779240534', 'ffe18409-85e7-48f2-80d1-9be540593497', '11', '1111', 0, '22', 1, 1, 0, 0, 0, 0, 0 );
insert into FIR.DECLARATION values(1000447, '174030611993', '627848943', '80171d1d-a55f-4a85-a2fa-f16802214d6b', '11', '1111', 0, '22', 1, 1, 0, 0, 0, 0, 0 );
insert into FIR.DECLARATION values(1000448, '776588622421', '893179163', '357a1252-050f-4ac0-b17b-4664023652dd', '11', '1111', 0, '22', 1, 1, 0, 0, 0, 0, 0 );
insert into FIR.DECLARATION values(1000449, '411976750068', '758092687', '2808cb64-57d4-4452-b169-b015b84f0b6c', '11', '1111', 0, '22', 1, 1, 0, 0, 0, 0, 0 );
insert into FIR.DECLARATION values(1000450, '989370280589', '665259255', 'f4cfbe13-ea88-4aa4-a690-ffdbc868bba3', '52', '5252', 1, '21', 1, 1, 44, 23.31173386066766977, 0.951969605848179, 0.00564037449920567, 0.5298121331969924947727272727 );
insert into FIR.DISCREPANCY_RAW values(1000440,  sysdate, 1, '1', 20, 0.878750580306514, 0.821908345828721, '21', '2014', '989370280589', '267398151228', '10111', 1000450, '/231', '1000451', '2' );
insert into FIR.DISCREPANCY_RAW values(1000441,  sysdate, 1, '1', 20, 0.528305231839561, 0.704241668202096, '21', '2014', '989370280589', '287550228126', '10111', 1000450, '/231', '1000452', '2' );
insert into FIR.DISCREPANCY_RAW values(1000442,  sysdate, 1, '1', 20, 0.802861456667474, 0.682815095727712, '21', '2014', '989370280589', '360222818596', '10111', 1000450, '/231', '1000453', '2' );
insert into FIR.DISCREPANCY_RAW values(1000443,  sysdate, 1, '1', 20, 0.165538407007949, 0.728459770664787, '21', '2014', '989370280589', '642962499791', '10111', 1000450, '/231', '1000454', '2' );
insert into FIR.DISCREPANCY_RAW values(1000444,  sysdate, 1, '1', 20, 0.0640334813222445, 0.276196330448704, '21', '2014', '989370280589', '704311959092', '10112', 1000450, '/231', '1000455', '2' );
insert into FIR.DISCREPANCY_RAW values(1000445,  sysdate, 1, '1', 20, 0.652069138666647, 0.267105274958119, '21', '2014', '989370280589', '171319413342', '10112', 1000450, '/231', '1000456', '2' );
insert into FIR.DISCREPANCY_RAW values(1000446,  sysdate, 1, '1', 20, 0.840262095835182, 0.77987187252374, '21', '2014', '989370280589', '929714544701', '10112', 1000450, '/231', '1000457', '2' );
insert into FIR.DISCREPANCY_RAW values(1000447,  sysdate, 1, '1', 20, 0.13275774807332, 0.388856030716028, '21', '2014', '989370280589', '280935328652', '10112', 1000450, '/231', '1000458', '2' );
insert into FIR.DISCREPANCY_RAW values(1000448,  sysdate, 1, '1', 20, 0.595520900839717, 0.704169263925482, '21', '2014', '989370280589', '211936225170', '10113', 1000450, '/231', '1000459', '2' );
insert into FIR.DISCREPANCY_RAW values(1000449,  sysdate, 1, '1', 20, 0.17373222958936, 0.67655142474759, '21', '2014', '989370280589', '339877406821', '10113', 1000450, '/231', '1000460', '2' );
insert into FIR.DISCREPANCY_RAW values(1000450,  sysdate, 1, '1', 20, 0.968550272736954, 0.433690300413263, '21', '2014', '989370280589', '197581421235', '10113', 1000450, '/231', '1000461', '2' );
insert into FIR.DISCREPANCY_RAW values(1000451,  sysdate, 1, '1', 20, 0.783006087310149, 0.901768450579498, '21', '2014', '989370280589', '310793251704', '10113', 1000450, '/231', '1000462', '2' );
insert into FIR.DISCREPANCY_RAW values(1000452,  sysdate, 1, '1', 20, 0.667510486518736, 0.311158416006322, '21', '2014', '989370280589', '438857291765', '10114', 1000450, '/231', '1000463', '2' );
insert into FIR.DISCREPANCY_RAW values(1000453,  sysdate, 1, '1', 20, 0.33879362109061, 0.125462238735269, '21', '2014', '989370280589', '999789560228', '10114', 1000450, '/231', '1000464', '2' );
insert into FIR.DISCREPANCY_RAW values(1000454,  sysdate, 1, '1', 20, 0.25423326494835, 0.277490143327736, '21', '2014', '989370280589', '585145264281', '10114', 1000450, '/231', '1000465', '2' );
insert into FIR.DISCREPANCY_RAW values(1000455,  sysdate, 1, '1', 20, 0.493117298229186, 0.251245597960076, '21', '2014', '989370280589', '956566724676', '10114', 1000450, '/231', '1000466', '2' );
insert into FIR.DISCREPANCY_RAW values(1000456,  sysdate, 1, '1', 20, 0.38591514080107, 0.911570000421056, '21', '2014', '989370280589', '139986560536', '10115', 1000450, '/231', '1000467', '2' );
insert into FIR.DISCREPANCY_RAW values(1000457,  sysdate, 1, '1', 20, 0.794810633545188, 0.701456067478962, '21', '2014', '989370280589', '271594353651', '10115', 1000450, '/231', '1000468', '2' );
insert into FIR.DISCREPANCY_RAW values(1000458,  sysdate, 1, '1', 20, 0.0489509143163222, 0.595963687447814, '21', '2014', '989370280589', '381651310041', '10115', 1000450, '/231', '1000469', '2' );
insert into FIR.DISCREPANCY_RAW values(1000459,  sysdate, 1, '1', 20, 0.473095490351829, 0.446693686510759, '21', '2014', '989370280589', '883702737664', '10115', 1000450, '/231', '1000470', '2' );
insert into FIR.DISCREPANCY_RAW values(1000460,  sysdate, 1, '1', 20, 0.253062774545077, 0.883779520580442, '21', '2014', '989370280589', '327747798141', '10116', 1000450, '/231', '1000471', '2' );
insert into FIR.DISCREPANCY_RAW values(1000461,  sysdate, 1, '1', 20, 0.0261808494227849, 0.0644720173741095, '21', '2014', '989370280589', '298640309913', '10116', 1000450, '/231', '1000472', '2' );
insert into FIR.DISCREPANCY_RAW values(1000462,  sysdate, 1, '1', 20, 0.300564294820914, 0.788553554931913, '21', '2014', '989370280589', '942458115628', '10116', 1000450, '/231', '1000473', '2' );
insert into FIR.DISCREPANCY_RAW values(1000463,  sysdate, 1, '1', 20, 0.484877979608662, 0.101271229377608, '21', '2014', '989370280589', '359550786084', '10116', 1000450, '/231', '1000474', '2' );
insert into FIR.DISCREPANCY_RAW values(1000464,  sysdate, 1, '1', 20, 0.753225250986044, 0.211983226804055, '21', '2014', '989370280589', '312871440586', '10117', 1000450, '/231', '1000475', '2' );
insert into FIR.DISCREPANCY_RAW values(1000465,  sysdate, 1, '1', 20, 0.464969237085883, 0.920866506603019, '21', '2014', '989370280589', '657868366235', '10117', 1000450, '/231', '1000476', '2' );
insert into FIR.DISCREPANCY_RAW values(1000466,  sysdate, 1, '1', 20, 0.0140176303749986, 0.515523353831621, '21', '2014', '989370280589', '762113974621', '10117', 1000450, '/231', '1000477', '2' );
insert into FIR.DISCREPANCY_RAW values(1000467,  sysdate, 1, '1', 20, 0.0480206879079438, 0.69926369548741, '21', '2014', '989370280589', '576134243957', '10117', 1000450, '/231', '1000478', '2' );
insert into FIR.DISCREPANCY_RAW values(1000468,  sysdate, 1, '1', 20, 0.289776417096041, 0.458552776583728, '21', '2014', '989370280589', '468715989270', '10118', 1000450, '/231', '1000479', '2' );
insert into FIR.DISCREPANCY_RAW values(1000469,  sysdate, 1, '1', 20, 0.0750255473307453, 0.951969605848179, '21', '2014', '989370280589', '586749338346', '10118', 1000450, '/231', '1000480', '2' );
insert into FIR.DISCREPANCY_RAW values(1000470,  sysdate, 1, '1', 20, 0.162821620778563, 0.248102803830105, '21', '2014', '989370280589', '961659713590', '10118', 1000450, '/231', '1000481', '2' );
insert into FIR.DISCREPANCY_RAW values(1000471,  sysdate, 1, '1', 20, 0.752864948824451, 0.0732002160852776, '21', '2014', '989370280589', '549301384521', '10118', 1000450, '/231', '1000482', '2' );
insert into FIR.DISCREPANCY_RAW values(1000472,  sysdate, 1, '1', 20, 0.435436275059095, 0.658507954170233, '21', '2014', '989370280589', '367596917971', '10119', 1000450, '/231', '1000483', '2' );
insert into FIR.DISCREPANCY_RAW values(1000473,  sysdate, 1, '1', 20, 0.487258407048536, 0.740164099140169, '21', '2014', '989370280589', '270057508607', '10119', 1000450, '/231', '1000484', '2' );
insert into FIR.DISCREPANCY_RAW values(1000474,  sysdate, 1, '1', 20, 0.581578908758973, 0.633620551151047, '21', '2014', '989370280589', '509730169307', '10119', 1000450, '/231', '1000485', '2' );
insert into FIR.DISCREPANCY_RAW values(1000475,  sysdate, 1, '1', 20, 0.557329364380487, 0.466462855444505, '21', '2014', '989370280589', '127109710308', '10119', 1000450, '/231', '1000486', '2' );
insert into FIR.DISCREPANCY_RAW values(1000476,  sysdate, 1, '1', 20, 0.489710514661721, 0.552842862230187, '21', '2014', '989370280589', '310068808204', '10120', 1000450, '/231', '1000487', '2' );
insert into FIR.DISCREPANCY_RAW values(1000477,  sysdate, 1, '1', 20, 0.935370457328563, 0.626214194868791, '21', '2014', '989370280589', '227978873026', '10120', 1000450, '/231', '1000488', '2' );
insert into FIR.DISCREPANCY_RAW values(1000478,  sysdate, 1, '1', 20, 0.990951773706336, 0.379921426707842, '21', '2014', '989370280589', '949256344940', '10120', 1000450, '/231', '1000489', '2' );
insert into FIR.DISCREPANCY_RAW values(1000479,  sysdate, 1, '1', 20, 0.99323975061683, 0.418841654629838, '21', '2014', '989370280589', '833678953227', '10120', 1000450, '/231', '1000490', '2' );
insert into FIR.DISCREPANCY_RAW values(1000480,  sysdate, 1, '1', 20, 0.932344805417743, 0.903634925793686, '21', '2014', '989370280589', '608672788630', '10121', 1000450, '/231', '1000491', '2' );
insert into FIR.DISCREPANCY_RAW values(1000481,  sysdate, 1, '1', 20, 0.824243944056446, 0.00564037449920567, '21', '2014', '989370280589', '461545144203', '10121', 1000450, '/231', '1000492', '2' );
insert into FIR.DISCREPANCY_RAW values(1000482,  sysdate, 1, '1', 20, 0.0206797518863714, 0.54322583020815, '21', '2014', '989370280589', '418664324046', '10121', 1000450, '/231', '1000493', '2' );
insert into FIR.DISCREPANCY_RAW values(1000483,  sysdate, 1, '1', 20, 0.536133393429282, 0.478444957862815, '21', '2014', '989370280589', '234282198261', '10121', 1000450, '/231', '1000494', '2' );
insert into FIR.DECLARATION values(1000451, '521945334634', '166370886', 'a0e06433-99ae-44dd-a43f-dde27e2704d9', '11', '1111', 0, '23', 1, 1, 0, 0, 0, 0, 0 );
insert into FIR.DECLARATION values(1000452, '825277222552', '176067524', 'ba6abfe4-c5e8-46fc-b0b6-4afe78a75265', '11', '1111', 0, '23', 1, 1, 0, 0, 0, 0, 0 );
insert into FIR.DECLARATION values(1000453, '438545464107', '332854662', '32613732-fe35-47c7-b745-156aa5d4c28a', '11', '1111', 0, '23', 1, 1, 0, 0, 0, 0, 0 );
insert into FIR.DECLARATION values(1000454, '801729240506', '468333977', '9f069e57-fc32-44b4-83aa-f7f84d560873', '11', '1111', 0, '23', 1, 1, 0, 0, 0, 0, 0 );
insert into FIR.DECLARATION values(1000455, '218446715152', '335930440', 'e864abbd-c8a4-4cb8-a3cd-31226ce7b5bd', '11', '1111', 0, '23', 1, 1, 0, 0, 0, 0, 0 );
insert into FIR.DECLARATION values(1000456, '177316964680', '649909510', '35918e3c-da39-4474-b831-22ca55a23fa3', '11', '1111', 0, '23', 1, 1, 0, 0, 0, 0, 0 );
insert into FIR.DECLARATION values(1000457, '258656743069', '949339363', '168bd0eb-3f30-4363-ac48-64b007446bbf', '11', '1111', 0, '23', 1, 1, 0, 0, 0, 0, 0 );
insert into FIR.DECLARATION values(1000458, '800957895494', '431736908', '9df02f9e-0dd6-4aeb-af96-0ec8c50fd6c8', '11', '1111', 0, '23', 1, 1, 0, 0, 0, 0, 0 );
insert into FIR.DECLARATION values(1000459, '626302976956', '824732614', '8c62213d-426c-4de2-9e70-b79cc1565c2c', '11', '1111', 0, '23', 1, 1, 0, 0, 0, 0, 0 );
insert into FIR.DECLARATION values(1000460, '633027886928', '414008513', '1438e99f-31b2-461a-9c64-624ff1097d88', '11', '1111', 0, '23', 1, 1, 0, 0, 0, 0, 0 );
insert into FIR.DECLARATION values(1000461, '947250366003', '865712584', '64768f63-98ef-47df-86b0-57c4ba5bc076', '11', '1111', 0, '23', 1, 1, 0, 0, 0, 0, 0 );
insert into FIR.DECLARATION values(1000462, '608422244336', '945850635', 'ae3eec0e-087a-4ed6-8caf-ae2e8a28a6ef', '11', '1111', 0, '23', 1, 1, 0, 0, 0, 0, 0 );
insert into FIR.DECLARATION values(1000463, '401488283737', '357164950', 'a4211e0f-215d-4cd4-b9f0-ad48e1e2f4f6', '11', '1111', 0, '23', 1, 1, 0, 0, 0, 0, 0 );
insert into FIR.DECLARATION values(1000464, '232466283980', '324549401', '59320efd-6181-4b27-b975-e95d4d468e92', '11', '1111', 0, '23', 1, 1, 0, 0, 0, 0, 0 );
insert into FIR.DECLARATION values(1000465, '557206269608', '612803739', '23acfdd6-53a5-414c-b630-033dc7aab46a', '11', '1111', 0, '23', 1, 1, 0, 0, 0, 0, 0 );
insert into FIR.DECLARATION values(1000466, '307432761580', '445682133', '3fe5cece-6aa8-49fd-9ab9-5ee136435315', '11', '1111', 0, '23', 1, 1, 0, 0, 0, 0, 0 );
insert into FIR.DECLARATION values(1000467, '944481161743', '147690811', 'a6cfe945-f5d7-445b-887e-0c55ae3e767e', '11', '1111', 0, '23', 1, 1, 0, 0, 0, 0, 0 );
insert into FIR.DECLARATION values(1000468, '203762437209', '455132974', 'e0d90389-6752-42a0-a87c-25650fc42dee', '11', '1111', 0, '23', 1, 1, 0, 0, 0, 0, 0 );
insert into FIR.DECLARATION values(1000469, '529327807931', '466660277', '04365eec-44c2-49c4-8cc2-ff90198f0da5', '11', '1111', 0, '23', 1, 1, 0, 0, 0, 0, 0 );
insert into FIR.DECLARATION values(1000470, '851712970089', '718801515', '018473e3-d914-4d70-ac41-cc942e6b2a91', '11', '1111', 0, '23', 1, 1, 0, 0, 0, 0, 0 );
insert into FIR.DECLARATION values(1000471, '299605992168', '812515437', 'a78420a4-ac09-4fea-9375-6d96ccfb5efd', '11', '1111', 0, '23', 1, 1, 0, 0, 0, 0, 0 );
insert into FIR.DECLARATION values(1000472, '731890993332', '686427340', '62503f8d-db2a-4b89-b3cb-795dd882ae76', '11', '1111', 0, '23', 1, 1, 0, 0, 0, 0, 0 );
insert into FIR.DECLARATION values(1000473, '813251419204', '919508816', '2b24bac9-1315-416d-8e40-c4872aaaa8c0', '11', '1111', 0, '23', 1, 1, 0, 0, 0, 0, 0 );
insert into FIR.DECLARATION values(1000474, '254813895588', '664767366', '5e8df832-6cfd-4b72-b941-35f7a61f6864', '11', '1111', 0, '23', 1, 1, 0, 0, 0, 0, 0 );
insert into FIR.DECLARATION values(1000475, '544784506837', '334054248', '28a66e7a-ac86-418c-8064-e11836447aa1', '11', '1111', 0, '23', 1, 1, 0, 0, 0, 0, 0 );
insert into FIR.DECLARATION values(1000476, '564713301645', '529614294', '62d4c219-6674-4190-bbe2-00a73873f20f', '11', '1111', 0, '23', 1, 1, 0, 0, 0, 0, 0 );
insert into FIR.DECLARATION values(1000477, '270687316942', '401058350', '3a06b276-c81f-4c69-9e3c-f1598983a627', '11', '1111', 0, '23', 1, 1, 0, 0, 0, 0, 0 );
insert into FIR.DECLARATION values(1000478, '966735285568', '622369441', '5c3e670c-2cf0-4546-a85f-c676e5b655a2', '11', '1111', 0, '23', 1, 1, 0, 0, 0, 0, 0 );
insert into FIR.DECLARATION values(1000479, '491954766932', '423012769', '9872df4b-b4df-4c0b-b703-e1ff4e32621e', '11', '1111', 0, '23', 1, 1, 0, 0, 0, 0, 0 );
insert into FIR.DECLARATION values(1000480, '526758657685', '479714858', '1f14ad3d-4ae6-47aa-9e70-d1ed3fdc7336', '11', '1111', 0, '23', 1, 1, 0, 0, 0, 0, 0 );
insert into FIR.DECLARATION values(1000481, '556223466525', '912707572', '2192654e-a3c3-4dd6-878d-1cbb69825a6e', '11', '1111', 0, '23', 1, 1, 0, 0, 0, 0, 0 );
insert into FIR.DECLARATION values(1000482, '918510665535', '141847791', 'fd75d056-d6bf-4640-b160-eb94f1aa08bf', '11', '1111', 0, '23', 1, 1, 0, 0, 0, 0, 0 );
insert into FIR.DECLARATION values(1000483, '364587452682', '783968467', 'c6ff00eb-31e1-4e9d-9ada-80f1069a8670', '11', '1111', 0, '23', 1, 1, 0, 0, 0, 0, 0 );
insert into FIR.DECLARATION values(1000484, '441125171524', '393479484', '794c49a3-b83a-4543-aa7d-7f1db4d455f2', '11', '1111', 0, '23', 1, 1, 0, 0, 0, 0, 0 );
insert into FIR.DECLARATION values(1000485, '712289737033', '325750708', 'a2ae2406-c950-4c60-8b51-8d4237a2eae9', '11', '1111', 0, '23', 1, 1, 0, 0, 0, 0, 0 );
insert into FIR.DECLARATION values(1000486, '250601792821', '758399256', 'cfacd048-1a2d-4e26-b862-e6b9ec248e6c', '11', '1111', 0, '23', 1, 1, 0, 0, 0, 0, 0 );
insert into FIR.DECLARATION values(1000487, '865114799690', '220376354', '90e87214-429e-495a-9b78-782b939d0e56', '11', '1111', 0, '23', 1, 1, 0, 0, 0, 0, 0 );
insert into FIR.DECLARATION values(1000488, '737333315470', '796897490', 'b80f9821-199b-48ae-b2e0-3fcfe64c24de', '11', '1111', 0, '23', 1, 1, 0, 0, 0, 0, 0 );
insert into FIR.DECLARATION values(1000489, '406640124429', '760979168', '82a04101-358e-49d9-b180-75c65eacc213', '11', '1111', 0, '23', 1, 1, 0, 0, 0, 0, 0 );
insert into FIR.DECLARATION values(1000490, '231732390649', '170171603', '58715881-d750-45ea-88ba-fc855e65ed82', '11', '1111', 0, '23', 1, 1, 0, 0, 0, 0, 0 );
insert into FIR.DECLARATION values(1000491, '688663762887', '343418996', '8864d57a-0e4a-4f97-90a9-a5d54e73bb8e', '11', '1111', 0, '23', 1, 1, 0, 0, 0, 0, 0 );
insert into FIR.DECLARATION values(1000492, '512864396293', '487443436', '95311ac2-d1bf-4390-9a58-cddc1ef54981', '11', '1111', 0, '23', 1, 1, 0, 0, 0, 0, 0 );
insert into FIR.DECLARATION values(1000493, '947139337588', '626365673', 'bf6af11d-2d3b-4517-8eb5-03e66e79f195', '11', '1111', 0, '23', 1, 1, 0, 0, 0, 0, 0 );
insert into FIR.DECLARATION values(1000494, '503845798690', '154297781', 'ec189ea7-3f0c-434e-9817-ab49fbd4e050', '11', '1111', 0, '23', 1, 1, 0, 0, 0, 0, 0 );
insert into FIR.DECLARATION values(1000495, '956533810636', '925011759', '80425eaf-8256-43cf-8c44-08b694400e5b', '52', '5252', 1, '23', 1, 1, 44, 19.00261513702692852, 0.988111549517192, 0.00425060279865312, 0.4318776167506120118181818182 );
insert into FIR.DISCREPANCY_RAW values(1000484,  sysdate, 1, '1', 20, 0.2554805806165, 0.24875777878275, '23', '2014', '956533810636', '912281989641', '10122', 1000495, '/231', '1000496', '2' );
insert into FIR.DISCREPANCY_RAW values(1000485,  sysdate, 1, '1', 20, 0.400789898075531, 0.903031535401489, '23', '2014', '956533810636', '654973736521', '10122', 1000495, '/231', '1000497', '2' );
insert into FIR.DISCREPANCY_RAW values(1000486,  sysdate, 1, '1', 20, 0.316857089901742, 0.943936763770849, '23', '2014', '956533810636', '784694110886', '10122', 1000495, '/231', '1000498', '2' );
insert into FIR.DISCREPANCY_RAW values(1000487,  sysdate, 1, '1', 20, 0.613899024023627, 0.582814715608402, '23', '2014', '956533810636', '971645625649', '10122', 1000495, '/231', '1000499', '2' );
insert into FIR.DISCREPANCY_RAW values(1000488,  sysdate, 1, '1', 20, 0.618377697942023, 0.923068911732672, '23', '2014', '956533810636', '692723204131', '10123', 1000495, '/231', '1000500', '2' );
insert into FIR.DISCREPANCY_RAW values(1000489,  sysdate, 1, '1', 20, 0.461362465965265, 0.353731314816387, '23', '2014', '956533810636', '839024143620', '10123', 1000495, '/231', '1000501', '2' );
insert into FIR.DISCREPANCY_RAW values(1000490,  sysdate, 1, '1', 20, 0.854449328898661, 0.988111549517192, '23', '2014', '956533810636', '632832263726', '10123', 1000495, '/231', '1000502', '2' );
insert into FIR.DISCREPANCY_RAW values(1000491,  sysdate, 1, '1', 20, 0.4470223670113, 0.221945816754338, '23', '2014', '956533810636', '924699848014', '10123', 1000495, '/231', '1000503', '2' );
insert into FIR.DISCREPANCY_RAW values(1000492,  sysdate, 1, '1', 20, 0.848599240113329, 0.357484087514451, '23', '2014', '956533810636', '727414994539', '10124', 1000495, '/231', '1000504', '2' );
insert into FIR.DISCREPANCY_RAW values(1000493,  sysdate, 1, '1', 20, 0.481357093193269, 0.0760465185512074, '23', '2014', '956533810636', '502720132097', '10124', 1000495, '/231', '1000505', '2' );
insert into FIR.DISCREPANCY_RAW values(1000494,  sysdate, 1, '1', 20, 0.971569287577444, 0.264467936132321, '23', '2014', '956533810636', '562964526045', '10124', 1000495, '/231', '1000506', '2' );
insert into FIR.DISCREPANCY_RAW values(1000495,  sysdate, 1, '1', 20, 0.2712009908963, 0.475191738212105, '23', '2014', '956533810636', '994400583282', '10124', 1000495, '/231', '1000507', '2' );
insert into FIR.DISCREPANCY_RAW values(1000496,  sysdate, 1, '1', 20, 0.231356169204859, 0.143188044029841, '23', '2014', '956533810636', '629654903419', '10125', 1000495, '/231', '1000508', '2' );
insert into FIR.DISCREPANCY_RAW values(1000497,  sysdate, 1, '1', 20, 0.716819580046842, 0.617201831013524, '23', '2014', '956533810636', '952516254149', '10125', 1000495, '/231', '1000509', '2' );
insert into FIR.DISCREPANCY_RAW values(1000498,  sysdate, 1, '1', 20, 0.891462513660762, 0.467683001639174, '23', '2014', '956533810636', '761333160012', '10125', 1000495, '/231', '1000510', '2' );
insert into FIR.DISCREPANCY_RAW values(1000499,  sysdate, 1, '1', 20, 0.856741754271436, 0.492381036510868, '23', '2014', '956533810636', '688024457635', '10125', 1000495, '/231', '1000511', '2' );
insert into FIR.DISCREPANCY_RAW values(1000500,  sysdate, 1, '1', 20, 0.657492551793108, 0.33793800665901, '23', '2014', '956533810636', '954478808472', '10126', 1000495, '/231', '1000512', '2' );
insert into FIR.DISCREPANCY_RAW values(1000501,  sysdate, 1, '1', 20, 0.301557687251623, 0.252254500171288, '23', '2014', '956533810636', '228255811915', '10126', 1000495, '/231', '1000513', '2' );
insert into FIR.DISCREPANCY_RAW values(1000502,  sysdate, 1, '1', 20, 0.119997864179312, 0.383049050990049, '23', '2014', '956533810636', '117624129554', '10126', 1000495, '/231', '1000514', '2' );
insert into FIR.DISCREPANCY_RAW values(1000503,  sysdate, 1, '1', 20, 0.43400394471083, 0.115242120863517, '23', '2014', '956533810636', '995434896214', '10126', 1000495, '/231', '1000515', '2' );
insert into FIR.DISCREPANCY_RAW values(1000504,  sysdate, 1, '1', 20, 0.120776281748328, 0.069448485071514, '23', '2014', '956533810636', '925023846890', '10127', 1000495, '/231', '1000516', '2' );
insert into FIR.DISCREPANCY_RAW values(1000505,  sysdate, 1, '1', 20, 0.584566719636585, 0.00425060279865312, '23', '2014', '956533810636', '235346682859', '10127', 1000495, '/231', '1000517', '2' );
insert into FIR.DISCREPANCY_RAW values(1000506,  sysdate, 1, '1', 20, 0.133698306574346, 0.136202732630168, '23', '2014', '956533810636', '430457788683', '10127', 1000495, '/231', '1000518', '2' );
insert into FIR.DISCREPANCY_RAW values(1000507,  sysdate, 1, '1', 20, 0.346967798819285, 0.393779955522055, '23', '2014', '956533810636', '819671646875', '10127', 1000495, '/231', '1000519', '2' );
insert into FIR.DISCREPANCY_RAW values(1000508,  sysdate, 1, '1', 20, 0.907422658478572, 0.625438047398551, '23', '2014', '956533810636', '375022662969', '10128', 1000495, '/231', '1000520', '2' );
insert into FIR.DISCREPANCY_RAW values(1000509,  sysdate, 1, '1', 20, 0.307829108232553, 0.594648898390424, '23', '2014', '956533810636', '139957980536', '10128', 1000495, '/231', '1000521', '2' );
insert into FIR.DISCREPANCY_RAW values(1000510,  sysdate, 1, '1', 20, 0.57540437140288, 0.788033890904874, '23', '2014', '956533810636', '530536464284', '10128', 1000495, '/231', '1000522', '2' );
insert into FIR.DISCREPANCY_RAW values(1000511,  sysdate, 1, '1', 20, 0.0619915598360782, 0.367887981407292, '23', '2014', '956533810636', '649352934399', '10128', 1000495, '/231', '1000523', '2' );
insert into FIR.DISCREPANCY_RAW values(1000512,  sysdate, 1, '1', 20, 0.52502502059798, 0.659751634420711, '23', '2014', '956533810636', '627646313432', '10129', 1000495, '/231', '1000524', '2' );
insert into FIR.DISCREPANCY_RAW values(1000513,  sysdate, 1, '1', 20, 0.09674024586414, 0.216303835258029, '23', '2014', '956533810636', '537685224339', '10129', 1000495, '/231', '1000525', '2' );
insert into FIR.DISCREPANCY_RAW values(1000514,  sysdate, 1, '1', 20, 0.68725633047859, 0.240051030293131, '23', '2014', '956533810636', '284609910144', '10129', 1000495, '/231', '1000526', '2' );
insert into FIR.DISCREPANCY_RAW values(1000515,  sysdate, 1, '1', 20, 0.953746328574487, 0.289029561583432, '23', '2014', '956533810636', '251633745984', '10129', 1000495, '/231', '1000527', '2' );
insert into FIR.DISCREPANCY_RAW values(1000516,  sysdate, 1, '1', 20, 0.381166756796263, 0.34108892378448, '23', '2014', '956533810636', '651474451514', '10130', 1000495, '/231', '1000528', '2' );
insert into FIR.DISCREPANCY_RAW values(1000517,  sysdate, 1, '1', 20, 0.443689148614038, 0.822212042204203, '23', '2014', '956533810636', '623563121526', '10130', 1000495, '/231', '1000529', '2' );
insert into FIR.DISCREPANCY_RAW values(1000518,  sysdate, 1, '1', 20, 0.83300382403331, 0.126831996313684, '23', '2014', '956533810636', '434781865423', '10130', 1000495, '/231', '1000530', '2' );
insert into FIR.DISCREPANCY_RAW values(1000519,  sysdate, 1, '1', 20, 0.507735437949996, 0.666702232634044, '23', '2014', '956533810636', '558866558613', '10130', 1000495, '/231', '1000531', '2' );
insert into FIR.DISCREPANCY_RAW values(1000520,  sysdate, 1, '1', 20, 0.491786322319781, 0.646341345108273, '23', '2014', '956533810636', '589156429434', '10131', 1000495, '/231', '1000532', '2' );
insert into FIR.DISCREPANCY_RAW values(1000521,  sysdate, 1, '1', 20, 0.0288883489691132, 0.105458393742078, '23', '2014', '956533810636', '884925163117', '10131', 1000495, '/231', '1000533', '2' );
insert into FIR.DISCREPANCY_RAW values(1000522,  sysdate, 1, '1', 20, 0.718706326428198, 0.37499899015529, '23', '2014', '956533810636', '730820189935', '10131', 1000495, '/231', '1000534', '2' );
insert into FIR.DISCREPANCY_RAW values(1000523,  sysdate, 1, '1', 20, 0.554279704370666, 0.527911113820929, '23', '2014', '956533810636', '872714304433', '10131', 1000495, '/231', '1000535', '2' );
insert into FIR.DISCREPANCY_RAW values(1000524,  sysdate, 1, '1', 20, 0.561043816879878, 0.249271222971972, '23', '2014', '956533810636', '168078482805', '10132', 1000495, '/231', '1000536', '2' );
insert into FIR.DISCREPANCY_RAW values(1000525,  sysdate, 1, '1', 20, 0.875392057409227, 0.791551600113302, '23', '2014', '956533810636', '629722923544', '10132', 1000495, '/231', '1000537', '2' );
insert into FIR.DISCREPANCY_RAW values(1000526,  sysdate, 1, '1', 20, 0.910683948039396, 0.547858602622458, '23', '2014', '956533810636', '483902984413', '10132', 1000495, '/231', '1000538', '2' );
insert into FIR.DISCREPANCY_RAW values(1000527,  sysdate, 1, '1', 20, 0.737766045023578, 0.270035759205947, '23', '2014', '956533810636', '615203570146', '10132', 1000495, '/231', '1000539', '2' );
insert into FIR.DECLARATION values(1000496, '751949134181', '654764431', 'bef74e6b-76eb-48ba-9316-36fe795d703e', '11', '1111', 0, '23', 1, 1, 0, 0, 0, 0, 0 );
insert into FIR.DECLARATION values(1000497, '789671596176', '993838222', '333bc330-33ff-4b95-a362-b6dbf1ba6d86', '11', '1111', 0, '23', 1, 1, 0, 0, 0, 0, 0 );
insert into FIR.DECLARATION values(1000498, '912528509498', '646092354', '293f3eb9-908e-4780-9dd1-d68a831409cf', '11', '1111', 0, '23', 1, 1, 0, 0, 0, 0, 0 );
insert into FIR.DECLARATION values(1000499, '911702662730', '490830867', '915067ea-a67c-4bd6-9c59-86d959c49a6c', '11', '1111', 0, '23', 1, 1, 0, 0, 0, 0, 0 );
insert into FIR.DECLARATION values(1000500, '958737251570', '996437960', '3d453dc3-0ec4-471a-a549-197af7abe17b', '11', '1111', 0, '23', 1, 1, 0, 0, 0, 0, 0 );
insert into FIR.DECLARATION values(1000501, '586958831895', '455390650', 'c1c41542-a4d2-48f6-afdc-cd66e8eb8f87', '11', '1111', 0, '23', 1, 1, 0, 0, 0, 0, 0 );
insert into FIR.DECLARATION values(1000502, '326845624234', '174057427', '6bff387e-9af7-461e-81a9-8cb95c2e91a4', '11', '1111', 0, '23', 1, 1, 0, 0, 0, 0, 0 );
insert into FIR.DECLARATION values(1000503, '681113630836', '120513526', 'e430ae2f-4da4-4964-85a5-c216e29a943f', '11', '1111', 0, '23', 1, 1, 0, 0, 0, 0, 0 );
insert into FIR.DECLARATION values(1000504, '929170239126', '299589993', 'f4269225-8cc5-4d7a-ac67-465d9438fa53', '11', '1111', 0, '23', 1, 1, 0, 0, 0, 0, 0 );
insert into FIR.DECLARATION values(1000505, '284074660797', '680997253', 'b4b4a116-e922-4448-818d-75f950c968d9', '11', '1111', 0, '23', 1, 1, 0, 0, 0, 0, 0 );
insert into FIR.DECLARATION values(1000506, '520335401823', '838112825', 'ec501afa-4052-4c09-9ca7-af10085fc3a6', '11', '1111', 0, '23', 1, 1, 0, 0, 0, 0, 0 );
insert into FIR.DECLARATION values(1000507, '661762756510', '435156446', 'aa3afd97-e9bd-466f-9d96-3879f9493e6b', '11', '1111', 0, '23', 1, 1, 0, 0, 0, 0, 0 );
insert into FIR.DECLARATION values(1000508, '803037820283', '836554299', '96ef62b5-905b-4cab-b8fa-f01d604fc3a9', '11', '1111', 0, '23', 1, 1, 0, 0, 0, 0, 0 );
insert into FIR.DECLARATION values(1000509, '187988257435', '751672660', 'a8074139-4d80-4256-876e-3477712b9c17', '11', '1111', 0, '23', 1, 1, 0, 0, 0, 0, 0 );
insert into FIR.DECLARATION values(1000510, '645603505299', '409502716', '2c0610a5-a956-4d6a-8e2f-674462bd25ce', '11', '1111', 0, '23', 1, 1, 0, 0, 0, 0, 0 );
insert into FIR.DECLARATION values(1000511, '228481556274', '963318380', '16c81c6c-2155-4f7e-b499-a6554aef8f2b', '11', '1111', 0, '23', 1, 1, 0, 0, 0, 0, 0 );
insert into FIR.DECLARATION values(1000512, '525218858443', '262367245', '2f72db3d-1acd-492a-b0b4-2387642292ff', '11', '1111', 0, '23', 1, 1, 0, 0, 0, 0, 0 );
insert into FIR.DECLARATION values(1000513, '452805475797', '511112881', 'e4efab17-0858-4cf1-8f22-b549cf15256a', '11', '1111', 0, '23', 1, 1, 0, 0, 0, 0, 0 );
insert into FIR.DECLARATION values(1000514, '163062502328', '472657812', '2b21de76-ea63-4fea-b9ef-672d52fdf893', '11', '1111', 0, '23', 1, 1, 0, 0, 0, 0, 0 );
insert into FIR.DECLARATION values(1000515, '620687663919', '475062862', 'fc8d91dd-1fb8-4baf-a3a8-7fe62425b2e7', '11', '1111', 0, '23', 1, 1, 0, 0, 0, 0, 0 );
insert into FIR.DECLARATION values(1000516, '667545765197', '848576970', '6890fb8e-b826-4011-a863-ad720a846809', '11', '1111', 0, '23', 1, 1, 0, 0, 0, 0, 0 );
insert into FIR.DECLARATION values(1000517, '220867852236', '425854987', 'f6f067c0-39fb-4fd8-aa58-9b766067c63e', '11', '1111', 0, '23', 1, 1, 0, 0, 0, 0, 0 );
insert into FIR.DECLARATION values(1000518, '763768106654', '451799518', '220fbb08-248a-42f0-ac2c-f8c9176b8f47', '11', '1111', 0, '23', 1, 1, 0, 0, 0, 0, 0 );
insert into FIR.DECLARATION values(1000519, '543400774385', '486306538', '5de4535e-d7cd-4720-8303-b89b1af2e9c6', '11', '1111', 0, '23', 1, 1, 0, 0, 0, 0, 0 );
insert into FIR.DECLARATION values(1000520, '876477925579', '933606733', '099835e1-344a-416e-b3b2-5c9a3d7df645', '11', '1111', 0, '23', 1, 1, 0, 0, 0, 0, 0 );
insert into FIR.DECLARATION values(1000521, '390554302836', '394517974', '7df006ec-82e0-446e-8bf6-fdfcb3c6756d', '11', '1111', 0, '23', 1, 1, 0, 0, 0, 0, 0 );
insert into FIR.DECLARATION values(1000522, '932349733700', '181589388', '6e9373c0-5e11-43f8-ba68-64e5ceb89a5e', '11', '1111', 0, '23', 1, 1, 0, 0, 0, 0, 0 );
insert into FIR.DECLARATION values(1000523, '375529521724', '601976691', 'df5a8dc2-36bb-4c11-be28-5715c1fb8b87', '11', '1111', 0, '23', 1, 1, 0, 0, 0, 0, 0 );
insert into FIR.DECLARATION values(1000524, '794639665164', '966906725', '0f23c02c-4989-4ebe-a875-b46e56abf15e', '11', '1111', 0, '23', 1, 1, 0, 0, 0, 0, 0 );
insert into FIR.DECLARATION values(1000525, '316260672831', '780841524', '06a38182-5eb3-4d68-a132-41615d251a19', '11', '1111', 0, '23', 1, 1, 0, 0, 0, 0, 0 );
insert into FIR.DECLARATION values(1000526, '931810967070', '216220709', '26809842-b7b0-4b20-9f9a-42cc60b05730', '11', '1111', 0, '23', 1, 1, 0, 0, 0, 0, 0 );
insert into FIR.DECLARATION values(1000527, '377929111460', '642374943', 'e33970a0-9869-4f1b-8d83-2a993469a0e9', '11', '1111', 0, '23', 1, 1, 0, 0, 0, 0, 0 );
insert into FIR.DECLARATION values(1000528, '349320925128', '897985137', 'e45efef6-b273-4352-9ee7-0527ce7ffead', '11', '1111', 0, '23', 1, 1, 0, 0, 0, 0, 0 );
insert into FIR.DECLARATION values(1000529, '662135712532', '612070738', 'c71dbe8e-4fb0-43ae-a21e-5320a8cc1f78', '11', '1111', 0, '23', 1, 1, 0, 0, 0, 0, 0 );
insert into FIR.DECLARATION values(1000530, '471373494775', '425060749', '7b9402f3-3a3d-4df2-bae2-dc045b465b57', '11', '1111', 0, '23', 1, 1, 0, 0, 0, 0, 0 );
insert into FIR.DECLARATION values(1000531, '837783608632', '726822897', '2dd79b4c-1668-41f3-b1a0-b1d1367ced14', '11', '1111', 0, '23', 1, 1, 0, 0, 0, 0, 0 );
insert into FIR.DECLARATION values(1000532, '617650521223', '191180955', '0c4eb8e5-bbea-4a0f-9e72-93a182bec834', '11', '1111', 0, '23', 1, 1, 0, 0, 0, 0, 0 );
insert into FIR.DECLARATION values(1000533, '542884475201', '864914801', '0b17281d-b668-466d-9484-d7c1d957fbd4', '11', '1111', 0, '23', 1, 1, 0, 0, 0, 0, 0 );
insert into FIR.DECLARATION values(1000534, '550007819538', '270841573', '63ba7380-9605-41d5-b2f8-97db082ad4e0', '11', '1111', 0, '23', 1, 1, 0, 0, 0, 0, 0 );
insert into FIR.DECLARATION values(1000535, '855668346760', '950045417', 'f18d9423-66e0-438c-9c8e-aff8a9d9498f', '11', '1111', 0, '23', 1, 1, 0, 0, 0, 0, 0 );
insert into FIR.DECLARATION values(1000536, '423179985830', '243918800', 'ed4984a7-41c1-4580-a205-63520379a6a9', '11', '1111', 0, '23', 1, 1, 0, 0, 0, 0, 0 );
insert into FIR.DECLARATION values(1000537, '691869586170', '340139984', 'a9fc1292-4665-4771-8022-24b72bf60596', '11', '1111', 0, '23', 1, 1, 0, 0, 0, 0, 0 );
insert into FIR.DECLARATION values(1000538, '497922975634', '561263520', '13868d7f-d9e4-40fd-98e9-4fdef2b3d526', '11', '1111', 0, '23', 1, 1, 0, 0, 0, 0, 0 );
insert into FIR.DECLARATION values(1000539, '728268132909', '411829596', 'bac88254-dca6-46e7-874d-791d02acfeea', '11', '1111', 0, '23', 1, 1, 0, 0, 0, 0, 0 );
insert into FIR.DECLARATION values(1000540, '300544314128', '279835294', 'aeb98e3b-4bd8-41eb-ad70-faaaed449115', '52', '5252', 1, '23', 1, 1, 44, 22.3490797073343205, 0.9814295796591, 0.0688883737050408, 0.5079336297121436477272727273 );
insert into FIR.DISCREPANCY_RAW values(1000528,  sysdate, 1, '1', 20, 0.710686767339095, 0.369191862814683, '23', '2014', '300544314128', '475747599618', '10133', 1000540, '/231', '1000541', '2' );
insert into FIR.DISCREPANCY_RAW values(1000529,  sysdate, 1, '1', 20, 0.699477073596547, 0.224732884310527, '23', '2014', '300544314128', '371832853871', '10133', 1000540, '/231', '1000542', '2' );
insert into FIR.DISCREPANCY_RAW values(1000530,  sysdate, 1, '1', 20, 0.714454843064051, 0.877867916076383, '23', '2014', '300544314128', '170714456286', '10133', 1000540, '/231', '1000543', '2' );
insert into FIR.DISCREPANCY_RAW values(1000531,  sysdate, 1, '1', 20, 0.546313669321273, 0.14412392729154, '23', '2014', '300544314128', '264030946698', '10133', 1000540, '/231', '1000544', '2' );
insert into FIR.DISCREPANCY_RAW values(1000532,  sysdate, 1, '1', 20, 0.856289376437799, 0.335693060576773, '23', '2014', '300544314128', '293773246442', '10134', 1000540, '/231', '1000545', '2' );
insert into FIR.DISCREPANCY_RAW values(1000533,  sysdate, 1, '1', 20, 0.0724567212501805, 0.827561970254202, '23', '2014', '300544314128', '465894311387', '10134', 1000540, '/231', '1000546', '2' );
insert into FIR.DISCREPANCY_RAW values(1000534,  sysdate, 1, '1', 20, 0.180797962090372, 0.0942633199013133, '23', '2014', '300544314128', '641817352435', '10134', 1000540, '/231', '1000547', '2' );
insert into FIR.DISCREPANCY_RAW values(1000535,  sysdate, 1, '1', 20, 0.283387443648366, 0.890905233980578, '23', '2014', '300544314128', '947919689855', '10134', 1000540, '/231', '1000548', '2' );
insert into FIR.DISCREPANCY_RAW values(1000536,  sysdate, 1, '1', 20, 0.470176283489064, 0.137323388428112, '23', '2014', '300544314128', '792066821248', '10135', 1000540, '/231', '1000549', '2' );
insert into FIR.DISCREPANCY_RAW values(1000537,  sysdate, 1, '1', 20, 0.746850790803717, 0.808681975495388, '23', '2014', '300544314128', '561266841031', '10135', 1000540, '/231', '1000550', '2' );
insert into FIR.DISCREPANCY_RAW values(1000538,  sysdate, 1, '1', 20, 0.994307562706204, 0.74825186503504, '23', '2014', '300544314128', '139896578917', '10135', 1000540, '/231', '1000551', '2' );
insert into FIR.DISCREPANCY_RAW values(1000539,  sysdate, 1, '1', 20, 0.0711511588055413, 0.638589447661577, '23', '2014', '300544314128', '240989699487', '10135', 1000540, '/231', '1000552', '2' );
insert into FIR.DISCREPANCY_RAW values(1000540,  sysdate, 1, '1', 20, 0.474948917736741, 0.791578935827864, '23', '2014', '300544314128', '630940388003', '10136', 1000540, '/231', '1000553', '2' );
insert into FIR.DISCREPANCY_RAW values(1000541,  sysdate, 1, '1', 20, 0.911661504726699, 0.567817625388418, '23', '2014', '300544314128', '723763581639', '10136', 1000540, '/231', '1000554', '2' );
insert into FIR.DISCREPANCY_RAW values(1000542,  sysdate, 1, '1', 20, 0.230867933123777, 0.559871105272263, '23', '2014', '300544314128', '859237906240', '10136', 1000540, '/231', '1000555', '2' );
insert into FIR.DISCREPANCY_RAW values(1000543,  sysdate, 1, '1', 20, 0.276862482203572, 0.300377655914229, '23', '2014', '300544314128', '685997742004', '10136', 1000540, '/231', '1000556', '2' );
insert into FIR.DISCREPANCY_RAW values(1000544,  sysdate, 1, '1', 20, 0.251257746131745, 0.69668631427767, '23', '2014', '300544314128', '351893528056', '10137', 1000540, '/231', '1000557', '2' );
insert into FIR.DISCREPANCY_RAW values(1000545,  sysdate, 1, '1', 20, 0.22843542426286, 0.953602525849642, '23', '2014', '300544314128', '211773312757', '10137', 1000540, '/231', '1000558', '2' );
insert into FIR.DISCREPANCY_RAW values(1000546,  sysdate, 1, '1', 20, 0.0568784084435918, 0.800399440713413, '23', '2014', '300544314128', '769700270981', '10137', 1000540, '/231', '1000559', '2' );
insert into FIR.DISCREPANCY_RAW values(1000547,  sysdate, 1, '1', 20, 0.523384114039775, 0.250703426194705, '23', '2014', '300544314128', '472941687236', '10137', 1000540, '/231', '1000560', '2' );
insert into FIR.DISCREPANCY_RAW values(1000548,  sysdate, 1, '1', 20, 0.120416193790928, 0.399758275318778, '23', '2014', '300544314128', '587925247685', '10138', 1000540, '/231', '1000561', '2' );
insert into FIR.DISCREPANCY_RAW values(1000549,  sysdate, 1, '1', 20, 0.525674156623741, 0.258412495375803, '23', '2014', '300544314128', '885841948401', '10138', 1000540, '/231', '1000562', '2' );
insert into FIR.DISCREPANCY_RAW values(1000550,  sysdate, 1, '1', 20, 0.652635552758647, 0.0688883737050408, '23', '2014', '300544314128', '718220304942', '10138', 1000540, '/231', '1000563', '2' );
insert into FIR.DISCREPANCY_RAW values(1000551,  sysdate, 1, '1', 20, 0.722353217994027, 0.25899931753939, '23', '2014', '300544314128', '973380764396', '10138', 1000540, '/231', '1000564', '2' );
insert into FIR.DISCREPANCY_RAW values(1000552,  sysdate, 1, '1', 20, 0.677040771430843, 0.798136704041686, '23', '2014', '300544314128', '672640138852', '10139', 1000540, '/231', '1000565', '2' );
insert into FIR.DISCREPANCY_RAW values(1000553,  sysdate, 1, '1', 20, 0.793533651993393, 0.351621670812192, '23', '2014', '300544314128', '656813237152', '10139', 1000540, '/231', '1000566', '2' );
insert into FIR.DISCREPANCY_RAW values(1000554,  sysdate, 1, '1', 20, 0.57674995650386, 0.334847364730596, '23', '2014', '300544314128', '892040426960', '10139', 1000540, '/231', '1000567', '2' );
insert into FIR.DISCREPANCY_RAW values(1000555,  sysdate, 1, '1', 20, 0.773402269358468, 0.130175269735127, '23', '2014', '300544314128', '744760116627', '10139', 1000540, '/231', '1000568', '2' );
insert into FIR.DISCREPANCY_RAW values(1000556,  sysdate, 1, '1', 20, 0.143368296391968, 0.0825553741690495, '23', '2014', '300544314128', '698719426935', '10140', 1000540, '/231', '1000569', '2' );
insert into FIR.DISCREPANCY_RAW values(1000557,  sysdate, 1, '1', 20, 0.244456025419969, 0.0837295572663329, '23', '2014', '300544314128', '303334354175', '10140', 1000540, '/231', '1000570', '2' );
insert into FIR.DISCREPANCY_RAW values(1000558,  sysdate, 1, '1', 20, 0.818091447380414, 0.565676082189044, '23', '2014', '300544314128', '232633637444', '10140', 1000540, '/231', '1000571', '2' );
insert into FIR.DISCREPANCY_RAW values(1000559,  sysdate, 1, '1', 20, 0.62011789140297, 0.701886931295454, '23', '2014', '300544314128', '128172147078', '10140', 1000540, '/231', '1000572', '2' );
insert into FIR.DISCREPANCY_RAW values(1000560,  sysdate, 1, '1', 20, 0.544062612831622, 0.752546962701039, '23', '2014', '300544314128', '740618312574', '10141', 1000540, '/231', '1000573', '2' );
insert into FIR.DISCREPANCY_RAW values(1000561,  sysdate, 1, '1', 20, 0.0969819850739939, 0.9814295796591, '23', '2014', '300544314128', '392673530030', '10141', 1000540, '/231', '1000574', '2' );
insert into FIR.DISCREPANCY_RAW values(1000562,  sysdate, 1, '1', 20, 0.217906600897157, 0.112418869096981, '23', '2014', '300544314128', '832579427526', '10141', 1000540, '/231', '1000575', '2' );
insert into FIR.DISCREPANCY_RAW values(1000563,  sysdate, 1, '1', 20, 0.568461834717757, 0.535063104487519, '23', '2014', '300544314128', '607722632716', '10141', 1000540, '/231', '1000576', '2' );
insert into FIR.DISCREPANCY_RAW values(1000564,  sysdate, 1, '1', 20, 0.907471137078233, 0.92296209462125, '23', '2014', '300544314128', '968838588993', '10142', 1000540, '/231', '1000577', '2' );
insert into FIR.DISCREPANCY_RAW values(1000565,  sysdate, 1, '1', 20, 0.323585184907348, 0.707158982151728, '23', '2014', '300544314128', '132055316103', '10142', 1000540, '/231', '1000578', '2' );
insert into FIR.DISCREPANCY_RAW values(1000566,  sysdate, 1, '1', 20, 0.364251276647789, 0.166555365159435, '23', '2014', '300544314128', '407137914370', '10142', 1000540, '/231', '1000579', '2' );
insert into FIR.DISCREPANCY_RAW values(1000567,  sysdate, 1, '1', 20, 0.733401798053366, 0.35247597114764, '23', '2014', '300544314128', '931647769869', '10142', 1000540, '/231', '1000580', '2' );
insert into FIR.DISCREPANCY_RAW values(1000568,  sysdate, 1, '1', 20, 0.355869282668396, 0.653884295678644, '23', '2014', '300544314128', '936455349798', '10143', 1000540, '/231', '1000581', '2' );
insert into FIR.DISCREPANCY_RAW values(1000569,  sysdate, 1, '1', 20, 0.973302700078721, 0.90445663077033, '23', '2014', '300544314128', '179333564292', '10143', 1000540, '/231', '1000582', '2' );
insert into FIR.DISCREPANCY_RAW values(1000570,  sysdate, 1, '1', 20, 0.760714565292334, 0.557509996722224, '23', '2014', '300544314128', '557085970523', '10143', 1000540, '/231', '1000583', '2' );
insert into FIR.DISCREPANCY_RAW values(1000571,  sysdate, 1, '1', 20, 0.0368304848842465, 0.649706557695617, '23', '2014', '300544314128', '275259948702', '10143', 1000540, '/231', '1000584', '2' );
insert into FIR.DECLARATION values(1000541, '970370968164', '118163111', '2724f14f-1442-4039-bff6-ec40ad319889', '11', '1111', 0, '23', 1, 1, 0, 0, 0, 0, 0 );
insert into FIR.DECLARATION values(1000542, '537436119370', '869086498', 'ddf0a36e-c23b-40c9-b6f8-43ea91de62f3', '11', '1111', 0, '23', 1, 1, 0, 0, 0, 0, 0 );
insert into FIR.DECLARATION values(1000543, '801007181750', '922904282', '27cb5da2-6695-4c56-893d-cb06c3433bf2', '11', '1111', 0, '23', 1, 1, 0, 0, 0, 0, 0 );
insert into FIR.DECLARATION values(1000544, '530772765029', '161275663', '81654d11-98b1-467d-b5cc-ebed53c0ea05', '11', '1111', 0, '23', 1, 1, 0, 0, 0, 0, 0 );
insert into FIR.DECLARATION values(1000545, '650234940536', '962937301', '131a6eb0-ea25-4832-a6c4-5d3bd6da0e78', '11', '1111', 0, '23', 1, 1, 0, 0, 0, 0, 0 );
insert into FIR.DECLARATION values(1000546, '934926438363', '456266213', '19e7ce50-1a54-4b71-bd96-30ce9b47eb98', '11', '1111', 0, '23', 1, 1, 0, 0, 0, 0, 0 );
insert into FIR.DECLARATION values(1000547, '537055476952', '989254147', '239a0334-9793-406e-9b8b-ba62d84120c5', '11', '1111', 0, '23', 1, 1, 0, 0, 0, 0, 0 );
insert into FIR.DECLARATION values(1000548, '332184409246', '255083211', 'ceb1e814-e9d4-40d9-b471-7a4dbb7285bb', '11', '1111', 0, '23', 1, 1, 0, 0, 0, 0, 0 );
insert into FIR.DECLARATION values(1000549, '597897111827', '672456852', 'bab13e7b-191f-411c-8c31-701e1a2a2b13', '11', '1111', 0, '23', 1, 1, 0, 0, 0, 0, 0 );
insert into FIR.DECLARATION values(1000550, '403442683929', '581447560', 'ad5045f3-e53c-49e6-abe4-7949edcc6397', '11', '1111', 0, '23', 1, 1, 0, 0, 0, 0, 0 );
insert into FIR.DECLARATION values(1000551, '324008490630', '248553524', 'a1d84566-7269-425a-9af3-f403dc7e89ce', '11', '1111', 0, '23', 1, 1, 0, 0, 0, 0, 0 );
insert into FIR.DECLARATION values(1000552, '732660924639', '994390644', '9297089f-34d5-4a56-bfb3-abbd22c7a7e6', '11', '1111', 0, '23', 1, 1, 0, 0, 0, 0, 0 );
insert into FIR.DECLARATION values(1000553, '733779285475', '690713669', '0fea7130-45d1-43b7-9b78-09019d317940', '11', '1111', 0, '23', 1, 1, 0, 0, 0, 0, 0 );
insert into FIR.DECLARATION values(1000554, '678925621863', '554725180', '3c022f7c-6834-4fc2-97bc-eeed9ff6cd99', '11', '1111', 0, '23', 1, 1, 0, 0, 0, 0, 0 );
insert into FIR.DECLARATION values(1000555, '632722736438', '947852308', '1bd07a0e-a341-4739-a1ec-f050a3d66518', '11', '1111', 0, '23', 1, 1, 0, 0, 0, 0, 0 );
insert into FIR.DECLARATION values(1000556, '127035555864', '926537183', '985c48ab-bf4f-4ed2-8cb8-c105caf2d314', '11', '1111', 0, '23', 1, 1, 0, 0, 0, 0, 0 );
insert into FIR.DECLARATION values(1000557, '448593525596', '752389917', '90697e43-7a3f-4519-8656-9cbf9555bb00', '11', '1111', 0, '23', 1, 1, 0, 0, 0, 0, 0 );
insert into FIR.DECLARATION values(1000558, '823119788291', '955567744', '1535c36a-20d7-4f67-b52d-eec2e1287058', '11', '1111', 0, '23', 1, 1, 0, 0, 0, 0, 0 );
insert into FIR.DECLARATION values(1000559, '596743880730', '721657899', 'f8e53617-da75-4dfa-94d3-f2cd940fffbf', '11', '1111', 0, '23', 1, 1, 0, 0, 0, 0, 0 );
insert into FIR.DECLARATION values(1000560, '275494527546', '729264404', 'c341c69b-278f-454c-8a65-e8cfb733cf73', '11', '1111', 0, '23', 1, 1, 0, 0, 0, 0, 0 );
insert into FIR.DECLARATION values(1000561, '132179604651', '249407290', 'f00e03f6-6cd8-409d-909d-66980cc9b594', '11', '1111', 0, '23', 1, 1, 0, 0, 0, 0, 0 );
insert into FIR.DECLARATION values(1000562, '699034621953', '244567365', '3fef2c3a-3499-425b-a09b-8daa70048085', '11', '1111', 0, '23', 1, 1, 0, 0, 0, 0, 0 );
insert into FIR.DECLARATION values(1000563, '192437223913', '618168346', '27fe2be2-b121-4319-9792-9a34ecc205d4', '11', '1111', 0, '23', 1, 1, 0, 0, 0, 0, 0 );
insert into FIR.DECLARATION values(1000564, '711965256168', '753916696', '073e5f30-9ae5-4af8-b921-90f1f8f734ea', '11', '1111', 0, '23', 1, 1, 0, 0, 0, 0, 0 );
insert into FIR.DECLARATION values(1000565, '888440804022', '742687134', '57304205-b1c4-4cbd-b539-26520bd5f1ca', '11', '1111', 0, '23', 1, 1, 0, 0, 0, 0, 0 );
insert into FIR.DECLARATION values(1000566, '291045786625', '466996817', '4f5f128d-cf78-4ea9-9aa8-f21b415e94e9', '11', '1111', 0, '23', 1, 1, 0, 0, 0, 0, 0 );
insert into FIR.DECLARATION values(1000567, '662022812006', '681950732', '2b1bbc17-4542-4e99-a692-b10a0f0ba41b', '11', '1111', 0, '23', 1, 1, 0, 0, 0, 0, 0 );
insert into FIR.DECLARATION values(1000568, '790611681373', '860052475', '775cf96c-a089-4a60-af1c-9e7a3dc232ec', '11', '1111', 0, '23', 1, 1, 0, 0, 0, 0, 0 );
insert into FIR.DECLARATION values(1000569, '767175194840', '312731245', 'f8adaf1c-a37d-4764-a8c9-4556894afc6f', '11', '1111', 0, '23', 1, 1, 0, 0, 0, 0, 0 );
insert into FIR.DECLARATION values(1000570, '170954437266', '755055208', 'de9b7594-e705-47c8-81f0-f8ad8255e2ea', '11', '1111', 0, '23', 1, 1, 0, 0, 0, 0, 0 );
insert into FIR.DECLARATION values(1000571, '828013666757', '841417275', 'a63db464-16cf-4263-8213-86d479d06297', '11', '1111', 0, '23', 1, 1, 0, 0, 0, 0, 0 );
insert into FIR.DECLARATION values(1000572, '831204609430', '186168634', '9c904c99-2db7-4422-b5f7-7b51ff777cf6', '11', '1111', 0, '23', 1, 1, 0, 0, 0, 0, 0 );
insert into FIR.DECLARATION values(1000573, '966274437271', '496012350', 'aaee9d90-863e-4271-aad7-ea16cf5ae5d3', '11', '1111', 0, '23', 1, 1, 0, 0, 0, 0, 0 );
insert into FIR.DECLARATION values(1000574, '521623566302', '943211944', 'bf623bbc-63a5-4a66-bcf1-a7d930d145fb', '11', '1111', 0, '23', 1, 1, 0, 0, 0, 0, 0 );
insert into FIR.DECLARATION values(1000575, '123963856161', '594915964', '485efa91-41c1-46ac-974d-f636d58e0f23', '11', '1111', 0, '23', 1, 1, 0, 0, 0, 0, 0 );
insert into FIR.DECLARATION values(1000576, '678830592464', '458845820', '5367edd0-09d6-42b7-bf0f-aab9cd5df6a8', '11', '1111', 0, '23', 1, 1, 0, 0, 0, 0, 0 );
insert into FIR.DECLARATION values(1000577, '445256853970', '959626960', '2bf134e3-5777-4e0c-8155-2869c3c131a4', '11', '1111', 0, '23', 1, 1, 0, 0, 0, 0, 0 );
insert into FIR.DECLARATION values(1000578, '330550950594', '806212674', '80592d20-f707-444e-a1d4-7a830614f65d', '11', '1111', 0, '23', 1, 1, 0, 0, 0, 0, 0 );
insert into FIR.DECLARATION values(1000579, '497708752844', '827331523', 'aaba47d2-51fe-494b-aeee-55ec2a01e3cf', '11', '1111', 0, '23', 1, 1, 0, 0, 0, 0, 0 );
insert into FIR.DECLARATION values(1000580, '155386129688', '930905403', '61e8133a-f147-41a7-a3ed-af7e975ab810', '11', '1111', 0, '23', 1, 1, 0, 0, 0, 0, 0 );
insert into FIR.DECLARATION values(1000581, '997133779490', '417665761', '2d70a8db-cd11-407e-a21a-01dbea2723f6', '11', '1111', 0, '23', 1, 1, 0, 0, 0, 0, 0 );
insert into FIR.DECLARATION values(1000582, '504285851099', '985179565', 'baac2031-cee6-41e5-83ca-f16014355594', '11', '1111', 0, '23', 1, 1, 0, 0, 0, 0, 0 );
insert into FIR.DECLARATION values(1000583, '599807300581', '868044166', '7ee4d999-d9e2-4d5a-97d1-119d7b8916d5', '11', '1111', 0, '23', 1, 1, 0, 0, 0, 0, 0 );
insert into FIR.DECLARATION values(1000584, '216025364431', '354170632', '4a20ca16-37cb-42d5-a700-99ec945af7f6', '11', '1111', 0, '23', 1, 1, 0, 0, 0, 0, 0 );
insert into FIR.DECLARATION values(1000585, '543497254492', '393058515', 'f0fdb70f-5824-49d1-97fa-9cd817acb363', '52', '5252', 1, '23', 1, 1, 44, 21.15631730768658115, 0.980716913929543, 0.00167189166027675, 0.4808253933565132079545454545 );
insert into FIR.DISCREPANCY_RAW values(1000572,  sysdate, 1, '1', 20, 0.656199233912024, 0.911259381990535, '23', '2014', '543497254492', '318262827540', '10144', 1000585, '/231', '1000586', '2' );
insert into FIR.DISCREPANCY_RAW values(1000573,  sysdate, 1, '1', 20, 0.0594224687942408, 0.71126590702276, '23', '2014', '543497254492', '306045590866', '10144', 1000585, '/231', '1000587', '2' );
insert into FIR.DISCREPANCY_RAW values(1000574,  sysdate, 1, '1', 20, 0.411119130631499, 0.614553570567888, '23', '2014', '543497254492', '579283284479', '10144', 1000585, '/231', '1000588', '2' );
insert into FIR.DISCREPANCY_RAW values(1000575,  sysdate, 1, '1', 20, 0.00942611275679716, 0.932740325542512, '23', '2014', '543497254492', '196535296512', '10144', 1000585, '/231', '1000589', '2' );
insert into FIR.DISCREPANCY_RAW values(1000576,  sysdate, 1, '1', 20, 0.215823943827219, 0.597616734261446, '23', '2014', '543497254492', '912586372967', '10145', 1000585, '/231', '1000590', '2' );
insert into FIR.DISCREPANCY_RAW values(1000577,  sysdate, 1, '1', 20, 0.555900611242233, 0.313759771321788, '23', '2014', '543497254492', '886587483438', '10145', 1000585, '/231', '1000591', '2' );
insert into FIR.DISCREPANCY_RAW values(1000578,  sysdate, 1, '1', 20, 0.0368607337758228, 0.607624929215584, '23', '2014', '543497254492', '800723832344', '10145', 1000585, '/231', '1000592', '2' );
insert into FIR.DISCREPANCY_RAW values(1000579,  sysdate, 1, '1', 20, 0.835371054166635, 0.0154890944322055, '23', '2014', '543497254492', '821072362368', '10145', 1000585, '/231', '1000593', '2' );
insert into FIR.DISCREPANCY_RAW values(1000580,  sysdate, 1, '1', 20, 0.827434855898579, 0.514699358267104, '23', '2014', '543497254492', '144142674686', '10146', 1000585, '/231', '1000594', '2' );
insert into FIR.DISCREPANCY_RAW values(1000581,  sysdate, 1, '1', 20, 0.987221776501844, 0.860297716623311, '23', '2014', '543497254492', '887630706223', '10146', 1000585, '/231', '1000595', '2' );
insert into FIR.DISCREPANCY_RAW values(1000582,  sysdate, 1, '1', 20, 0.885814381244506, 0.835716533863785, '23', '2014', '543497254492', '607057972652', '10146', 1000585, '/231', '1000596', '2' );
insert into FIR.DISCREPANCY_RAW values(1000583,  sysdate, 1, '1', 20, 0.77657466650781, 0.12553925724958, '23', '2014', '543497254492', '296115411716', '10146', 1000585, '/231', '1000597', '2' );
insert into FIR.DISCREPANCY_RAW values(1000584,  sysdate, 1, '1', 20, 0.142759993273187, 0.719970167949782, '23', '2014', '543497254492', '767284952344', '10147', 1000585, '/231', '1000598', '2' );
insert into FIR.DISCREPANCY_RAW values(1000585,  sysdate, 1, '1', 20, 0.610617440943894, 0.328351565789595, '23', '2014', '543497254492', '443025182733', '10147', 1000585, '/231', '1000599', '2' );
insert into FIR.DISCREPANCY_RAW values(1000586,  sysdate, 1, '1', 20, 0.408778345402693, 0.320991377495691, '23', '2014', '543497254492', '158004194225', '10147', 1000585, '/231', '1000600', '2' );
insert into FIR.DISCREPANCY_RAW values(1000587,  sysdate, 1, '1', 20, 0.754127612688638, 0.420490632029479, '23', '2014', '543497254492', '368108779414', '10147', 1000585, '/231', '1000601', '2' );
insert into FIR.DISCREPANCY_RAW values(1000588,  sysdate, 1, '1', 20, 0.206031881368734, 0.356970431449344, '23', '2014', '543497254492', '419692137145', '10148', 1000585, '/231', '1000602', '2' );
insert into FIR.DISCREPANCY_RAW values(1000589,  sysdate, 1, '1', 20, 0.733476203742193, 0.918144399727762, '23', '2014', '543497254492', '685512727618', '10148', 1000585, '/231', '1000603', '2' );
insert into FIR.DISCREPANCY_RAW values(1000590,  sysdate, 1, '1', 20, 0.708760668853652, 0.795472494696953, '23', '2014', '543497254492', '743193674293', '10148', 1000585, '/231', '1000604', '2' );
insert into FIR.DISCREPANCY_RAW values(1000591,  sysdate, 1, '1', 20, 0.584579661295088, 0.534381469029179, '23', '2014', '543497254492', '782663876978', '10148', 1000585, '/231', '1000605', '2' );
insert into FIR.DISCREPANCY_RAW values(1000592,  sysdate, 1, '1', 20, 0.467045388401973, 0.454831097486816, '23', '2014', '543497254492', '147389688567', '10149', 1000585, '/231', '1000606', '2' );
insert into FIR.DISCREPANCY_RAW values(1000593,  sysdate, 1, '1', 20, 0.803616197688326, 0.283162132968736, '23', '2014', '543497254492', '636394649609', '10149', 1000585, '/231', '1000607', '2' );
insert into FIR.DISCREPANCY_RAW values(1000594,  sysdate, 1, '1', 20, 0.358410078733419, 0.00167189166027675, '23', '2014', '543497254492', '874039233909', '10149', 1000585, '/231', '1000608', '2' );
insert into FIR.DISCREPANCY_RAW values(1000595,  sysdate, 1, '1', 20, 0.133717951892744, 0.214214172779682, '23', '2014', '543497254492', '716541386271', '10149', 1000585, '/231', '1000609', '2' );
insert into FIR.DISCREPANCY_RAW values(1000596,  sysdate, 1, '1', 20, 0.403691428435823, 0.356385938057856, '23', '2014', '543497254492', '353272401100', '10150', 1000585, '/231', '1000610', '2' );
insert into FIR.DISCREPANCY_RAW values(1000597,  sysdate, 1, '1', 20, 0.230514625660383, 0.0320387385003449, '23', '2014', '543497254492', '614533471335', '10150', 1000585, '/231', '1000611', '2' );
insert into FIR.DISCREPANCY_RAW values(1000598,  sysdate, 1, '1', 20, 0.501767057227794, 0.88169228652571, '23', '2014', '543497254492', '405020457057', '10150', 1000585, '/231', '1000612', '2' );
insert into FIR.DISCREPANCY_RAW values(1000599,  sysdate, 1, '1', 20, 0.0939809689735905, 0.980716913929543, '23', '2014', '543497254492', '521236756805', '10150', 1000585, '/231', '1000613', '2' );
insert into FIR.DISCREPANCY_RAW values(1000600,  sysdate, 1, '1', 20, 0.224342043150376, 0.123979739902532, '23', '2014', '543497254492', '129488768306', '10151', 1000585, '/231', '1000614', '2' );
insert into FIR.DISCREPANCY_RAW values(1000601,  sysdate, 1, '1', 20, 0.351843003813104, 0.929947784137888, '23', '2014', '543497254492', '945972249114', '10151', 1000585, '/231', '1000615', '2' );
insert into FIR.DISCREPANCY_RAW values(1000602,  sysdate, 1, '1', 20, 0.147855033235557, 0.0417214459933906, '23', '2014', '543497254492', '131886808904', '10151', 1000585, '/231', '1000616', '2' );
insert into FIR.DISCREPANCY_RAW values(1000603,  sysdate, 1, '1', 20, 0.357073411046096, 0.303628219898617, '23', '2014', '543497254492', '308090285091', '10151', 1000585, '/231', '1000617', '2' );
insert into FIR.DISCREPANCY_RAW values(1000604,  sysdate, 1, '1', 20, 0.24884881882409, 0.30169181958851, '23', '2014', '543497254492', '625299706339', '10152', 1000585, '/231', '1000618', '2' );
insert into FIR.DISCREPANCY_RAW values(1000605,  sysdate, 1, '1', 20, 0.186997368087525, 0.705398346160258, '23', '2014', '543497254492', '102751929603', '10152', 1000585, '/231', '1000619', '2' );
insert into FIR.DISCREPANCY_RAW values(1000606,  sysdate, 1, '1', 20, 0.240801599454508, 0.519764624778072, '23', '2014', '543497254492', '591018423524', '10152', 1000585, '/231', '1000620', '2' );
insert into FIR.DISCREPANCY_RAW values(1000607,  sysdate, 1, '1', 20, 0.61791323433533, 0.121449234486301, '23', '2014', '543497254492', '148976594921', '10152', 1000585, '/231', '1000621', '2' );
insert into FIR.DISCREPANCY_RAW values(1000608,  sysdate, 1, '1', 20, 0.0768866949141429, 0.484659154193783, '23', '2014', '543497254492', '621261527605', '10153', 1000585, '/231', '1000622', '2' );
insert into FIR.DISCREPANCY_RAW values(1000609,  sysdate, 1, '1', 20, 0.032263276647899, 0.904585242226992, '23', '2014', '543497254492', '597774210166', '10153', 1000585, '/231', '1000623', '2' );
insert into FIR.DISCREPANCY_RAW values(1000610,  sysdate, 1, '1', 20, 0.623836623329593, 0.552228239156412, '23', '2014', '543497254492', '576405367757', '10153', 1000585, '/231', '1000624', '2' );
insert into FIR.DISCREPANCY_RAW values(1000611,  sysdate, 1, '1', 20, 0.620315459845734, 0.329347578030707, '23', '2014', '543497254492', '951242552167', '10153', 1000585, '/231', '1000625', '2' );
insert into FIR.DISCREPANCY_RAW values(1000612,  sysdate, 1, '1', 20, 0.781210120665473, 0.190313417553116, '23', '2014', '543497254492', '224285204986', '10154', 1000585, '/231', '1000626', '2' );
insert into FIR.DISCREPANCY_RAW values(1000613,  sysdate, 1, '1', 20, 0.573788572369976, 0.165361255018674, '23', '2014', '543497254492', '208781105424', '10154', 1000585, '/231', '1000627', '2' );
insert into FIR.DISCREPANCY_RAW values(1000614,  sysdate, 1, '1', 20, 0.134673211320617, 0.0325464755448264, '23', '2014', '543497254492', '302105601543', '10154', 1000585, '/231', '1000628', '2' );
insert into FIR.DISCREPANCY_RAW values(1000615,  sysdate, 1, '1', 20, 0.923074284066946, 0.809646440581254, '23', '2014', '543497254492', '181500234494', '10154', 1000585, '/231', '1000629', '2' );
insert into FIR.DECLARATION values(1000586, '221510854673', '475679559', 'bf892786-887a-4fc2-ab09-fd8b7607fa36', '11', '1111', 0, '21', 1, 1, 0, 0, 0, 0, 0 );
insert into FIR.DECLARATION values(1000587, '510384100731', '286117352', 'd7e2022f-b54e-44e1-845c-d71ae8c91fb9', '11', '1111', 0, '21', 1, 1, 0, 0, 0, 0, 0 );
insert into FIR.DECLARATION values(1000588, '317493272609', '956597722', 'de7efec7-f333-4983-9314-8aeef022aff2', '11', '1111', 0, '21', 1, 1, 0, 0, 0, 0, 0 );
insert into FIR.DECLARATION values(1000589, '805289343918', '370962671', '1c161019-2bce-476f-bae4-8141fe622add', '11', '1111', 0, '21', 1, 1, 0, 0, 0, 0, 0 );
insert into FIR.DECLARATION values(1000590, '104087381455', '842742939', 'c391d552-79be-470f-aa44-d665c35dd8bd', '11', '1111', 0, '21', 1, 1, 0, 0, 0, 0, 0 );
insert into FIR.DECLARATION values(1000591, '212969259668', '820433579', '9b597952-2da9-4e93-8f93-0f0fee302015', '11', '1111', 0, '21', 1, 1, 0, 0, 0, 0, 0 );
insert into FIR.DECLARATION values(1000592, '518092603844', '812215395', '4c7bbfee-5c02-43ec-be45-c1e3a50dd942', '11', '1111', 0, '21', 1, 1, 0, 0, 0, 0, 0 );
insert into FIR.DECLARATION values(1000593, '354404786983', '283910173', '141fb156-f9b7-4c42-b419-ffcfb8073587', '11', '1111', 0, '21', 1, 1, 0, 0, 0, 0, 0 );
insert into FIR.DECLARATION values(1000594, '759895940773', '489474747', 'b1b622e8-0ed6-44f9-ae5a-4e776c7f30a8', '11', '1111', 0, '21', 1, 1, 0, 0, 0, 0, 0 );
insert into FIR.DECLARATION values(1000595, '788056650459', '466193160', '5e5bd854-0f7f-4927-9aa0-152a6b6601ee', '11', '1111', 0, '21', 1, 1, 0, 0, 0, 0, 0 );
insert into FIR.DECLARATION values(1000596, '522248664661', '153424454', '3e203b16-abf1-4dc4-91c4-2075f6a2d5df', '11', '1111', 0, '21', 1, 1, 0, 0, 0, 0, 0 );
insert into FIR.DECLARATION values(1000597, '625695634592', '608385202', '3294170a-15b8-45b1-9e5a-ff1a9287fb91', '11', '1111', 0, '21', 1, 1, 0, 0, 0, 0, 0 );
insert into FIR.DECLARATION values(1000598, '732569219068', '158488100', 'd24df990-6f0d-4366-be08-02eab96ece13', '11', '1111', 0, '21', 1, 1, 0, 0, 0, 0, 0 );
insert into FIR.DECLARATION values(1000599, '805508684442', '693412421', 'ae512859-27ce-4223-be4b-7c2756017caf', '11', '1111', 0, '21', 1, 1, 0, 0, 0, 0, 0 );
insert into FIR.DECLARATION values(1000600, '674435238928', '631276988', 'fd2b8405-e662-4cf7-acbe-540179e9bf44', '11', '1111', 0, '21', 1, 1, 0, 0, 0, 0, 0 );
insert into FIR.DECLARATION values(1000601, '917924634464', '955397317', '35c40e96-075d-49ce-9b97-fbba3cdfe576', '11', '1111', 0, '21', 1, 1, 0, 0, 0, 0, 0 );
insert into FIR.DECLARATION values(1000602, '478344318630', '167375432', '4ba2cb02-cdf4-4e5f-af9b-a4c60738b375', '11', '1111', 0, '21', 1, 1, 0, 0, 0, 0, 0 );
insert into FIR.DECLARATION values(1000603, '490266537910', '346602586', 'eb2fe0fb-6104-4353-a7a0-5d1a8d785420', '11', '1111', 0, '21', 1, 1, 0, 0, 0, 0, 0 );
insert into FIR.DECLARATION values(1000604, '410965434244', '500383768', 'fd449039-f086-47a5-b353-c8f73ce74f1e', '11', '1111', 0, '21', 1, 1, 0, 0, 0, 0, 0 );
insert into FIR.DECLARATION values(1000605, '846931290858', '267125369', 'e791d74f-fc5a-4e54-a745-17df04cefe24', '11', '1111', 0, '21', 1, 1, 0, 0, 0, 0, 0 );
insert into FIR.DECLARATION values(1000606, '325355132561', '854036604', '809a8b77-12d0-4242-8e36-b8b13677a61c', '11', '1111', 0, '21', 1, 1, 0, 0, 0, 0, 0 );
insert into FIR.DECLARATION values(1000607, '699397184404', '959042232', '7401ca96-596d-4153-af99-4353133ea14b', '11', '1111', 0, '21', 1, 1, 0, 0, 0, 0, 0 );
insert into FIR.DECLARATION values(1000608, '600605144606', '902325118', '62b8c348-0209-4a45-af1e-a285545e155a', '11', '1111', 0, '21', 1, 1, 0, 0, 0, 0, 0 );
insert into FIR.DECLARATION values(1000609, '700107962041', '439968491', '61754220-4cde-42f6-8035-3e1a11c15d55', '11', '1111', 0, '21', 1, 1, 0, 0, 0, 0, 0 );
insert into FIR.DECLARATION values(1000610, '960823289878', '149120437', '44ef0363-b6ee-4aa5-8bf2-0e7247eee528', '11', '1111', 0, '21', 1, 1, 0, 0, 0, 0, 0 );
insert into FIR.DECLARATION values(1000611, '309490159468', '981150750', '7a90f8e4-4885-40f5-b27b-f2cb64b58933', '11', '1111', 0, '21', 1, 1, 0, 0, 0, 0, 0 );
insert into FIR.DECLARATION values(1000612, '101271984063', '607722515', 'ca94a703-5547-4183-a86b-1e2bff0d7431', '11', '1111', 0, '21', 1, 1, 0, 0, 0, 0, 0 );
insert into FIR.DECLARATION values(1000613, '223430620451', '820973669', '514ffe9a-2223-4188-ae33-5d7991dca212', '11', '1111', 0, '21', 1, 1, 0, 0, 0, 0, 0 );
insert into FIR.DECLARATION values(1000614, '297522634790', '957883969', 'c0934594-677e-463b-be6d-97e912c43107', '11', '1111', 0, '21', 1, 1, 0, 0, 0, 0, 0 );
insert into FIR.DECLARATION values(1000615, '549381155705', '793212385', '6b0c9f40-2867-49d3-a0f1-a11b22652e77', '11', '1111', 0, '21', 1, 1, 0, 0, 0, 0, 0 );
insert into FIR.DECLARATION values(1000616, '517337168146', '698261637', '10d159d6-dbf0-4a96-94a3-7ae1ea1fc8c1', '11', '1111', 0, '21', 1, 1, 0, 0, 0, 0, 0 );
insert into FIR.DECLARATION values(1000617, '262365488193', '598608775', '96dc37b9-a89a-43c8-a393-0094096d94c2', '11', '1111', 0, '21', 1, 1, 0, 0, 0, 0, 0 );
insert into FIR.DECLARATION values(1000618, '318339370412', '860746962', 'fc001c8d-a0fa-494a-abad-9a84d58cc02d', '11', '1111', 0, '21', 1, 1, 0, 0, 0, 0, 0 );
insert into FIR.DECLARATION values(1000619, '989919528667', '657388440', '67b1f400-027f-487e-bde0-c38fdea1a384', '11', '1111', 0, '21', 1, 1, 0, 0, 0, 0, 0 );
insert into FIR.DECLARATION values(1000620, '777994913734', '298652218', '283a0a12-1b94-4b4f-8457-1a0d54fb476a', '11', '1111', 0, '21', 1, 1, 0, 0, 0, 0, 0 );
insert into FIR.DECLARATION values(1000621, '336896653147', '101536298', '6719110e-673f-4ff4-8bd9-9f5b04ebf7e3', '11', '1111', 0, '21', 1, 1, 0, 0, 0, 0, 0 );
insert into FIR.DECLARATION values(1000622, '669497210766', '843569233', '0d48543e-3c1d-4c18-8160-717ebf310fa6', '11', '1111', 0, '21', 1, 1, 0, 0, 0, 0, 0 );
insert into FIR.DECLARATION values(1000623, '172262665156', '267090737', 'a7c6c6f9-5543-4f64-a573-8649bd19e12b', '11', '1111', 0, '21', 1, 1, 0, 0, 0, 0, 0 );
insert into FIR.DECLARATION values(1000624, '304935558100', '913201272', 'a77bd7e0-3306-4d0d-b828-e9bdda2bef2b', '11', '1111', 0, '21', 1, 1, 0, 0, 0, 0, 0 );
insert into FIR.DECLARATION values(1000625, '227759704971', '713556992', '8a356e2c-137e-40e7-92e3-8dfac19f51af', '11', '1111', 0, '21', 1, 1, 0, 0, 0, 0, 0 );
insert into FIR.DECLARATION values(1000626, '762838619049', '360947155', 'd780669e-e613-45e4-8459-a332098176da', '11', '1111', 0, '21', 1, 1, 0, 0, 0, 0, 0 );
insert into FIR.DECLARATION values(1000627, '655258413901', '916439135', '48def687-4443-4821-a7d5-a80bf1f6a005', '11', '1111', 0, '21', 1, 1, 0, 0, 0, 0, 0 );
insert into FIR.DECLARATION values(1000628, '460010398385', '293566411', '9d2c8e9d-3831-4ae0-a026-b8e0e228078c', '11', '1111', 0, '21', 1, 1, 0, 0, 0, 0, 0 );
insert into FIR.DECLARATION values(1000629, '597678787539', '222668855', 'cd750388-047d-4552-a4d6-8cfea1a15e20', '11', '1111', 0, '21', 1, 1, 0, 0, 0, 0, 0 );
insert into FIR.DECLARATION values(1000630, '737935160773', '806350552', '1ccfd43a-028f-42f5-abb4-b9636fae36e4', '52', '5252', 1, '23', 1, 1, 44, 21.57367343109737697, 0.986869174049641, 0.00964673702122957, 0.4903107597976676584090909091 );
insert into FIR.DISCREPANCY_RAW values(1000616,  sysdate, 1, '1', 20, 0.725510357285622, 0.670668644677228, '23', '2014', '737935160773', '918317576785', '10155', 1000630, '/231', '1000631', '2' );
insert into FIR.DISCREPANCY_RAW values(1000617,  sysdate, 1, '1', 20, 0.0394642050561794, 0.217798411947581, '23', '2014', '737935160773', '812227753526', '10155', 1000630, '/231', '1000632', '2' );
insert into FIR.DISCREPANCY_RAW values(1000618,  sysdate, 1, '1', 20, 0.4653777007318, 0.131112826583494, '23', '2014', '737935160773', '976176909034', '10155', 1000630, '/231', '1000633', '2' );
insert into FIR.DISCREPANCY_RAW values(1000619,  sysdate, 1, '1', 20, 0.678456751945641, 0.765048337059584, '23', '2014', '737935160773', '636855301733', '10155', 1000630, '/231', '1000634', '2' );
insert into FIR.DISCREPANCY_RAW values(1000620,  sysdate, 1, '1', 20, 0.777893198084968, 0.986869174049641, '23', '2014', '737935160773', '398068752484', '10156', 1000630, '/231', '1000635', '2' );
insert into FIR.DISCREPANCY_RAW values(1000621,  sysdate, 1, '1', 20, 0.656331413265472, 0.793025873505057, '23', '2014', '737935160773', '655093340571', '10156', 1000630, '/231', '1000636', '2' );
insert into FIR.DISCREPANCY_RAW values(1000622,  sysdate, 1, '1', 20, 0.62656634330124, 0.770596693628746, '23', '2014', '737935160773', '491887421895', '10156', 1000630, '/231', '1000637', '2' );
insert into FIR.DISCREPANCY_RAW values(1000623,  sysdate, 1, '1', 20, 0.00266871042673882, 0.771863189419668, '23', '2014', '737935160773', '328770847186', '10156', 1000630, '/231', '1000638', '2' );
insert into FIR.DISCREPANCY_RAW values(1000624,  sysdate, 1, '1', 20, 0.308851439649636, 0.835669099276731, '23', '2014', '737935160773', '664885730642', '10157', 1000630, '/231', '1000639', '2' );
insert into FIR.DISCREPANCY_RAW values(1000625,  sysdate, 1, '1', 20, 0.0945722116597799, 0.870654583382725, '23', '2014', '737935160773', '625173575790', '10157', 1000630, '/231', '1000640', '2' );
insert into FIR.DISCREPANCY_RAW values(1000626,  sysdate, 1, '1', 20, 0.190024866811011, 0.0977844666213656, '23', '2014', '737935160773', '191669441137', '10157', 1000630, '/231', '1000641', '2' );
insert into FIR.DISCREPANCY_RAW values(1000627,  sysdate, 1, '1', 20, 0.857125310626405, 0.376050344843441, '23', '2014', '737935160773', '259072638675', '10157', 1000630, '/231', '1000642', '2' );
insert into FIR.DISCREPANCY_RAW values(1000628,  sysdate, 1, '1', 20, 0.265914555762855, 0.757944543267574, '23', '2014', '737935160773', '628616337435', '10158', 1000630, '/231', '1000643', '2' );
insert into FIR.DISCREPANCY_RAW values(1000629,  sysdate, 1, '1', 20, 0.824487200390774, 0.465152827308119, '23', '2014', '737935160773', '987641833352', '10158', 1000630, '/231', '1000644', '2' );
insert into FIR.DISCREPANCY_RAW values(1000630,  sysdate, 1, '1', 20, 0.967293357461362, 0.21586021977284, '23', '2014', '737935160773', '848293423258', '10158', 1000630, '/231', '1000645', '2' );
insert into FIR.DISCREPANCY_RAW values(1000631,  sysdate, 1, '1', 20, 0.862496960378483, 0.750456311623778, '23', '2014', '737935160773', '589530755269', '10158', 1000630, '/231', '1000646', '2' );
insert into FIR.DISCREPANCY_RAW values(1000632,  sysdate, 1, '1', 20, 0.829739689747682, 0.775745789881677, '23', '2014', '737935160773', '859580143620', '10159', 1000630, '/231', '1000647', '2' );
insert into FIR.DISCREPANCY_RAW values(1000633,  sysdate, 1, '1', 20, 0.348009794181217, 0.209376092166349, '23', '2014', '737935160773', '634701570028', '10159', 1000630, '/231', '1000648', '2' );
insert into FIR.DISCREPANCY_RAW values(1000634,  sysdate, 1, '1', 20, 0.897908188355112, 0.145601350881905, '23', '2014', '737935160773', '863962998870', '10159', 1000630, '/231', '1000649', '2' );
insert into FIR.DISCREPANCY_RAW values(1000635,  sysdate, 1, '1', 20, 0.902914282354952, 0.872772450033935, '23', '2014', '737935160773', '553209436746', '10159', 1000630, '/231', '1000650', '2' );
insert into FIR.DISCREPANCY_RAW values(1000636,  sysdate, 1, '1', 20, 0.336471100960146, 0.118245111367779, '23', '2014', '737935160773', '725926285695', '10160', 1000630, '/231', '1000651', '2' );
insert into FIR.DISCREPANCY_RAW values(1000637,  sysdate, 1, '1', 20, 0.867359503576234, 0.00964673702122957, '23', '2014', '737935160773', '620089346442', '10160', 1000630, '/231', '1000652', '2' );
insert into FIR.DISCREPANCY_RAW values(1000638,  sysdate, 1, '1', 20, 0.269682974214518, 0.155432126091529, '23', '2014', '737935160773', '370556375729', '10160', 1000630, '/231', '1000653', '2' );
insert into FIR.DISCREPANCY_RAW values(1000639,  sysdate, 1, '1', 20, 0.937942427554141, 0.44418441897453, '23', '2014', '737935160773', '537539784670', '10160', 1000630, '/231', '1000654', '2' );
insert into FIR.DISCREPANCY_RAW values(1000640,  sysdate, 1, '1', 20, 0.20736023886472, 0.0267332340715142, '23', '2014', '737935160773', '831422997421', '10161', 1000630, '/231', '1000655', '2' );
insert into FIR.DISCREPANCY_RAW values(1000641,  sysdate, 1, '1', 20, 0.988433536602386, 0.378462285445287, '23', '2014', '737935160773', '822649202016', '10161', 1000630, '/231', '1000656', '2' );
insert into FIR.DISCREPANCY_RAW values(1000642,  sysdate, 1, '1', 20, 0.332592900065981, 0.800727131218057, '23', '2014', '737935160773', '381194145882', '10161', 1000630, '/231', '1000657', '2' );
insert into FIR.DISCREPANCY_RAW values(1000643,  sysdate, 1, '1', 20, 0.74472601001371, 0.636261185927438, '23', '2014', '737935160773', '518391378170', '10161', 1000630, '/231', '1000658', '2' );
insert into FIR.DISCREPANCY_RAW values(1000644,  sysdate, 1, '1', 20, 0.121909357664133, 0.34242549275161, '23', '2014', '737935160773', '654801783890', '10162', 1000630, '/231', '1000659', '2' );
insert into FIR.DISCREPANCY_RAW values(1000645,  sysdate, 1, '1', 20, 0.913076049607748, 0.378524183471931, '23', '2014', '737935160773', '666803511184', '10162', 1000630, '/231', '1000660', '2' );
insert into FIR.DISCREPANCY_RAW values(1000646,  sysdate, 1, '1', 20, 0.914957758930958, 0.669940269398475, '23', '2014', '737935160773', '396682513942', '10162', 1000630, '/231', '1000661', '2' );
insert into FIR.DISCREPANCY_RAW values(1000647,  sysdate, 1, '1', 20, 0.452284876002131, 0.276599220129009, '23', '2014', '737935160773', '385648201311', '10162', 1000630, '/231', '1000662', '2' );
insert into FIR.DISCREPANCY_RAW values(1000648,  sysdate, 1, '1', 20, 0.433037131295091, 0.130801400696301, '23', '2014', '737935160773', '810986831112', '10163', 1000630, '/231', '1000663', '2' );
insert into FIR.DISCREPANCY_RAW values(1000649,  sysdate, 1, '1', 20, 0.989520316472985, 0.906719815408215, '23', '2014', '737935160773', '875229180828', '10163', 1000630, '/231', '1000664', '2' );
insert into FIR.DISCREPANCY_RAW values(1000650,  sysdate, 1, '1', 20, 0.828557311011738, 0.0230719647477716, '23', '2014', '737935160773', '892993428682', '10163', 1000630, '/231', '1000665', '2' );
insert into FIR.DISCREPANCY_RAW values(1000651,  sysdate, 1, '1', 20, 0.16927404988989, 0.46464982929856, '23', '2014', '737935160773', '442113483474', '10163', 1000630, '/231', '1000666', '2' );
insert into FIR.DISCREPANCY_RAW values(1000652,  sysdate, 1, '1', 20, 0.425151518744021, 0.643227868081642, '23', '2014', '737935160773', '318101574416', '10164', 1000630, '/231', '1000667', '2' );
insert into FIR.DISCREPANCY_RAW values(1000653,  sysdate, 1, '1', 20, 0.472854365814875, 0.117602058741079, '23', '2014', '737935160773', '920824224598', '10164', 1000630, '/231', '1000668', '2' );
insert into FIR.DISCREPANCY_RAW values(1000654,  sysdate, 1, '1', 20, 0.195613123101933, 0.629621852482493, '23', '2014', '737935160773', '976503590283', '10164', 1000630, '/231', '1000669', '2' );
insert into FIR.DISCREPANCY_RAW values(1000655,  sysdate, 1, '1', 20, 0.552940973338178, 0.130233945851323, '23', '2014', '737935160773', '996317733891', '10164', 1000630, '/231', '1000670', '2' );
insert into FIR.DISCREPANCY_RAW values(1000656,  sysdate, 1, '1', 20, 0.421883519469706, 0.260671623638212, '23', '2014', '737935160773', '870929178463', '10165', 1000630, '/231', '1000671', '2' );
insert into FIR.DISCREPANCY_RAW values(1000657,  sysdate, 1, '1', 20, 0.78220207327148, 0.782867497197756, '23', '2014', '737935160773', '795978375226', '10165', 1000630, '/231', '1000672', '2' );
insert into FIR.DISCREPANCY_RAW values(1000658,  sysdate, 1, '1', 20, 0.970322611262241, 0.846047104730293, '23', '2014', '737935160773', '419231511039', '10165', 1000630, '/231', '1000673', '2' );
insert into FIR.DISCREPANCY_RAW values(1000659,  sysdate, 1, '1', 20, 0.0559815760031257, 0.920925844423904, '23', '2014', '737935160773', '636425565135', '10165', 1000630, '/231', '1000674', '2' );
insert into FIR.DECLARATION values(1000631, '320554874976', '506689705', 'ef95d019-006f-4aeb-a534-52ff7bd71b73', '11', '1111', 0, '22', 1, 1, 0, 0, 0, 0, 0 );
insert into FIR.DECLARATION values(1000632, '955331639068', '348730188', 'b362608f-e1bc-44d6-a47f-8cf30fc00d39', '11', '1111', 0, '22', 1, 1, 0, 0, 0, 0, 0 );
insert into FIR.DECLARATION values(1000633, '354194126374', '797138369', 'e5320bbe-a855-4810-a6a0-a046ecfa284a', '11', '1111', 0, '22', 1, 1, 0, 0, 0, 0, 0 );
insert into FIR.DECLARATION values(1000634, '856291383149', '450362427', '680a23e1-53d0-42db-9e3a-27d81a49b26c', '11', '1111', 0, '22', 1, 1, 0, 0, 0, 0, 0 );
insert into FIR.DECLARATION values(1000635, '859126559324', '652067969', '3e82da0c-3aa7-47bb-bf46-4751c1422ad8', '11', '1111', 0, '22', 1, 1, 0, 0, 0, 0, 0 );
insert into FIR.DECLARATION values(1000636, '334591127210', '381676533', 'd2bfd7e3-a6f4-4d37-b4f5-8ccd91009894', '11', '1111', 0, '22', 1, 1, 0, 0, 0, 0, 0 );
insert into FIR.DECLARATION values(1000637, '574529971803', '248572800', '8bb0b2df-01c9-4a1e-939e-4d06f2c0cc59', '11', '1111', 0, '22', 1, 1, 0, 0, 0, 0, 0 );
insert into FIR.DECLARATION values(1000638, '891173208796', '623064613', '4c6c290b-af52-4f6e-ad90-bc63a09f832d', '11', '1111', 0, '22', 1, 1, 0, 0, 0, 0, 0 );
insert into FIR.DECLARATION values(1000639, '825819261953', '352308700', '4586aa0b-70c5-448b-9e11-d68ac8cccc70', '11', '1111', 0, '22', 1, 1, 0, 0, 0, 0, 0 );
insert into FIR.DECLARATION values(1000640, '670116687863', '768012587', '89ac7bf1-c75f-45fa-bd97-4a9db15c1b67', '11', '1111', 0, '22', 1, 1, 0, 0, 0, 0, 0 );
insert into FIR.DECLARATION values(1000641, '116559547097', '458415116', '531ebd8d-ca5e-47c9-bc29-ba4cae3cdc00', '11', '1111', 0, '22', 1, 1, 0, 0, 0, 0, 0 );
insert into FIR.DECLARATION values(1000642, '286045205121', '100861834', '136f8afc-b5df-48e6-85c6-e7775d0251a6', '11', '1111', 0, '22', 1, 1, 0, 0, 0, 0, 0 );
insert into FIR.DECLARATION values(1000643, '217517108039', '339618410', 'd9c103b3-0522-4f12-9d14-f90c607da245', '11', '1111', 0, '22', 1, 1, 0, 0, 0, 0, 0 );
insert into FIR.DECLARATION values(1000644, '435338461165', '758428174', 'a86eaba1-bef6-48c7-81a1-8760a6169f73', '11', '1111', 0, '22', 1, 1, 0, 0, 0, 0, 0 );
insert into FIR.DECLARATION values(1000645, '903955213496', '628879986', '0a29982f-638f-4dbc-9710-cbd28938b42e', '11', '1111', 0, '22', 1, 1, 0, 0, 0, 0, 0 );
insert into FIR.DECLARATION values(1000646, '901089951426', '431957313', 'a03871c0-f4b9-4101-88e9-7adffb4fe18c', '11', '1111', 0, '22', 1, 1, 0, 0, 0, 0, 0 );
insert into FIR.DECLARATION values(1000647, '478333770381', '977787652', '911477ae-94f4-4f32-9df2-ff85ba18faea', '11', '1111', 0, '22', 1, 1, 0, 0, 0, 0, 0 );
insert into FIR.DECLARATION values(1000648, '988062918703', '315280638', 'de8bb10c-18b1-4177-87b9-f9a066f9abb6', '11', '1111', 0, '22', 1, 1, 0, 0, 0, 0, 0 );
insert into FIR.DECLARATION values(1000649, '914304190839', '888095140', 'c1497fac-7c4a-449e-b76f-96c0bfe45039', '11', '1111', 0, '22', 1, 1, 0, 0, 0, 0, 0 );
insert into FIR.DECLARATION values(1000650, '767203923767', '845371611', '933a7688-dfef-4339-b0ad-36c297aad8de', '11', '1111', 0, '22', 1, 1, 0, 0, 0, 0, 0 );
insert into FIR.DECLARATION values(1000651, '637230757915', '222739442', '19e66fd8-8c40-41ce-849a-400bfda96848', '11', '1111', 0, '22', 1, 1, 0, 0, 0, 0, 0 );
insert into FIR.DECLARATION values(1000652, '224784797112', '340552387', '523f67ad-6a2e-4df6-8d8f-bd41571a0e71', '11', '1111', 0, '22', 1, 1, 0, 0, 0, 0, 0 );
insert into FIR.DECLARATION values(1000653, '303039477769', '739856636', 'ac8b32a0-36c6-4d85-8a02-7131ce1c184c', '11', '1111', 0, '22', 1, 1, 0, 0, 0, 0, 0 );
insert into FIR.DECLARATION values(1000654, '777819803907', '370044797', '013fe7f1-de5e-420e-860e-af2a024f794e', '11', '1111', 0, '22', 1, 1, 0, 0, 0, 0, 0 );
insert into FIR.DECLARATION values(1000655, '280513233675', '965099250', '248e6bf4-71a8-4be8-8174-9f2975eefa99', '11', '1111', 0, '22', 1, 1, 0, 0, 0, 0, 0 );
insert into FIR.DECLARATION values(1000656, '808748414733', '364467995', 'd64bade3-16b0-431d-a117-b6bb8175644e', '11', '1111', 0, '22', 1, 1, 0, 0, 0, 0, 0 );
insert into FIR.DECLARATION values(1000657, '936667971700', '983951979', 'b5adf1c0-9258-4c72-a691-d7b31e05f2b8', '11', '1111', 0, '22', 1, 1, 0, 0, 0, 0, 0 );
insert into FIR.DECLARATION values(1000658, '669058954893', '547016749', '5127af48-d783-42db-9a05-4ecfd22c82fe', '11', '1111', 0, '22', 1, 1, 0, 0, 0, 0, 0 );
insert into FIR.DECLARATION values(1000659, '469217387856', '970908150', 'ecde7e44-8392-4309-ba9a-0325c9abb983', '11', '1111', 0, '22', 1, 1, 0, 0, 0, 0, 0 );
insert into FIR.DECLARATION values(1000660, '841556146539', '823451466', '59871af8-236e-4e37-951b-2150523fa1b6', '11', '1111', 0, '22', 1, 1, 0, 0, 0, 0, 0 );
insert into FIR.DECLARATION values(1000661, '603041214491', '246343996', 'a10c945d-ca4a-4001-b989-c3e1f88ef64b', '11', '1111', 0, '22', 1, 1, 0, 0, 0, 0, 0 );
insert into FIR.DECLARATION values(1000662, '108808427646', '108513577', 'f962e8cc-16db-4c03-b87f-a3e578f9b040', '11', '1111', 0, '22', 1, 1, 0, 0, 0, 0, 0 );
insert into FIR.DECLARATION values(1000663, '625861317333', '307108440', 'e563fe2d-d7c7-4e02-b49f-f3ec97d24f60', '11', '1111', 0, '22', 1, 1, 0, 0, 0, 0, 0 );
insert into FIR.DECLARATION values(1000664, '459257272223', '259693753', '9b4a9560-5a64-489b-972d-7b27441735bb', '11', '1111', 0, '22', 1, 1, 0, 0, 0, 0, 0 );
insert into FIR.DECLARATION values(1000665, '424604826471', '689938623', 'ebf4fa83-5e1e-4d47-8905-40d6bad231fa', '11', '1111', 0, '22', 1, 1, 0, 0, 0, 0, 0 );
insert into FIR.DECLARATION values(1000666, '450749653705', '355989497', 'd7860a0a-a791-4c6b-a132-b187ce09870d', '11', '1111', 0, '22', 1, 1, 0, 0, 0, 0, 0 );
insert into FIR.DECLARATION values(1000667, '600274203187', '572600826', '3acaa164-ba69-4289-84a3-90f8947a684a', '11', '1111', 0, '22', 1, 1, 0, 0, 0, 0, 0 );
insert into FIR.DECLARATION values(1000668, '738372313175', '533984430', 'e9e53f59-9c9f-4dff-82a0-9ec66122a009', '11', '1111', 0, '22', 1, 1, 0, 0, 0, 0, 0 );
insert into FIR.DECLARATION values(1000669, '905638225610', '816206801', '4710d41d-86fc-4aea-9a65-628b4d53d935', '11', '1111', 0, '22', 1, 1, 0, 0, 0, 0, 0 );
insert into FIR.DECLARATION values(1000670, '824978438574', '419944647', '2fa7674c-8761-433a-b7de-b756d7919783', '11', '1111', 0, '22', 1, 1, 0, 0, 0, 0, 0 );
insert into FIR.DECLARATION values(1000671, '437838726265', '348606293', 'c3230acb-23f6-4e69-b8e9-da3e2d2f22db', '11', '1111', 0, '22', 1, 1, 0, 0, 0, 0, 0 );
insert into FIR.DECLARATION values(1000672, '395952726085', '913237375', 'e8d50661-edb9-4f57-ba87-d8e0b04c75f6', '11', '1111', 0, '22', 1, 1, 0, 0, 0, 0, 0 );
insert into FIR.DECLARATION values(1000673, '869420148436', '563604897', '8e5a5666-8dc2-437e-8ae3-b2c16e2a0347', '11', '1111', 0, '22', 1, 1, 0, 0, 0, 0, 0 );
insert into FIR.DECLARATION values(1000674, '596030141302', '342124172', '633ea595-bd78-435a-af9e-63bbe6cd73e7', '11', '1111', 0, '22', 1, 1, 0, 0, 0, 0, 0 );
insert into FIR.DECLARATION values(1000675, '798943163980', '521304307', '2a1a7449-ee17-4047-9e13-a4bf1e16193c', '52', '5252', 1, '21', 1, 1, 44, 20.3461245267401104, 0.975516442663742, 0.0458815093365877, 0.4624119210622752363636363636 );
insert into FIR.DISCREPANCY_RAW values(1000660,  sysdate, 1, '1', 20, 0.278656881898016, 0.782538265354251, '21', '2014', '798943163980', '395771882877', '10166', 1000675, '/231', '1000676', '2' );
insert into FIR.DISCREPANCY_RAW values(1000661,  sysdate, 1, '1', 20, 0.33962565769424, 0.13487341959722, '21', '2014', '798943163980', '941724359494', '10166', 1000675, '/231', '1000677', '2' );
insert into FIR.DISCREPANCY_RAW values(1000662,  sysdate, 1, '1', 20, 0.65368184151765, 0.396267451064786, '21', '2014', '798943163980', '991232341209', '10166', 1000675, '/231', '1000678', '2' );
insert into FIR.DISCREPANCY_RAW values(1000663,  sysdate, 1, '1', 20, 0.687488638184726, 0.168784756757684, '21', '2014', '798943163980', '224485681302', '10166', 1000675, '/231', '1000679', '2' );
insert into FIR.DISCREPANCY_RAW values(1000664,  sysdate, 1, '1', 20, 0.919788518417528, 0.484512926304952, '21', '2014', '798943163980', '575209694955', '10167', 1000675, '/231', '1000680', '2' );
insert into FIR.DISCREPANCY_RAW values(1000665,  sysdate, 1, '1', 20, 0.0836148150654579, 0.886152750293795, '21', '2014', '798943163980', '870255772275', '10167', 1000675, '/231', '1000681', '2' );
insert into FIR.DISCREPANCY_RAW values(1000666,  sysdate, 1, '1', 20, 0.244769946786002, 0.836999210918788, '21', '2014', '798943163980', '832124161860', '10167', 1000675, '/231', '1000682', '2' );
insert into FIR.DISCREPANCY_RAW values(1000667,  sysdate, 1, '1', 20, 0.481627146937711, 0.706618940786747, '21', '2014', '798943163980', '291506756750', '10167', 1000675, '/231', '1000683', '2' );
insert into FIR.DISCREPANCY_RAW values(1000668,  sysdate, 1, '1', 20, 0.487527454964597, 0.434580208004722, '21', '2014', '798943163980', '272138390203', '10168', 1000675, '/231', '1000684', '2' );
insert into FIR.DISCREPANCY_RAW values(1000669,  sysdate, 1, '1', 20, 0.677958119976315, 0.0860552271297459, '21', '2014', '798943163980', '114871129470', '10168', 1000675, '/231', '1000685', '2' );
insert into FIR.DISCREPANCY_RAW values(1000670,  sysdate, 1, '1', 20, 0.241581143458179, 0.52488456551213, '21', '2014', '798943163980', '554458502349', '10168', 1000675, '/231', '1000686', '2' );
insert into FIR.DISCREPANCY_RAW values(1000671,  sysdate, 1, '1', 20, 0.515933336464657, 0.219294406575754, '21', '2014', '798943163980', '975292866750', '10168', 1000675, '/231', '1000687', '2' );
insert into FIR.DISCREPANCY_RAW values(1000672,  sysdate, 1, '1', 20, 0.143252843591968, 0.442205765956177, '21', '2014', '798943163980', '441211991956', '10169', 1000675, '/231', '1000688', '2' );
insert into FIR.DISCREPANCY_RAW values(1000673,  sysdate, 1, '1', 20, 0.675875113660412, 0.0734021421863707, '21', '2014', '798943163980', '968523648075', '10169', 1000675, '/231', '1000689', '2' );
insert into FIR.DISCREPANCY_RAW values(1000674,  sysdate, 1, '1', 20, 0.83839595915675, 0.975516442663742, '21', '2014', '798943163980', '624388739956', '10169', 1000675, '/231', '1000690', '2' );
insert into FIR.DISCREPANCY_RAW values(1000675,  sysdate, 1, '1', 20, 0.989936619526677, 0.32695708765041, '21', '2014', '798943163980', '982967361748', '10169', 1000675, '/231', '1000691', '2' );
insert into FIR.DISCREPANCY_RAW values(1000676,  sysdate, 1, '1', 20, 0.125482231902649, 0.0529810260296711, '21', '2014', '798943163980', '857075230106', '10170', 1000675, '/231', '1000692', '2' );
insert into FIR.DISCREPANCY_RAW values(1000677,  sysdate, 1, '1', 20, 0.251156936516593, 0.636024299839523, '21', '2014', '798943163980', '709228182121', '10170', 1000675, '/231', '1000693', '2' );
insert into FIR.DISCREPANCY_RAW values(1000678,  sysdate, 1, '1', 20, 0.191745651509494, 0.152213682957093, '21', '2014', '798943163980', '285773520357', '10170', 1000675, '/231', '1000694', '2' );
insert into FIR.DISCREPANCY_RAW values(1000679,  sysdate, 1, '1', 20, 0.437487693241559, 0.796607141753941, '21', '2014', '798943163980', '932922588957', '10170', 1000675, '/231', '1000695', '2' );
insert into FIR.DISCREPANCY_RAW values(1000680,  sysdate, 1, '1', 20, 0.988612693729164, 0.0458815093365877, '21', '2014', '798943163980', '118925786407', '10171', 1000675, '/231', '1000696', '2' );
insert into FIR.DISCREPANCY_RAW values(1000681,  sysdate, 1, '1', 20, 0.538353960280471, 0.784831816696018, '21', '2014', '798943163980', '802620482848', '10171', 1000675, '/231', '1000697', '2' );
insert into FIR.DISCREPANCY_RAW values(1000682,  sysdate, 1, '1', 20, 0.00617038226042426, 0.242486734521802, '21', '2014', '798943163980', '758469740452', '10171', 1000675, '/231', '1000698', '2' );
insert into FIR.DISCREPANCY_RAW values(1000683,  sysdate, 1, '1', 20, 0.910108450758321, 0.446000046304427, '21', '2014', '798943163980', '694742955457', '10171', 1000675, '/231', '1000699', '2' );
insert into FIR.DISCREPANCY_RAW values(1000684,  sysdate, 1, '1', 20, 0.40760728037339, 0.661028009215848, '21', '2014', '798943163980', '310360586849', '10172', 1000675, '/231', '1000700', '2' );
insert into FIR.DISCREPANCY_RAW values(1000685,  sysdate, 1, '1', 20, 0.125377625751019, 0.379027894874582, '21', '2014', '798943163980', '478030906581', '10172', 1000675, '/231', '1000701', '2' );
insert into FIR.DISCREPANCY_RAW values(1000686,  sysdate, 1, '1', 20, 0.667402223994677, 0.227751240240294, '21', '2014', '798943163980', '551353631977', '10172', 1000675, '/231', '1000702', '2' );
insert into FIR.DISCREPANCY_RAW values(1000687,  sysdate, 1, '1', 20, 0.609816666976463, 0.905700844202983, '21', '2014', '798943163980', '872506163433', '10172', 1000675, '/231', '1000703', '2' );
insert into FIR.DISCREPANCY_RAW values(1000688,  sysdate, 1, '1', 20, 0.430271772402465, 0.368786379401007, '21', '2014', '798943163980', '205837738469', '10173', 1000675, '/231', '1000704', '2' );
insert into FIR.DISCREPANCY_RAW values(1000689,  sysdate, 1, '1', 20, 0.559441660791376, 0.213471702865079, '21', '2014', '798943163980', '727812800925', '10173', 1000675, '/231', '1000705', '2' );
insert into FIR.DISCREPANCY_RAW values(1000690,  sysdate, 1, '1', 20, 0.979578992808042, 0.466208679818645, '21', '2014', '798943163980', '764299444601', '10173', 1000675, '/231', '1000706', '2' );
insert into FIR.DISCREPANCY_RAW values(1000691,  sysdate, 1, '1', 20, 0.163531933521634, 0.693802081837227, '21', '2014', '798943163980', '165007167524', '10173', 1000675, '/231', '1000707', '2' );
insert into FIR.DISCREPANCY_RAW values(1000692,  sysdate, 1, '1', 20, 0.931478352719675, 0.134617322187227, '21', '2014', '798943163980', '362175270669', '10174', 1000675, '/231', '1000708', '2' );
insert into FIR.DISCREPANCY_RAW values(1000693,  sysdate, 1, '1', 20, 0.243664410078742, 0.521805349049068, '21', '2014', '798943163980', '636433699118', '10174', 1000675, '/231', '1000709', '2' );
insert into FIR.DISCREPANCY_RAW values(1000694,  sysdate, 1, '1', 20, 0.324878339806981, 0.323964972199856, '21', '2014', '798943163980', '529176152769', '10174', 1000675, '/231', '1000710', '2' );
insert into FIR.DISCREPANCY_RAW values(1000695,  sysdate, 1, '1', 20, 0.901053412771343, 0.534276970910969, '21', '2014', '798943163980', '528050701855', '10174', 1000675, '/231', '1000711', '2' );
insert into FIR.DISCREPANCY_RAW values(1000696,  sysdate, 1, '1', 20, 0.0523343477641858, 0.489008014318071, '21', '2014', '798943163980', '505974997620', '10175', 1000675, '/231', '1000712', '2' );
insert into FIR.DISCREPANCY_RAW values(1000697,  sysdate, 1, '1', 20, 0.496315211288778, 0.732926552990883, '21', '2014', '798943163980', '774557156243', '10175', 1000675, '/231', '1000713', '2' );
insert into FIR.DISCREPANCY_RAW values(1000698,  sysdate, 1, '1', 20, 0.681289118100558, 0.163967837655902, '21', '2014', '798943163980', '782692242334', '10175', 1000675, '/231', '1000714', '2' );
insert into FIR.DISCREPANCY_RAW values(1000699,  sysdate, 1, '1', 20, 0.316244686635325, 0.507785426689212, '21', '2014', '798943163980', '652234115243', '10175', 1000675, '/231', '1000715', '2' );
insert into FIR.DISCREPANCY_RAW values(1000700,  sysdate, 1, '1', 20, 0.30706360717633, 0.482815642134666, '21', '2014', '798943163980', '285974682545', '10176', 1000675, '/231', '1000716', '2' );
insert into FIR.DISCREPANCY_RAW values(1000701,  sysdate, 1, '1', 20, 0.0797897903620218, 0.791490498833121, '21', '2014', '798943163980', '365585699883', '10176', 1000675, '/231', '1000717', '2' );
insert into FIR.DISCREPANCY_RAW values(1000702,  sysdate, 1, '1', 20, 0.794839393251966, 0.397938952500904, '21', '2014', '798943163980', '489111838580', '10176', 1000675, '/231', '1000718', '2' );
insert into FIR.DISCREPANCY_RAW values(1000703,  sysdate, 1, '1', 20, 0.334387528400117, 0.713080330618229, '21', '2014', '798943163980', '836956621447', '10176', 1000675, '/231', '1000719', '2' );
insert into FIR.DECLARATION values(1000676, '746538422175', '380634399', '83ca44c3-d653-41d4-94ab-8e3c29981fa1', '11', '1111', 0, '22', 1, 1, 0, 0, 0, 0, 0 );
insert into FIR.DECLARATION values(1000677, '730144626327', '897090806', '7e3115cd-ad3b-46a8-912c-51870d1dafae', '11', '1111', 0, '22', 1, 1, 0, 0, 0, 0, 0 );
insert into FIR.DECLARATION values(1000678, '937305538895', '861719437', 'a99d017e-ba9f-4674-9389-f08f154be799', '11', '1111', 0, '22', 1, 1, 0, 0, 0, 0, 0 );
insert into FIR.DECLARATION values(1000679, '937168820264', '917618965', 'f2e2d8d0-389c-4678-a5eb-294fd5c31a40', '11', '1111', 0, '22', 1, 1, 0, 0, 0, 0, 0 );
insert into FIR.DECLARATION values(1000680, '670875146276', '527530952', '8a615ab3-71f5-4f1e-92d3-130c71a37903', '11', '1111', 0, '22', 1, 1, 0, 0, 0, 0, 0 );
insert into FIR.DECLARATION values(1000681, '272818233697', '716067682', '207d8e4e-18e9-4e1e-a301-240ee17a97bc', '11', '1111', 0, '22', 1, 1, 0, 0, 0, 0, 0 );
insert into FIR.DECLARATION values(1000682, '510105747581', '356703287', 'ed57fd08-234d-4dbd-88b6-f332a5567d26', '11', '1111', 0, '22', 1, 1, 0, 0, 0, 0, 0 );
insert into FIR.DECLARATION values(1000683, '171537712613', '379402480', '5cae214e-9400-4a76-9085-e9496d778df4', '11', '1111', 0, '22', 1, 1, 0, 0, 0, 0, 0 );
insert into FIR.DECLARATION values(1000684, '586404861978', '487583375', '062fe4fa-9937-4f54-81f4-dd7ea4e72dc8', '11', '1111', 0, '22', 1, 1, 0, 0, 0, 0, 0 );
insert into FIR.DECLARATION values(1000685, '467233436098', '212386361', '4b3856c9-185f-4c2d-89d3-4c73fd3b233c', '11', '1111', 0, '22', 1, 1, 0, 0, 0, 0, 0 );
insert into FIR.DECLARATION values(1000686, '537739303194', '320017836', 'e97aa05a-648a-4ecc-85be-00917a49e03e', '11', '1111', 0, '22', 1, 1, 0, 0, 0, 0, 0 );
insert into FIR.DECLARATION values(1000687, '826455260292', '792626142', '61760f50-41b4-4efd-979e-20d5018b0733', '11', '1111', 0, '22', 1, 1, 0, 0, 0, 0, 0 );
insert into FIR.DECLARATION values(1000688, '513594778137', '453695671', 'b91d8cec-f4bb-4411-8747-c6aa9ac79386', '11', '1111', 0, '22', 1, 1, 0, 0, 0, 0, 0 );
insert into FIR.DECLARATION values(1000689, '967174866238', '853921873', '98f13faa-73bf-46a8-a29b-2770061d4739', '11', '1111', 0, '22', 1, 1, 0, 0, 0, 0, 0 );
insert into FIR.DECLARATION values(1000690, '841333639951', '165089225', '826e4ff9-d2fe-4a32-b043-2e49172bb3ac', '11', '1111', 0, '22', 1, 1, 0, 0, 0, 0, 0 );
insert into FIR.DECLARATION values(1000691, '584169568461', '776660356', '4c4afef8-cee8-4238-86fe-44ad24970b69', '11', '1111', 0, '22', 1, 1, 0, 0, 0, 0, 0 );
insert into FIR.DECLARATION values(1000692, '716548219276', '320759232', '6627fa46-6c18-4228-b22d-f2318a11c5f2', '11', '1111', 0, '22', 1, 1, 0, 0, 0, 0, 0 );
insert into FIR.DECLARATION values(1000693, '579744932691', '274762566', '36323f45-1ad8-47ad-b994-67a533a65dd7', '11', '1111', 0, '22', 1, 1, 0, 0, 0, 0, 0 );
insert into FIR.DECLARATION values(1000694, '340086324313', '760237258', '995d4b3a-043b-405a-b351-9b5710fd0a6f', '11', '1111', 0, '22', 1, 1, 0, 0, 0, 0, 0 );
insert into FIR.DECLARATION values(1000695, '114709193243', '483641997', '0b2b94a6-2d64-432d-b98f-8dd24c1da492', '11', '1111', 0, '22', 1, 1, 0, 0, 0, 0, 0 );
insert into FIR.DECLARATION values(1000696, '317964715722', '545550811', 'd29755e8-7083-41fb-b98a-b7ab8c29153e', '11', '1111', 0, '22', 1, 1, 0, 0, 0, 0, 0 );
insert into FIR.DECLARATION values(1000697, '843206462781', '728591129', '7c4a7f79-f8f9-4087-aa77-084773bfe4a9', '11', '1111', 0, '22', 1, 1, 0, 0, 0, 0, 0 );
insert into FIR.DECLARATION values(1000698, '232587462300', '955750947', '56501f0b-0f60-41cd-a90c-e0b8298775ac', '11', '1111', 0, '22', 1, 1, 0, 0, 0, 0, 0 );
insert into FIR.DECLARATION values(1000699, '122703167682', '327981174', '0ccf15d1-2080-47ac-9b66-b1d6b7030473', '11', '1111', 0, '22', 1, 1, 0, 0, 0, 0, 0 );
insert into FIR.DECLARATION values(1000700, '933265425076', '458453468', '3c721234-4a26-4fff-843b-8d8f20b19907', '11', '1111', 0, '22', 1, 1, 0, 0, 0, 0, 0 );
insert into FIR.DECLARATION values(1000701, '109070484855', '397621661', '5354e530-1c5d-429a-915a-e70993091ebf', '11', '1111', 0, '22', 1, 1, 0, 0, 0, 0, 0 );
insert into FIR.DECLARATION values(1000702, '682854299405', '306543264', '31809aa3-7c23-4c8e-8bf8-c1c1dcdb0fe6', '11', '1111', 0, '22', 1, 1, 0, 0, 0, 0, 0 );
insert into FIR.DECLARATION values(1000703, '598041937461', '618734688', 'db18b3e1-71f7-4e80-846a-72603a576b28', '11', '1111', 0, '22', 1, 1, 0, 0, 0, 0, 0 );
insert into FIR.DECLARATION values(1000704, '343058446735', '594402261', '1e993fc2-0850-43d1-bbe6-e2bc8d334a52', '11', '1111', 0, '22', 1, 1, 0, 0, 0, 0, 0 );
insert into FIR.DECLARATION values(1000705, '616629603088', '927876136', '0d527995-3b07-431d-84c8-f388cb372795', '11', '1111', 0, '22', 1, 1, 0, 0, 0, 0, 0 );
insert into FIR.DECLARATION values(1000706, '772322564584', '892914250', 'c3de2001-4965-4240-af3d-aeafd1de868c', '11', '1111', 0, '22', 1, 1, 0, 0, 0, 0, 0 );
insert into FIR.DECLARATION values(1000707, '236229864226', '387802527', '0d2b1e39-93fd-4322-acf3-82386a210ec0', '11', '1111', 0, '22', 1, 1, 0, 0, 0, 0, 0 );
insert into FIR.DECLARATION values(1000708, '198760198202', '273449759', '71b5a81e-e1f3-45d2-9d10-8d97173488b3', '11', '1111', 0, '22', 1, 1, 0, 0, 0, 0, 0 );
insert into FIR.DECLARATION values(1000709, '244723188962', '382557183', 'f0044734-09d9-429f-b9e2-a269ca1a8cc8', '11', '1111', 0, '22', 1, 1, 0, 0, 0, 0, 0 );
insert into FIR.DECLARATION values(1000710, '229519639582', '860973153', '7f954140-0d11-4af3-bb6a-7ee39dce446a', '11', '1111', 0, '22', 1, 1, 0, 0, 0, 0, 0 );
insert into FIR.DECLARATION values(1000711, '824117309353', '389711293', 'bbc04fe3-9bab-4ede-bd51-b5f95dc911a5', '11', '1111', 0, '22', 1, 1, 0, 0, 0, 0, 0 );
insert into FIR.DECLARATION values(1000712, '885097944999', '725930896', 'f1cd754e-5bc4-496a-9cf7-e36e0bfd4548', '11', '1111', 0, '22', 1, 1, 0, 0, 0, 0, 0 );
insert into FIR.DECLARATION values(1000713, '263807288763', '960223481', '1ab89abc-b8d9-4ebe-8332-2849aa822d62', '11', '1111', 0, '22', 1, 1, 0, 0, 0, 0, 0 );
insert into FIR.DECLARATION values(1000714, '388305553656', '458024669', 'a838bb60-c322-4b9c-a41e-8d07274d6464', '11', '1111', 0, '22', 1, 1, 0, 0, 0, 0, 0 );
insert into FIR.DECLARATION values(1000715, '574821882433', '197793894', '574728f3-458d-4878-bb8c-f7384a6d487e', '11', '1111', 0, '22', 1, 1, 0, 0, 0, 0, 0 );
insert into FIR.DECLARATION values(1000716, '642012151657', '407581541', 'c9c2e41e-f51a-4dbe-8826-34fc0d09bc04', '11', '1111', 0, '22', 1, 1, 0, 0, 0, 0, 0 );
insert into FIR.DECLARATION values(1000717, '529697655178', '466040919', '8a397c47-45b2-4a7b-b0e3-fc1bceb1e533', '11', '1111', 0, '22', 1, 1, 0, 0, 0, 0, 0 );
insert into FIR.DECLARATION values(1000718, '459496901010', '724243845', '09dbd3fb-64c0-4ebd-8720-6be198ef0d0e', '11', '1111', 0, '22', 1, 1, 0, 0, 0, 0, 0 );
insert into FIR.DECLARATION values(1000719, '755704676733', '371840255', 'e8c30c53-c8cc-4f01-b2d6-c98a420616fd', '11', '1111', 0, '22', 1, 1, 0, 0, 0, 0, 0 );
insert into FIR.DECLARATION values(1000720, '925401543746', '116269685', 'ec41a0be-45b6-4c23-bcf4-50f375501255', '52', '5252', 1, '21', 1, 1, 44, 19.75662591250456292, 0.949151913611755, 0.00820516748735922, 0.4490142252841946118181818182 );
insert into FIR.DISCREPANCY_RAW values(1000704,  sysdate, 1, '1', 20, 0.702647322650369, 0.60200460609142, '21', '2014', '925401543746', '109026325055', '10177', 1000720, '/231', '1000721', '2' );
insert into FIR.DISCREPANCY_RAW values(1000705,  sysdate, 1, '1', 20, 0.295904352933124, 0.214590888104677, '21', '2014', '925401543746', '799805245123', '10177', 1000720, '/231', '1000722', '2' );
insert into FIR.DISCREPANCY_RAW values(1000706,  sysdate, 1, '1', 20, 0.618214424056101, 0.51048116828803, '21', '2014', '925401543746', '161541508501', '10177', 1000720, '/231', '1000723', '2' );
insert into FIR.DISCREPANCY_RAW values(1000707,  sysdate, 1, '1', 20, 0.115655053926471, 0.269110396629716, '21', '2014', '925401543746', '702399304958', '10177', 1000720, '/231', '1000724', '2' );
insert into FIR.DISCREPANCY_RAW values(1000708,  sysdate, 1, '1', 20, 0.1264491798945, 0.672451005630405, '21', '2014', '925401543746', '888981183893', '10178', 1000720, '/231', '1000725', '2' );
insert into FIR.DISCREPANCY_RAW values(1000709,  sysdate, 1, '1', 20, 0.929446963094849, 0.775908024411606, '21', '2014', '925401543746', '813249377451', '10178', 1000720, '/231', '1000726', '2' );
insert into FIR.DISCREPANCY_RAW values(1000710,  sysdate, 1, '1', 20, 0.548679616557751, 0.64144545823403, '21', '2014', '925401543746', '826110849342', '10178', 1000720, '/231', '1000727', '2' );
insert into FIR.DISCREPANCY_RAW values(1000711,  sysdate, 1, '1', 20, 0.497532902051477, 0.230375686767686, '21', '2014', '925401543746', '733160114469', '10178', 1000720, '/231', '1000728', '2' );
insert into FIR.DISCREPANCY_RAW values(1000712,  sysdate, 1, '1', 20, 0.149944393034067, 0.912425103556563, '21', '2014', '925401543746', '931323222106', '10179', 1000720, '/231', '1000729', '2' );
insert into FIR.DISCREPANCY_RAW values(1000713,  sysdate, 1, '1', 20, 0.107996812140568, 0.796879779452868, '21', '2014', '925401543746', '215875584774', '10179', 1000720, '/231', '1000730', '2' );
insert into FIR.DISCREPANCY_RAW values(1000714,  sysdate, 1, '1', 20, 0.447629301551557, 0.566172697379334, '21', '2014', '925401543746', '396679231966', '10179', 1000720, '/231', '1000731', '2' );
insert into FIR.DISCREPANCY_RAW values(1000715,  sysdate, 1, '1', 20, 0.754185817555611, 0.00820516748735922, '21', '2014', '925401543746', '418941405315', '10179', 1000720, '/231', '1000732', '2' );
insert into FIR.DISCREPANCY_RAW values(1000716,  sysdate, 1, '1', 20, 0.309399982127082, 0.118655383642137, '21', '2014', '925401543746', '549133827495', '10180', 1000720, '/231', '1000733', '2' );
insert into FIR.DISCREPANCY_RAW values(1000717,  sysdate, 1, '1', 20, 0.936803513177114, 0.277033676056673, '21', '2014', '925401543746', '459755533209', '10180', 1000720, '/231', '1000734', '2' );
insert into FIR.DISCREPANCY_RAW values(1000718,  sysdate, 1, '1', 20, 0.455127908128839, 0.491876980518865, '21', '2014', '925401543746', '388618647072', '10180', 1000720, '/231', '1000735', '2' );
insert into FIR.DISCREPANCY_RAW values(1000719,  sysdate, 1, '1', 20, 0.865047380730998, 0.901744887187027, '21', '2014', '925401543746', '503047519416', '10180', 1000720, '/231', '1000736', '2' );
insert into FIR.DISCREPANCY_RAW values(1000720,  sysdate, 1, '1', 20, 0.986601882607956, 0.187244194646945, '21', '2014', '925401543746', '604016977690', '10181', 1000720, '/231', '1000737', '2' );
insert into FIR.DISCREPANCY_RAW values(1000721,  sysdate, 1, '1', 20, 0.223788993537328, 0.104675894651877, '21', '2014', '925401543746', '567511925441', '10181', 1000720, '/231', '1000738', '2' );
insert into FIR.DISCREPANCY_RAW values(1000722,  sysdate, 1, '1', 20, 0.838814012631222, 0.0462656067899734, '21', '2014', '925401543746', '687771876694', '10181', 1000720, '/231', '1000739', '2' );
insert into FIR.DISCREPANCY_RAW values(1000723,  sysdate, 1, '1', 20, 0.985602605149896, 0.375409984204643, '21', '2014', '925401543746', '723407467057', '10181', 1000720, '/231', '1000740', '2' );
insert into FIR.DISCREPANCY_RAW values(1000724,  sysdate, 1, '1', 20, 0.349976396816772, 0.77248290030867, '21', '2014', '925401543746', '201309592209', '10182', 1000720, '/231', '1000741', '2' );
insert into FIR.DISCREPANCY_RAW values(1000725,  sysdate, 1, '1', 20, 0.828067958274888, 0.949151913611755, '21', '2014', '925401543746', '769868896081', '10182', 1000720, '/231', '1000742', '2' );
insert into FIR.DISCREPANCY_RAW values(1000726,  sysdate, 1, '1', 20, 0.763408899662741, 0.382232032894265, '21', '2014', '925401543746', '577712668004', '10182', 1000720, '/231', '1000743', '2' );
insert into FIR.DISCREPANCY_RAW values(1000727,  sysdate, 1, '1', 20, 0.293195326017772, 0.351847930975188, '21', '2014', '925401543746', '302815533380', '10182', 1000720, '/231', '1000744', '2' );
insert into FIR.DISCREPANCY_RAW values(1000728,  sysdate, 1, '1', 20, 0.099859355995366, 0.907349765723268, '21', '2014', '925401543746', '535167964388', '10183', 1000720, '/231', '1000745', '2' );
insert into FIR.DISCREPANCY_RAW values(1000729,  sysdate, 1, '1', 20, 0.179334685289922, 0.711461743205535, '21', '2014', '925401543746', '358676960614', '10183', 1000720, '/231', '1000746', '2' );
insert into FIR.DISCREPANCY_RAW values(1000730,  sysdate, 1, '1', 20, 0.908484845379593, 0.0567817418169145, '21', '2014', '925401543746', '926443834424', '10183', 1000720, '/231', '1000747', '2' );
insert into FIR.DISCREPANCY_RAW values(1000731,  sysdate, 1, '1', 20, 0.874844186881019, 0.388656506495856, '21', '2014', '925401543746', '811292426244', '10183', 1000720, '/231', '1000748', '2' );
insert into FIR.DISCREPANCY_RAW values(1000732,  sysdate, 1, '1', 20, 0.0373030225920039, 0.178299727001367, '21', '2014', '925401543746', '888987657806', '10184', 1000720, '/231', '1000749', '2' );
insert into FIR.DISCREPANCY_RAW values(1000733,  sysdate, 1, '1', 20, 0.41455682479523, 0.71661143364227, '21', '2014', '925401543746', '915269815122', '10184', 1000720, '/231', '1000750', '2' );
insert into FIR.DISCREPANCY_RAW values(1000734,  sysdate, 1, '1', 20, 0.744929676756696, 0.90934964823972, '21', '2014', '925401543746', '110774250777', '10184', 1000720, '/231', '1000751', '2' );
insert into FIR.DISCREPANCY_RAW values(1000735,  sysdate, 1, '1', 20, 0.982682101886106, 0.899396509350928, '21', '2014', '925401543746', '335333593928', '10184', 1000720, '/231', '1000752', '2' );
insert into FIR.DISCREPANCY_RAW values(1000736,  sysdate, 1, '1', 20, 0.507065858928052, 0.394642045905181, '21', '2014', '925401543746', '236260763435', '10185', 1000720, '/231', '1000753', '2' );
insert into FIR.DISCREPANCY_RAW values(1000737,  sysdate, 1, '1', 20, 0.415643007222397, 0.283706241419402, '21', '2014', '925401543746', '869185254410', '10185', 1000720, '/231', '1000754', '2' );
insert into FIR.DISCREPANCY_RAW values(1000738,  sysdate, 1, '1', 20, 0.867922036381402, 0.31726887790359, '21', '2014', '925401543746', '969986722046', '10185', 1000720, '/231', '1000755', '2' );
insert into FIR.DISCREPANCY_RAW values(1000739,  sysdate, 1, '1', 20, 0.875621150189834, 0.353877057486156, '21', '2014', '925401543746', '723625626569', '10185', 1000720, '/231', '1000756', '2' );
insert into FIR.DISCREPANCY_RAW values(1000740,  sysdate, 1, '1', 20, 0.0381530104382676, 0.229885482802002, '21', '2014', '925401543746', '335621201557', '10186', 1000720, '/231', '1000757', '2' );
insert into FIR.DISCREPANCY_RAW values(1000741,  sysdate, 1, '1', 20, 0.670898569594556, 0.366926072801895, '21', '2014', '925401543746', '915203374496', '10186', 1000720, '/231', '1000758', '2' );
insert into FIR.DISCREPANCY_RAW values(1000742,  sysdate, 1, '1', 20, 0.866335294147178, 0.0372111643837817, '21', '2014', '925401543746', '145216799168', '10186', 1000720, '/231', '1000759', '2' );
insert into FIR.DISCREPANCY_RAW values(1000743,  sysdate, 1, '1', 20, 0.819731131112078, 0.0572920069365259, '21', '2014', '925401543746', '287776875231', '10186', 1000720, '/231', '1000760', '2' );
insert into FIR.DISCREPANCY_RAW values(1000744,  sysdate, 1, '1', 20, 0.264520393342022, 0.0739694983111552, '21', '2014', '925401543746', '852638796625', '10187', 1000720, '/231', '1000761', '2' );
insert into FIR.DISCREPANCY_RAW values(1000745,  sysdate, 1, '1', 20, 0.392431691006027, 0.265912181821611, '21', '2014', '925401543746', '994016300212', '10187', 1000720, '/231', '1000762', '2' );
insert into FIR.DISCREPANCY_RAW values(1000746,  sysdate, 1, '1', 20, 0.704600714940858, 0.629494525785322, '21', '2014', '925401543746', '172378483838', '10187', 1000720, '/231', '1000763', '2' );
insert into FIR.DISCREPANCY_RAW values(1000747,  sysdate, 1, '1', 20, 0.415822036757982, 0.81986231395037, '21', '2014', '925401543746', '777831920564', '10187', 1000720, '/231', '1000764', '2' );
insert into FIR.DECLARATION values(1000721, '467324436104', '408913945', '9ad62994-3ce7-40ac-944b-cbb5940a0b1c', '11', '1111', 0, '23', 1, 1, 0, 0, 0, 0, 0 );
insert into FIR.DECLARATION values(1000722, '900905154531', '572807254', 'd2fe17e3-eb89-4b28-bdd4-ff2b4216bab1', '11', '1111', 0, '23', 1, 1, 0, 0, 0, 0, 0 );
insert into FIR.DECLARATION values(1000723, '263645492480', '613908962', '069c994f-5871-4a38-9db1-7431222cf160', '11', '1111', 0, '23', 1, 1, 0, 0, 0, 0, 0 );
insert into FIR.DECLARATION values(1000724, '526672564553', '341819778', 'ced411f4-86cc-4e5a-ac5a-f6be7b44a772', '11', '1111', 0, '23', 1, 1, 0, 0, 0, 0, 0 );
insert into FIR.DECLARATION values(1000725, '858124174614', '860065634', 'b86f45f8-e6ce-4834-a881-5f08b0b30fcb', '11', '1111', 0, '23', 1, 1, 0, 0, 0, 0, 0 );
insert into FIR.DECLARATION values(1000726, '115812179950', '165870896', 'fcbadb2e-d707-43f6-baaf-9f0147a13139', '11', '1111', 0, '23', 1, 1, 0, 0, 0, 0, 0 );
insert into FIR.DECLARATION values(1000727, '463771314841', '702591172', '229eda11-578b-4fe2-a18d-874ff3831480', '11', '1111', 0, '23', 1, 1, 0, 0, 0, 0, 0 );
insert into FIR.DECLARATION values(1000728, '605786698773', '546177879', '8b6cb2d4-59a5-428a-9c9a-93932dd921e0', '11', '1111', 0, '23', 1, 1, 0, 0, 0, 0, 0 );
insert into FIR.DECLARATION values(1000729, '448142572146', '347355562', 'a96edf27-b413-413a-b705-0f13c65a127a', '11', '1111', 0, '23', 1, 1, 0, 0, 0, 0, 0 );
insert into FIR.DECLARATION values(1000730, '677439790170', '518914194', 'c22f27de-7938-4afc-a869-f102adbe802a', '11', '1111', 0, '23', 1, 1, 0, 0, 0, 0, 0 );
insert into FIR.DECLARATION values(1000731, '503773336468', '890881403', '58b89509-8dbc-4469-83c2-23e4f0a63eac', '11', '1111', 0, '23', 1, 1, 0, 0, 0, 0, 0 );
insert into FIR.DECLARATION values(1000732, '334860740214', '304766213', '99ec7e9c-4ec0-4d40-9536-10ffda502d0d', '11', '1111', 0, '23', 1, 1, 0, 0, 0, 0, 0 );
insert into FIR.DECLARATION values(1000733, '616836650881', '378376303', 'e70c0b97-a471-423e-9056-7ba81ff7bcf1', '11', '1111', 0, '23', 1, 1, 0, 0, 0, 0, 0 );
insert into FIR.DECLARATION values(1000734, '383568648203', '557184386', 'eab7f4b2-8f4e-418b-91ea-1f19390fbd8e', '11', '1111', 0, '23', 1, 1, 0, 0, 0, 0, 0 );
insert into FIR.DECLARATION values(1000735, '885757319418', '499393876', '31983056-2601-4eaf-8a61-3c566339bbbd', '11', '1111', 0, '23', 1, 1, 0, 0, 0, 0, 0 );
insert into FIR.DECLARATION values(1000736, '814273640897', '944055236', 'db994881-8d96-44c8-bf2b-d3b02995fc40', '11', '1111', 0, '23', 1, 1, 0, 0, 0, 0, 0 );
insert into FIR.DECLARATION values(1000737, '519022482918', '366766732', '74a3be56-369b-4fff-aec0-c5f93f856362', '11', '1111', 0, '23', 1, 1, 0, 0, 0, 0, 0 );
insert into FIR.DECLARATION values(1000738, '904553313700', '766332575', 'd30d1a1c-3acf-4e34-a699-401a9e98f3e5', '11', '1111', 0, '23', 1, 1, 0, 0, 0, 0, 0 );
insert into FIR.DECLARATION values(1000739, '265788521478', '312200225', 'efde53b6-623b-4a8f-95c4-bb250b858158', '11', '1111', 0, '23', 1, 1, 0, 0, 0, 0, 0 );
insert into FIR.DECLARATION values(1000740, '876275260078', '289739731', 'e542d2f1-7521-4a5d-aaa5-9ce74a4a2ca3', '11', '1111', 0, '23', 1, 1, 0, 0, 0, 0, 0 );
insert into FIR.DECLARATION values(1000741, '520274997239', '529473497', 'edd1e015-74a1-4cfe-adc7-1e42839e3409', '11', '1111', 0, '23', 1, 1, 0, 0, 0, 0, 0 );
insert into FIR.DECLARATION values(1000742, '740433967537', '270424409', 'ce1a22e3-ffdc-442f-9777-92ca6a5e34a1', '11', '1111', 0, '23', 1, 1, 0, 0, 0, 0, 0 );
insert into FIR.DECLARATION values(1000743, '605424241521', '674012589', 'eac913d9-0198-4ec4-9b53-62d6fd9ecf98', '11', '1111', 0, '23', 1, 1, 0, 0, 0, 0, 0 );
insert into FIR.DECLARATION values(1000744, '179547816324', '972886241', '736a23be-5516-49bf-81d9-991e3a3025c8', '11', '1111', 0, '23', 1, 1, 0, 0, 0, 0, 0 );
insert into FIR.DECLARATION values(1000745, '507629193793', '978564347', '0e0cc3bc-9751-4dec-adfb-10b37bff917d', '11', '1111', 0, '23', 1, 1, 0, 0, 0, 0, 0 );
insert into FIR.DECLARATION values(1000746, '383675992142', '276822187', 'b9dcf038-4923-4e5b-b0e5-812f51f4bbc2', '11', '1111', 0, '23', 1, 1, 0, 0, 0, 0, 0 );
insert into FIR.DECLARATION values(1000747, '504203673873', '943119310', '5c1c530b-d844-4095-a0fd-a85f255e473f', '11', '1111', 0, '23', 1, 1, 0, 0, 0, 0, 0 );
insert into FIR.DECLARATION values(1000748, '682823994370', '574191917', '894f6298-6edc-4b7f-9994-af58422ee372', '11', '1111', 0, '23', 1, 1, 0, 0, 0, 0, 0 );
insert into FIR.DECLARATION values(1000749, '922190206444', '594816346', 'e735cb78-e83e-4543-8391-aa0af3ee250f', '11', '1111', 0, '23', 1, 1, 0, 0, 0, 0, 0 );
insert into FIR.DECLARATION values(1000750, '558248323585', '871940668', 'b299e805-9dc0-4de3-91b7-d913aad98b52', '11', '1111', 0, '23', 1, 1, 0, 0, 0, 0, 0 );
insert into FIR.DECLARATION values(1000751, '396821948019', '232948339', '6e004787-ed7b-4836-90c3-b1e92b81decf', '11', '1111', 0, '23', 1, 1, 0, 0, 0, 0, 0 );
insert into FIR.DECLARATION values(1000752, '737320365663', '212605316', '4fa96ea3-8f6f-4ba0-a5a1-27ad7d8b42bd', '11', '1111', 0, '23', 1, 1, 0, 0, 0, 0, 0 );
insert into FIR.DECLARATION values(1000753, '811500399633', '400474841', '4ec91aa9-37d8-4605-8d32-cd0bbadb186e', '11', '1111', 0, '23', 1, 1, 0, 0, 0, 0, 0 );
insert into FIR.DECLARATION values(1000754, '523332786623', '392481381', '50fd0285-2db3-424e-8040-f812ab2841d8', '11', '1111', 0, '23', 1, 1, 0, 0, 0, 0, 0 );
insert into FIR.DECLARATION values(1000755, '328492388409', '863830886', 'a248b547-9cb9-40a5-898e-232baf1b2461', '11', '1111', 0, '23', 1, 1, 0, 0, 0, 0, 0 );
insert into FIR.DECLARATION values(1000756, '130895106889', '945385204', '65a262dc-6a03-4664-81fa-5247d251e29a', '11', '1111', 0, '23', 1, 1, 0, 0, 0, 0, 0 );
insert into FIR.DECLARATION values(1000757, '972261235481', '207819126', 'ca9fac47-de63-4590-9428-e00e8ab51ff6', '11', '1111', 0, '23', 1, 1, 0, 0, 0, 0, 0 );
insert into FIR.DECLARATION values(1000758, '477280504389', '612828174', 'b1e75bf8-747e-4933-ad8b-3e6c7382d5a2', '11', '1111', 0, '23', 1, 1, 0, 0, 0, 0, 0 );
insert into FIR.DECLARATION values(1000759, '216767791195', '603375902', '72f92fab-2499-4086-9bc9-140a2a9359f8', '11', '1111', 0, '23', 1, 1, 0, 0, 0, 0, 0 );
insert into FIR.DECLARATION values(1000760, '929858729660', '661198794', 'c83a1a3e-3617-4a24-8166-918fe16b83fe', '11', '1111', 0, '23', 1, 1, 0, 0, 0, 0, 0 );
insert into FIR.DECLARATION values(1000761, '949356635392', '444762348', '8eed2bdf-363a-4b43-b4b1-31a7651a5dde', '11', '1111', 0, '23', 1, 1, 0, 0, 0, 0, 0 );
insert into FIR.DECLARATION values(1000762, '947210809114', '352650242', '0c8172d3-a255-4a15-bf68-b4d645924d65', '11', '1111', 0, '23', 1, 1, 0, 0, 0, 0, 0 );
insert into FIR.DECLARATION values(1000763, '913174555734', '471958696', 'f1643947-9266-4725-8ca2-073bfb093c8d', '11', '1111', 0, '23', 1, 1, 0, 0, 0, 0, 0 );
insert into FIR.DECLARATION values(1000764, '812571619019', '394463410', 'ff56d6b1-18e6-4ff6-8c76-90d3f8e0071e', '11', '1111', 0, '23', 1, 1, 0, 0, 0, 0, 0 );
insert into FIR.DECLARATION values(1000765, '471383919390', '246505403', '6aaa623e-d3f9-4d3e-8fbf-d2d82524833f', '52', '5252', 1, '23', 1, 1, 44, 20.142596711471022394, 0.980650931122084, 0.000748113729408064, 0.4577862888970686907727272727 );
insert into FIR.DISCREPANCY_RAW values(1000748,  sysdate, 1, '1', 20, 0.733457921414384, 0.00432349695094093, '23', '2014', '471383919390', '132854107239', '10188', 1000765, '/231', '1000766', '2' );
insert into FIR.DISCREPANCY_RAW values(1000749,  sysdate, 1, '1', 20, 0.593148863684921, 0.302956645052394, '23', '2014', '471383919390', '510954362330', '10188', 1000765, '/231', '1000767', '2' );
insert into FIR.DISCREPANCY_RAW values(1000750,  sysdate, 1, '1', 20, 0.833638760649431, 0.744591492574937, '23', '2014', '471383919390', '330298558085', '10188', 1000765, '/231', '1000768', '2' );
insert into FIR.DISCREPANCY_RAW values(1000751,  sysdate, 1, '1', 20, 0.967171876675995, 0.875552820449487, '23', '2014', '471383919390', '495124713651', '10188', 1000765, '/231', '1000769', '2' );
insert into FIR.DISCREPANCY_RAW values(1000752,  sysdate, 1, '1', 20, 0.565348295758175, 0.927311870701291, '23', '2014', '471383919390', '621364346407', '10189', 1000765, '/231', '1000770', '2' );
insert into FIR.DISCREPANCY_RAW values(1000753,  sysdate, 1, '1', 20, 0.690338625894086, 0.147097412565303, '23', '2014', '471383919390', '180249356733', '10189', 1000765, '/231', '1000771', '2' );
insert into FIR.DISCREPANCY_RAW values(1000754,  sysdate, 1, '1', 20, 0.822986998512869, 0.773709584387815, '23', '2014', '471383919390', '690478581532', '10189', 1000765, '/231', '1000772', '2' );
insert into FIR.DISCREPANCY_RAW values(1000755,  sysdate, 1, '1', 20, 0.664167800296176, 0.35346320846745, '23', '2014', '471383919390', '392850941827', '10189', 1000765, '/231', '1000773', '2' );
insert into FIR.DISCREPANCY_RAW values(1000756,  sysdate, 1, '1', 20, 0.160746854339143, 0.581994675370862, '23', '2014', '471383919390', '872221943124', '10190', 1000765, '/231', '1000774', '2' );
insert into FIR.DISCREPANCY_RAW values(1000757,  sysdate, 1, '1', 20, 0.874586793070001, 0.612764045881463, '23', '2014', '471383919390', '724549836945', '10190', 1000765, '/231', '1000775', '2' );
insert into FIR.DISCREPANCY_RAW values(1000758,  sysdate, 1, '1', 20, 0.163394908031167, 0.105651502081031, '23', '2014', '471383919390', '959971325418', '10190', 1000765, '/231', '1000776', '2' );
insert into FIR.DISCREPANCY_RAW values(1000759,  sysdate, 1, '1', 20, 0.561456522700124, 0.683633206264876, '23', '2014', '471383919390', '511785460320', '10190', 1000765, '/231', '1000777', '2' );
insert into FIR.DISCREPANCY_RAW values(1000760,  sysdate, 1, '1', 20, 0.846795448496377, 0.843959166595693, '23', '2014', '471383919390', '184016657043', '10191', 1000765, '/231', '1000778', '2' );
insert into FIR.DISCREPANCY_RAW values(1000761,  sysdate, 1, '1', 20, 0.95806525086894, 0.778581189354221, '23', '2014', '471383919390', '558789366747', '10191', 1000765, '/231', '1000779', '2' );
insert into FIR.DISCREPANCY_RAW values(1000762,  sysdate, 1, '1', 20, 0.145429860868226, 0.316455684749622, '23', '2014', '471383919390', '652048806545', '10191', 1000765, '/231', '1000780', '2' );
insert into FIR.DISCREPANCY_RAW values(1000763,  sysdate, 1, '1', 20, 0.613022225728734, 0.246378575566401, '23', '2014', '471383919390', '703322188340', '10191', 1000765, '/231', '1000781', '2' );
insert into FIR.DISCREPANCY_RAW values(1000764,  sysdate, 1, '1', 20, 0.663669776946152, 0.206213791485044, '23', '2014', '471383919390', '942777237848', '10192', 1000765, '/231', '1000782', '2' );
insert into FIR.DISCREPANCY_RAW values(1000765,  sysdate, 1, '1', 20, 0.130972576388611, 0.235575841849472, '23', '2014', '471383919390', '962788949169', '10192', 1000765, '/231', '1000783', '2' );
insert into FIR.DISCREPANCY_RAW values(1000766,  sysdate, 1, '1', 20, 0.201006753463767, 0.10037159691582, '23', '2014', '471383919390', '789399294052', '10192', 1000765, '/231', '1000784', '2' );
insert into FIR.DISCREPANCY_RAW values(1000767,  sysdate, 1, '1', 20, 0.747497234375913, 0.195985644681372, '23', '2014', '471383919390', '594035183657', '10192', 1000765, '/231', '1000785', '2' );
insert into FIR.DISCREPANCY_RAW values(1000768,  sysdate, 1, '1', 20, 0.418854269859779, 0.860491390275066, '23', '2014', '471383919390', '508595425003', '10193', 1000765, '/231', '1000786', '2' );
insert into FIR.DISCREPANCY_RAW values(1000769,  sysdate, 1, '1', 20, 0.863654119830418, 0.883467237410819, '23', '2014', '471383919390', '522838264874', '10193', 1000765, '/231', '1000787', '2' );
insert into FIR.DISCREPANCY_RAW values(1000770,  sysdate, 1, '1', 20, 0.369904139251404, 0.790189774143598, '23', '2014', '471383919390', '266285928471', '10193', 1000765, '/231', '1000788', '2' );
insert into FIR.DISCREPANCY_RAW values(1000771,  sysdate, 1, '1', 20, 0.0336470562190037, 0.916588245386532, '23', '2014', '471383919390', '579344252478', '10193', 1000765, '/231', '1000789', '2' );
insert into FIR.DISCREPANCY_RAW values(1000772,  sysdate, 1, '1', 20, 0.923953364102148, 0.138909872685983, '23', '2014', '471383919390', '405927869527', '10194', 1000765, '/231', '1000790', '2' );
insert into FIR.DISCREPANCY_RAW values(1000773,  sysdate, 1, '1', 20, 0.443689694834729, 0.817437585358246, '23', '2014', '471383919390', '451175925733', '10194', 1000765, '/231', '1000791', '2' );
insert into FIR.DISCREPANCY_RAW values(1000774,  sysdate, 1, '1', 20, 0.0172441955736113, 0.180583506441016, '23', '2014', '471383919390', '664794677622', '10194', 1000765, '/231', '1000792', '2' );
insert into FIR.DISCREPANCY_RAW values(1000775,  sysdate, 1, '1', 20, 0.723088737913914, 0.169610682953899, '23', '2014', '471383919390', '898574738479', '10194', 1000765, '/231', '1000793', '2' );
insert into FIR.DISCREPANCY_RAW values(1000776,  sysdate, 1, '1', 20, 0.276515118906514, 0.917046579493697, '23', '2014', '471383919390', '563376628573', '10195', 1000765, '/231', '1000794', '2' );
insert into FIR.DISCREPANCY_RAW values(1000777,  sysdate, 1, '1', 20, 0.165014066344599, 0.0697441124682054, '23', '2014', '471383919390', '969530440882', '10195', 1000765, '/231', '1000795', '2' );
insert into FIR.DISCREPANCY_RAW values(1000778,  sysdate, 1, '1', 20, 0.56241891559326, 0.254825666665484, '23', '2014', '471383919390', '467538213458', '10195', 1000765, '/231', '1000796', '2' );
insert into FIR.DISCREPANCY_RAW values(1000779,  sysdate, 1, '1', 20, 0.481006230917296, 0.493502656693339, '23', '2014', '471383919390', '766877989773', '10195', 1000765, '/231', '1000797', '2' );
insert into FIR.DISCREPANCY_RAW values(1000780,  sysdate, 1, '1', 20, 0.571448008795943, 0.124541554657995, '23', '2014', '471383919390', '244839411051', '10196', 1000765, '/231', '1000798', '2' );
insert into FIR.DISCREPANCY_RAW values(1000781,  sysdate, 1, '1', 20, 0.622411908406025, 0.39916178509554, '23', '2014', '471383919390', '703885365241', '10196', 1000765, '/231', '1000799', '2' );
insert into FIR.DISCREPANCY_RAW values(1000782,  sysdate, 1, '1', 20, 0.424295845173437, 0.170895216134794, '23', '2014', '471383919390', '651207394045', '10196', 1000765, '/231', '1000800', '2' );
insert into FIR.DISCREPANCY_RAW values(1000783,  sysdate, 1, '1', 20, 0.521532621943174, 0.211131935106186, '23', '2014', '471383919390', '902416819859', '10196', 1000765, '/231', '1000801', '2' );
insert into FIR.DISCREPANCY_RAW values(1000784,  sysdate, 1, '1', 20, 0.90120164998863, 0.417178961176974, '23', '2014', '471383919390', '450521326670', '10197', 1000765, '/231', '1000802', '2' );
insert into FIR.DISCREPANCY_RAW values(1000785,  sysdate, 1, '1', 20, 0.863138095877663, 0.11811806360172, '23', '2014', '471383919390', '150491756410', '10197', 1000765, '/231', '1000803', '2' );
insert into FIR.DISCREPANCY_RAW values(1000786,  sysdate, 1, '1', 20, 0.411139606223972, 0.795681368930117, '23', '2014', '471383919390', '470910675184', '10197', 1000765, '/231', '1000804', '2' );
insert into FIR.DISCREPANCY_RAW values(1000787,  sysdate, 1, '1', 20, 0.927412388346816, 0.653871389410399, '23', '2014', '471383919390', '465509136058', '10197', 1000765, '/231', '1000805', '2' );
insert into FIR.DISCREPANCY_RAW values(1000788,  sysdate, 1, '1', 20, 0.92267896743616, 0.310367499622687, '23', '2014', '471383919390', '329018558707', '10198', 1000765, '/231', '1000806', '2' );
insert into FIR.DISCREPANCY_RAW values(1000789,  sysdate, 1, '1', 20, 0.561330039315545, 0.431281130961739, '23', '2014', '471383919390', '854038542756', '10198', 1000765, '/231', '1000807', '2' );
insert into FIR.DISCREPANCY_RAW values(1000790,  sysdate, 1, '1', 20, 0.72740685508, 0.980650931122084, '23', '2014', '471383919390', '289133613170', '10198', 1000765, '/231', '1000808', '2' );
insert into FIR.DISCREPANCY_RAW values(1000791,  sysdate, 1, '1', 20, 0.713604622387143, 0.000748113729408064, '23', '2014', '471383919390', '142002194942', '10198', 1000765, '/231', '1000809', '2' );
insert into FIR.DECLARATION values(1000766, '869803385972', '411493508', '58a662a4-88b8-43f1-b4e6-f00bb4d8758a', '11', '1111', 0, '23', 1, 1, 0, 0, 0, 0, 0 );
insert into FIR.DECLARATION values(1000767, '541047318408', '819610506', '84730200-a78d-4a97-9622-ed9c37cca5df', '11', '1111', 0, '23', 1, 1, 0, 0, 0, 0, 0 );
insert into FIR.DECLARATION values(1000768, '154121964203', '609033328', '269b169f-8d5c-436b-961b-c8c526b96dc5', '11', '1111', 0, '23', 1, 1, 0, 0, 0, 0, 0 );
insert into FIR.DECLARATION values(1000769, '667858652281', '669720142', 'a400f45a-f73f-428a-87d3-1d35a9841bd4', '11', '1111', 0, '23', 1, 1, 0, 0, 0, 0, 0 );
insert into FIR.DECLARATION values(1000770, '117151526601', '925481238', '4b31be37-a7f9-48dd-8608-6e407964b2e5', '11', '1111', 0, '23', 1, 1, 0, 0, 0, 0, 0 );
insert into FIR.DECLARATION values(1000771, '747464410240', '636434136', 'dac549f8-f818-4cdd-9cfe-e47557454b1a', '11', '1111', 0, '23', 1, 1, 0, 0, 0, 0, 0 );
insert into FIR.DECLARATION values(1000772, '604048128329', '939511586', '5d80dfbe-616e-4020-a7d2-a2e8f425f65e', '11', '1111', 0, '23', 1, 1, 0, 0, 0, 0, 0 );
insert into FIR.DECLARATION values(1000773, '313730980767', '278767954', '65e65c34-95a7-44e1-ace2-81c0b95d6b9f', '11', '1111', 0, '23', 1, 1, 0, 0, 0, 0, 0 );
insert into FIR.DECLARATION values(1000774, '196945507017', '447669394', '508114b4-d9b3-46b4-874a-fe7ec38d330a', '11', '1111', 0, '23', 1, 1, 0, 0, 0, 0, 0 );
insert into FIR.DECLARATION values(1000775, '855937117293', '236274963', 'df4699b5-68bc-4af8-9c80-ea19d243165e', '11', '1111', 0, '23', 1, 1, 0, 0, 0, 0, 0 );
insert into FIR.DECLARATION values(1000776, '786241790344', '704027516', '8cca15f3-5e2a-4b4a-8ee2-956dfdb5f998', '11', '1111', 0, '23', 1, 1, 0, 0, 0, 0, 0 );
insert into FIR.DECLARATION values(1000777, '592241120746', '944750219', '2ba8c36f-7d91-413e-a1fb-21c6e68f7905', '11', '1111', 0, '23', 1, 1, 0, 0, 0, 0, 0 );
insert into FIR.DECLARATION values(1000778, '524430402368', '647917443', '7df25c11-db53-4794-9e7f-a235f86fa786', '11', '1111', 0, '23', 1, 1, 0, 0, 0, 0, 0 );
insert into FIR.DECLARATION values(1000779, '935076374969', '413092367', '78c5ecba-2c70-4294-a1a5-2cb88a9bcbc2', '11', '1111', 0, '23', 1, 1, 0, 0, 0, 0, 0 );
insert into FIR.DECLARATION values(1000780, '366202346822', '656067424', 'a023a5e4-1af2-4175-a17c-8daa27c5807f', '11', '1111', 0, '23', 1, 1, 0, 0, 0, 0, 0 );
insert into FIR.DECLARATION values(1000781, '205162976728', '701618769', '63d3a9d5-8d3f-437b-8f43-17802e81c4b4', '11', '1111', 0, '23', 1, 1, 0, 0, 0, 0, 0 );
insert into FIR.DECLARATION values(1000782, '135228882072', '786348613', '5973e095-633b-4cb2-845e-105ada819b8c', '11', '1111', 0, '23', 1, 1, 0, 0, 0, 0, 0 );
insert into FIR.DECLARATION values(1000783, '107712239450', '313168733', 'febc2e0c-06c7-46f6-9c43-593014844d1a', '11', '1111', 0, '23', 1, 1, 0, 0, 0, 0, 0 );
insert into FIR.DECLARATION values(1000784, '157756538806', '154940206', '46ce6536-1119-4d10-b662-28c78e4f313b', '11', '1111', 0, '23', 1, 1, 0, 0, 0, 0, 0 );
insert into FIR.DECLARATION values(1000785, '967661632212', '543856160', '7086886e-ef5c-44d3-a932-47ad43561849', '11', '1111', 0, '23', 1, 1, 0, 0, 0, 0, 0 );
insert into FIR.DECLARATION values(1000786, '104634192722', '315513834', '9de2726b-b6cd-4ff2-aa8b-f90492809230', '11', '1111', 0, '23', 1, 1, 0, 0, 0, 0, 0 );
insert into FIR.DECLARATION values(1000787, '862617866522', '544588831', '1e5e4c8e-2f50-43bf-b469-d8551388e350', '11', '1111', 0, '23', 1, 1, 0, 0, 0, 0, 0 );
insert into FIR.DECLARATION values(1000788, '471672680768', '576747957', '3fb0a9bc-b487-43d9-a439-b32632bbfa4e', '11', '1111', 0, '23', 1, 1, 0, 0, 0, 0, 0 );
insert into FIR.DECLARATION values(1000789, '328966919211', '184289290', '82d1b048-349c-411b-af63-89af9eaef6bd', '11', '1111', 0, '23', 1, 1, 0, 0, 0, 0, 0 );
insert into FIR.DECLARATION values(1000790, '875665308687', '301483826', 'ec042676-3917-4340-9af6-803d569a0b3e', '11', '1111', 0, '23', 1, 1, 0, 0, 0, 0, 0 );
insert into FIR.DECLARATION values(1000791, '589915411402', '429596831', '2d68bc15-91f7-4d47-8a15-617c8eac3098', '11', '1111', 0, '23', 1, 1, 0, 0, 0, 0, 0 );
insert into FIR.DECLARATION values(1000792, '590116250113', '711743500', '3426b601-92cb-4376-9735-0fa7f0336e34', '11', '1111', 0, '23', 1, 1, 0, 0, 0, 0, 0 );
insert into FIR.DECLARATION values(1000793, '808714461714', '310938527', '0f116a48-86c5-49ef-96c4-975e6edf8e05', '11', '1111', 0, '23', 1, 1, 0, 0, 0, 0, 0 );
insert into FIR.DECLARATION values(1000794, '667427457719', '138508719', '18e89f21-c597-41bb-a139-34f454489481', '11', '1111', 0, '23', 1, 1, 0, 0, 0, 0, 0 );
insert into FIR.DECLARATION values(1000795, '105846455049', '433737938', 'b6ff9049-5be4-4f54-9137-5acb58867630', '11', '1111', 0, '23', 1, 1, 0, 0, 0, 0, 0 );
insert into FIR.DECLARATION values(1000796, '201091540463', '205207518', '9c779ba5-bdd1-40e2-b5c5-cfbc453f86f3', '11', '1111', 0, '23', 1, 1, 0, 0, 0, 0, 0 );
insert into FIR.DECLARATION values(1000797, '366464761712', '809220593', '08ba23f4-8347-4d8c-aa67-470e604b3d9e', '11', '1111', 0, '23', 1, 1, 0, 0, 0, 0, 0 );
insert into FIR.DECLARATION values(1000798, '356702216440', '485321134', 'e73c8d2b-1b53-45f0-9b97-ce783e2b6120', '11', '1111', 0, '23', 1, 1, 0, 0, 0, 0, 0 );
insert into FIR.DECLARATION values(1000799, '507387444462', '276620619', '3e8f9789-8df1-4951-9184-732416e879c5', '11', '1111', 0, '23', 1, 1, 0, 0, 0, 0, 0 );
insert into FIR.DECLARATION values(1000800, '680333550242', '282917527', '4c3ffa77-ee21-406b-8e9a-fb77ac91226c', '11', '1111', 0, '23', 1, 1, 0, 0, 0, 0, 0 );
insert into FIR.DECLARATION values(1000801, '735125333725', '370450642', '445ea1e0-9ee3-44d8-9b33-79c7a0a1ed83', '11', '1111', 0, '23', 1, 1, 0, 0, 0, 0, 0 );
insert into FIR.DECLARATION values(1000802, '824080565525', '533976881', '82eacbac-db38-4958-a4a1-520c462a1bff', '11', '1111', 0, '23', 1, 1, 0, 0, 0, 0, 0 );
insert into FIR.DECLARATION values(1000803, '220511134854', '255388332', 'c566bab1-cc11-45ba-8983-9a6d6942f2ad', '11', '1111', 0, '23', 1, 1, 0, 0, 0, 0, 0 );
insert into FIR.DECLARATION values(1000804, '513580591436', '558695632', 'b4a0f09e-e567-4589-9aa4-e370cf94e8e6', '11', '1111', 0, '23', 1, 1, 0, 0, 0, 0, 0 );
insert into FIR.DECLARATION values(1000805, '154789213275', '990487713', '703459f8-eac9-4e9b-9f3d-29d294d42ace', '11', '1111', 0, '23', 1, 1, 0, 0, 0, 0, 0 );
insert into FIR.DECLARATION values(1000806, '195440194952', '288395388', 'aba0e91f-3e6d-4a54-b206-82cc747cd925', '11', '1111', 0, '23', 1, 1, 0, 0, 0, 0, 0 );
insert into FIR.DECLARATION values(1000807, '308841441681', '267292882', 'bd5526d2-f29f-4323-84bc-679c6a2152c0', '11', '1111', 0, '23', 1, 1, 0, 0, 0, 0, 0 );
insert into FIR.DECLARATION values(1000808, '272462481075', '690355519', '8a12378f-a392-4758-bd5a-f9e8b4efd7a3', '11', '1111', 0, '23', 1, 1, 0, 0, 0, 0, 0 );
insert into FIR.DECLARATION values(1000809, '267326671621', '532346516', 'f2c240f1-6d24-4c2a-80be-88589c0a470a', '11', '1111', 0, '23', 1, 1, 0, 0, 0, 0, 0 );
insert into FIR.DECLARATION values(1000810, '598694132116', '991632912', '32e86995-b005-4860-a853-7bdb4115993e', '52', '5252', 1, '23', 1, 1, 44, 23.2072179881889461, 0.987747711123781, 0.0106884366882445, 0.5274367724588396840909090909 );
insert into FIR.DISCREPANCY_RAW values(1000792,  sysdate, 1, '1', 20, 0.854719046901315, 0.900799388951063, '23', '2014', '598694132116', '313426807030', '10199', 1000810, '/231', '1000811', '2' );
insert into FIR.DISCREPANCY_RAW values(1000793,  sysdate, 1, '1', 20, 0.761039761715121, 0.0495374785035558, '23', '2014', '598694132116', '760187181401', '10199', 1000810, '/231', '1000812', '2' );
insert into FIR.DISCREPANCY_RAW values(1000794,  sysdate, 1, '1', 20, 0.926476307179069, 0.339491887176173, '23', '2014', '598694132116', '353136945274', '10199', 1000810, '/231', '1000813', '2' );
insert into FIR.DISCREPANCY_RAW values(1000795,  sysdate, 1, '1', 20, 0.342358823559414, 0.757131162917768, '23', '2014', '598694132116', '981322349584', '10199', 1000810, '/231', '1000814', '2' );
insert into FIR.DISCREPANCY_RAW values(1000796,  sysdate, 1, '1', 20, 0.17442217989565, 0.289901062049857, '23', '2014', '598694132116', '798957909634', '10200', 1000810, '/231', '1000815', '2' );
insert into FIR.DISCREPANCY_RAW values(1000797,  sysdate, 1, '1', 20, 0.225326444592945, 0.95807733803898, '23', '2014', '598694132116', '409770200126', '10200', 1000810, '/231', '1000816', '2' );
insert into FIR.DISCREPANCY_RAW values(1000798,  sysdate, 1, '1', 20, 0.418180082188072, 0.779173906789708, '23', '2014', '598694132116', '984201951542', '10200', 1000810, '/231', '1000817', '2' );
insert into FIR.DISCREPANCY_RAW values(1000799,  sysdate, 1, '1', 20, 0.0578874494218675, 0.562440703884904, '23', '2014', '598694132116', '890036706805', '10200', 1000810, '/231', '1000818', '2' );
insert into FIR.DISCREPANCY_RAW values(1000800,  sysdate, 1, '1', 20, 0.152458639886444, 0.32665994918284, '23', '2014', '598694132116', '206921413403', '10201', 1000810, '/231', '1000819', '2' );
insert into FIR.DISCREPANCY_RAW values(1000801,  sysdate, 1, '1', 20, 0.994260476899455, 0.411961850902048, '23', '2014', '598694132116', '949334835178', '10201', 1000810, '/231', '1000820', '2' );
insert into FIR.DISCREPANCY_RAW values(1000802,  sysdate, 1, '1', 20, 0.897017976221171, 0.468686025807953, '23', '2014', '598694132116', '707384988638', '10201', 1000810, '/231', '1000821', '2' );
insert into FIR.DISCREPANCY_RAW values(1000803,  sysdate, 1, '1', 20, 0.418464355831251, 0.295901913333638, '23', '2014', '598694132116', '288899332329', '10201', 1000810, '/231', '1000822', '2' );
insert into FIR.DISCREPANCY_RAW values(1000804,  sysdate, 1, '1', 20, 0.666056292907361, 0.523167670016721, '23', '2014', '598694132116', '782075133270', '10202', 1000810, '/231', '1000823', '2' );
insert into FIR.DISCREPANCY_RAW values(1000805,  sysdate, 1, '1', 20, 0.598938060737652, 0.309278768631294, '23', '2014', '598694132116', '803828637376', '10202', 1000810, '/231', '1000824', '2' );
insert into FIR.DISCREPANCY_RAW values(1000806,  sysdate, 1, '1', 20, 0.84402114890703, 0.82067193781057, '23', '2014', '598694132116', '944802207965', '10202', 1000810, '/231', '1000825', '2' );
insert into FIR.DISCREPANCY_RAW values(1000807,  sysdate, 1, '1', 20, 0.12561809789651, 0.845196956230885, '23', '2014', '598694132116', '620251155514', '10202', 1000810, '/231', '1000826', '2' );
insert into FIR.DISCREPANCY_RAW values(1000808,  sysdate, 1, '1', 20, 0.725783218967627, 0.700224788719893, '23', '2014', '598694132116', '573762705571', '10203', 1000810, '/231', '1000827', '2' );
insert into FIR.DISCREPANCY_RAW values(1000809,  sysdate, 1, '1', 20, 0.438946436363713, 0.0940028820624588, '23', '2014', '598694132116', '610008212387', '10203', 1000810, '/231', '1000828', '2' );
insert into FIR.DISCREPANCY_RAW values(1000810,  sysdate, 1, '1', 20, 0.0622449084474914, 0.987747711123781, '23', '2014', '598694132116', '214151579545', '10203', 1000810, '/231', '1000829', '2' );
insert into FIR.DISCREPANCY_RAW values(1000811,  sysdate, 1, '1', 20, 0.33941601837958, 0.484093550818084, '23', '2014', '598694132116', '789576160932', '10203', 1000810, '/231', '1000830', '2' );
insert into FIR.DISCREPANCY_RAW values(1000812,  sysdate, 1, '1', 20, 0.700862703239947, 0.526151046867553, '23', '2014', '598694132116', '883240162843', '10204', 1000810, '/231', '1000831', '2' );
insert into FIR.DISCREPANCY_RAW values(1000813,  sysdate, 1, '1', 20, 0.257693214927657, 0.207282064113432, '23', '2014', '598694132116', '305667120522', '10204', 1000810, '/231', '1000832', '2' );
insert into FIR.DISCREPANCY_RAW values(1000814,  sysdate, 1, '1', 20, 0.527266265138642, 0.869907461046198, '23', '2014', '598694132116', '991303135816', '10204', 1000810, '/231', '1000833', '2' );
insert into FIR.DISCREPANCY_RAW values(1000815,  sysdate, 1, '1', 20, 0.394277110413777, 0.34790718525085, '23', '2014', '598694132116', '942353197264', '10204', 1000810, '/231', '1000834', '2' );
insert into FIR.DISCREPANCY_RAW values(1000816,  sysdate, 1, '1', 20, 0.303195227078719, 0.73015912656214, '23', '2014', '598694132116', '396531722996', '10205', 1000810, '/231', '1000835', '2' );
insert into FIR.DISCREPANCY_RAW values(1000817,  sysdate, 1, '1', 20, 0.931346191527018, 0.360723370388487, '23', '2014', '598694132116', '155275450651', '10205', 1000810, '/231', '1000836', '2' );
insert into FIR.DISCREPANCY_RAW values(1000818,  sysdate, 1, '1', 20, 0.181113704657701, 0.861186596034647, '23', '2014', '598694132116', '542374860255', '10205', 1000810, '/231', '1000837', '2' );
insert into FIR.DISCREPANCY_RAW values(1000819,  sysdate, 1, '1', 20, 0.629492003298128, 0.747665648696788, '23', '2014', '598694132116', '726885552058', '10205', 1000810, '/231', '1000838', '2' );
insert into FIR.DISCREPANCY_RAW values(1000820,  sysdate, 1, '1', 20, 0.121868810673183, 0.378519277264606, '23', '2014', '598694132116', '235064876469', '10206', 1000810, '/231', '1000839', '2' );
insert into FIR.DISCREPANCY_RAW values(1000821,  sysdate, 1, '1', 20, 0.839538716170722, 0.76411108521936, '23', '2014', '598694132116', '240558295986', '10206', 1000810, '/231', '1000840', '2' );
insert into FIR.DISCREPANCY_RAW values(1000822,  sysdate, 1, '1', 20, 0.380834150771068, 0.743316330361793, '23', '2014', '598694132116', '550475673942', '10206', 1000810, '/231', '1000841', '2' );
insert into FIR.DISCREPANCY_RAW values(1000823,  sysdate, 1, '1', 20, 0.891655520951215, 0.632961244151444, '23', '2014', '598694132116', '482648855587', '10206', 1000810, '/231', '1000842', '2' );
insert into FIR.DISCREPANCY_RAW values(1000824,  sysdate, 1, '1', 20, 0.376265073370312, 0.421955995458158, '23', '2014', '598694132116', '418831339369', '10207', 1000810, '/231', '1000843', '2' );
insert into FIR.DISCREPANCY_RAW values(1000825,  sysdate, 1, '1', 20, 0.242137042452645, 0.651124024135584, '23', '2014', '598694132116', '391376402320', '10207', 1000810, '/231', '1000844', '2' );
insert into FIR.DISCREPANCY_RAW values(1000826,  sysdate, 1, '1', 20, 0.204741702044728, 0.537441704672501, '23', '2014', '598694132116', '782259334530', '10207', 1000810, '/231', '1000845', '2' );
insert into FIR.DISCREPANCY_RAW values(1000827,  sysdate, 1, '1', 20, 0.745213156913041, 0.0106884366882445, '23', '2014', '598694132116', '321304485355', '10207', 1000810, '/231', '1000846', '2' );
insert into FIR.DISCREPANCY_RAW values(1000828,  sysdate, 1, '1', 20, 0.401703168825108, 0.523755167854836, '23', '2014', '598694132116', '257338801180', '10208', 1000810, '/231', '1000847', '2' );
insert into FIR.DISCREPANCY_RAW values(1000829,  sysdate, 1, '1', 20, 0.378285087355545, 0.607140089667933, '23', '2014', '598694132116', '536370181918', '10208', 1000810, '/231', '1000848', '2' );
insert into FIR.DISCREPANCY_RAW values(1000830,  sysdate, 1, '1', 20, 0.507142368008914, 0.178358500440772, '23', '2014', '598694132116', '253494830307', '10208', 1000810, '/231', '1000849', '2' );
insert into FIR.DISCREPANCY_RAW values(1000831,  sysdate, 1, '1', 20, 0.143453559905036, 0.172463371033065, '23', '2014', '598694132116', '433589898474', '10208', 1000810, '/231', '1000850', '2' );
insert into FIR.DISCREPANCY_RAW values(1000832,  sysdate, 1, '1', 20, 0.57927432077903, 0.965789929016396, '23', '2014', '598694132116', '755465700582', '10209', 1000810, '/231', '1000851', '2' );
insert into FIR.DISCREPANCY_RAW values(1000833,  sysdate, 1, '1', 20, 0.408056995090124, 0.145548541166609, '23', '2014', '598694132116', '713801605330', '10209', 1000810, '/231', '1000852', '2' );
insert into FIR.DISCREPANCY_RAW values(1000834,  sysdate, 1, '1', 20, 0.066088435736526, 0.675587282364996, '23', '2014', '598694132116', '890733306585', '10209', 1000810, '/231', '1000853', '2' );
insert into FIR.DISCREPANCY_RAW values(1000835,  sysdate, 1, '1', 20, 0.724586958403041, 0.243327576780379, '23', '2014', '598694132116', '991002653171', '10209', 1000810, '/231', '1000854', '2' );
insert into FIR.DECLARATION values(1000811, '433825850493', '339942340', '076536cb-7022-4ac3-8917-35c3a1f6d465', '11', '1111', 0, '23', 1, 1, 0, 0, 0, 0, 0 );
insert into FIR.DECLARATION values(1000812, '564104289420', '634725327', '10d80543-2dd4-4c5b-b946-6d55aa9f42d2', '11', '1111', 0, '23', 1, 1, 0, 0, 0, 0, 0 );
insert into FIR.DECLARATION values(1000813, '490325919830', '928608617', '9b8c2cdc-0ec1-4815-b873-37e55cb46e4e', '11', '1111', 0, '23', 1, 1, 0, 0, 0, 0, 0 );
insert into FIR.DECLARATION values(1000814, '600388920081', '215649124', 'e282e5f3-2d30-4db0-be4a-def0523a94f6', '11', '1111', 0, '23', 1, 1, 0, 0, 0, 0, 0 );
insert into FIR.DECLARATION values(1000815, '733663638652', '193495940', '5ff7289a-35ed-4ce6-b352-ba3aff874727', '11', '1111', 0, '23', 1, 1, 0, 0, 0, 0, 0 );
insert into FIR.DECLARATION values(1000816, '698859842041', '950696802', 'fca0a208-5d43-4094-8189-289bcba53985', '11', '1111', 0, '23', 1, 1, 0, 0, 0, 0, 0 );
insert into FIR.DECLARATION values(1000817, '683668700338', '646845937', '37b82f9a-a78a-40ad-a4d2-447dfac7fd1c', '11', '1111', 0, '23', 1, 1, 0, 0, 0, 0, 0 );
insert into FIR.DECLARATION values(1000818, '718638317304', '451911709', '0154c798-d5c2-43f6-be10-d4c85526de21', '11', '1111', 0, '23', 1, 1, 0, 0, 0, 0, 0 );
insert into FIR.DECLARATION values(1000819, '197007101208', '143557693', '14b6bf02-bfc0-45cb-81d5-d55b0a36def2', '11', '1111', 0, '23', 1, 1, 0, 0, 0, 0, 0 );
insert into FIR.DECLARATION values(1000820, '189522186798', '541036928', '44f86dfe-493a-4985-87f4-83c8fa18fe67', '11', '1111', 0, '23', 1, 1, 0, 0, 0, 0, 0 );
insert into FIR.DECLARATION values(1000821, '361910230313', '643992778', '105b5d6b-9c11-4fb4-9aa0-cd82d2db3722', '11', '1111', 0, '23', 1, 1, 0, 0, 0, 0, 0 );
insert into FIR.DECLARATION values(1000822, '113509128721', '667309264', '93414500-0d5c-4642-bb08-c1a8b32a3650', '11', '1111', 0, '23', 1, 1, 0, 0, 0, 0, 0 );
insert into FIR.DECLARATION values(1000823, '231925753802', '701520577', 'f6fe43be-2e85-405f-a928-feb0e7c3238e', '11', '1111', 0, '23', 1, 1, 0, 0, 0, 0, 0 );
insert into FIR.DECLARATION values(1000824, '391655931957', '188716758', 'eadbc71e-0f2a-4d14-98cf-6bdb5375e6fc', '11', '1111', 0, '23', 1, 1, 0, 0, 0, 0, 0 );
insert into FIR.DECLARATION values(1000825, '555976867174', '977151918', 'c01547d8-56d5-4e4f-a250-55f68acb1699', '11', '1111', 0, '23', 1, 1, 0, 0, 0, 0, 0 );
insert into FIR.DECLARATION values(1000826, '302260302608', '876640892', '3aea52c7-370c-458a-a623-7f928b21b1be', '11', '1111', 0, '23', 1, 1, 0, 0, 0, 0, 0 );
insert into FIR.DECLARATION values(1000827, '950430293474', '153550398', '772c8312-6d24-428f-9efc-5e7e2e1144bc', '11', '1111', 0, '23', 1, 1, 0, 0, 0, 0, 0 );
insert into FIR.DECLARATION values(1000828, '732296192369', '673325987', 'e4225d48-57f7-4b8b-8412-ccbab46623d6', '11', '1111', 0, '23', 1, 1, 0, 0, 0, 0, 0 );
insert into FIR.DECLARATION values(1000829, '198746301835', '584339942', 'c9490564-3f88-4f8a-9c6a-809c7836b51c', '11', '1111', 0, '23', 1, 1, 0, 0, 0, 0, 0 );
insert into FIR.DECLARATION values(1000830, '775980363769', '235522926', '5f7084fd-dda2-4690-9723-7f03662fb256', '11', '1111', 0, '23', 1, 1, 0, 0, 0, 0, 0 );
insert into FIR.DECLARATION values(1000831, '873004801054', '775541840', 'bc2c6228-38f2-4ac1-b24c-a16e8872f9ce', '11', '1111', 0, '23', 1, 1, 0, 0, 0, 0, 0 );
insert into FIR.DECLARATION values(1000832, '635419689354', '112681758', 'c6a58d75-9c88-4961-9cc9-68173680f65b', '11', '1111', 0, '23', 1, 1, 0, 0, 0, 0, 0 );
insert into FIR.DECLARATION values(1000833, '281444671969', '232770271', 'fe1dd083-f91a-4c4c-b869-b6d98a17c9b3', '11', '1111', 0, '23', 1, 1, 0, 0, 0, 0, 0 );
insert into FIR.DECLARATION values(1000834, '225987785211', '500105434', 'bae0b3f9-500a-4ab8-b396-ae15fe6e410c', '11', '1111', 0, '23', 1, 1, 0, 0, 0, 0, 0 );
insert into FIR.DECLARATION values(1000835, '991476218238', '484046744', 'f7c3b5ac-8a91-4041-b8ea-3ae9477e4ee8', '11', '1111', 0, '23', 1, 1, 0, 0, 0, 0, 0 );
insert into FIR.DECLARATION values(1000836, '965207237623', '710350649', '56668a05-ebae-455d-809f-bd505dc10ca4', '11', '1111', 0, '23', 1, 1, 0, 0, 0, 0, 0 );
insert into FIR.DECLARATION values(1000837, '664055117660', '946460841', '162bbae4-1980-4b15-bffb-c350aabc4122', '11', '1111', 0, '23', 1, 1, 0, 0, 0, 0, 0 );
insert into FIR.DECLARATION values(1000838, '474693677783', '469240961', 'a9faee12-86b5-4cc1-86e0-0803e59bac6d', '11', '1111', 0, '23', 1, 1, 0, 0, 0, 0, 0 );
insert into FIR.DECLARATION values(1000839, '437562232282', '457694822', 'da6d66e6-783e-49f1-9b92-0fe6aa765b41', '11', '1111', 0, '23', 1, 1, 0, 0, 0, 0, 0 );
insert into FIR.DECLARATION values(1000840, '971928720212', '295939717', 'afafda2c-bd22-4752-8781-f495b75718bb', '11', '1111', 0, '23', 1, 1, 0, 0, 0, 0, 0 );
insert into FIR.DECLARATION values(1000841, '801912723005', '747209899', '82bcaeb4-d572-4db1-8900-6317542ddef6', '11', '1111', 0, '23', 1, 1, 0, 0, 0, 0, 0 );
insert into FIR.DECLARATION values(1000842, '878355944592', '484123266', '13196905-f667-4035-8e6c-26a291c213f1', '11', '1111', 0, '23', 1, 1, 0, 0, 0, 0, 0 );
insert into FIR.DECLARATION values(1000843, '885072684459', '978378458', '498df665-d73e-417e-ad56-ff01bb474bf4', '11', '1111', 0, '23', 1, 1, 0, 0, 0, 0, 0 );
insert into FIR.DECLARATION values(1000844, '915051446630', '535617926', '9463dd6d-d7d5-40d8-ac65-16f4e8eb3260', '11', '1111', 0, '23', 1, 1, 0, 0, 0, 0, 0 );
insert into FIR.DECLARATION values(1000845, '534416854932', '996241397', '3ce5de91-07eb-43aa-8743-0bc3d7bd7e75', '11', '1111', 0, '23', 1, 1, 0, 0, 0, 0, 0 );
insert into FIR.DECLARATION values(1000846, '874443896586', '118080337', 'be5ce01b-f498-41ab-b816-411216a29550', '11', '1111', 0, '23', 1, 1, 0, 0, 0, 0, 0 );
insert into FIR.DECLARATION values(1000847, '555066524769', '826625532', '2df4c747-8854-4355-83da-af7cda6cf3a6', '11', '1111', 0, '23', 1, 1, 0, 0, 0, 0, 0 );
insert into FIR.DECLARATION values(1000848, '916579566217', '174507919', '51d9498d-4c4d-49d5-8fa1-159d03f308d3', '11', '1111', 0, '23', 1, 1, 0, 0, 0, 0, 0 );
insert into FIR.DECLARATION values(1000849, '959576839903', '164560423', 'c29ed48a-2875-4707-baaa-c92a83e23470', '11', '1111', 0, '23', 1, 1, 0, 0, 0, 0, 0 );
insert into FIR.DECLARATION values(1000850, '751684120833', '317123112', 'e525b76c-71d6-4d9e-ba75-6343e69ef5d7', '11', '1111', 0, '23', 1, 1, 0, 0, 0, 0, 0 );
insert into FIR.DECLARATION values(1000851, '276326608424', '814279778', 'b87450cf-bf0a-4d9c-909d-9ac5448aa981', '11', '1111', 0, '23', 1, 1, 0, 0, 0, 0, 0 );
insert into FIR.DECLARATION values(1000852, '903767515900', '163682714', 'ce1b072a-dfeb-42e6-aba1-f3b925c135b2', '11', '1111', 0, '23', 1, 1, 0, 0, 0, 0, 0 );
insert into FIR.DECLARATION values(1000853, '179255530366', '782468715', '2e63c9e5-cc59-47ba-80df-66891d66d229', '11', '1111', 0, '23', 1, 1, 0, 0, 0, 0, 0 );
insert into FIR.DECLARATION values(1000854, '874784564933', '145900922', 'c1fd4e68-4263-499f-b3ab-dc6c59e76718', '11', '1111', 0, '23', 1, 1, 0, 0, 0, 0, 0 );
insert into FIR.DECLARATION values(1000855, '189871767959', '127415785', '9783eae8-9958-49a5-8d39-90f510af7996', '52', '5252', 1, '22', 1, 1, 44, 19.9877170529159329, 0.997459731063554, 0.0147048374706436, 0.4542662966571802931818181818 );
insert into FIR.DISCREPANCY_RAW values(1000836,  sysdate, 1, '1', 20, 0.288718615793026, 0.494028627636856, '22', '2014', '189871767959', '628573172419', '10210', 1000855, '/231', '1000856', '2' );
insert into FIR.DISCREPANCY_RAW values(1000837,  sysdate, 1, '1', 20, 0.813985244284377, 0.278623061384365, '22', '2014', '189871767959', '392867751837', '10210', 1000855, '/231', '1000857', '2' );
insert into FIR.DISCREPANCY_RAW values(1000838,  sysdate, 1, '1', 20, 0.843617106715039, 0.110042182314229, '22', '2014', '189871767959', '550305267677', '10210', 1000855, '/231', '1000858', '2' );
insert into FIR.DISCREPANCY_RAW values(1000839,  sysdate, 1, '1', 20, 0.805227561297467, 0.532449362116144, '22', '2014', '189871767959', '476993767916', '10210', 1000855, '/231', '1000859', '2' );
insert into FIR.DISCREPANCY_RAW values(1000840,  sysdate, 1, '1', 20, 0.0741773159588582, 0.46267681916369, '22', '2014', '189871767959', '774312165528', '10211', 1000855, '/231', '1000860', '2' );
insert into FIR.DISCREPANCY_RAW values(1000841,  sysdate, 1, '1', 20, 0.303706227943164, 0.850410201982786, '22', '2014', '189871767959', '784537712890', '10211', 1000855, '/231', '1000861', '2' );
insert into FIR.DISCREPANCY_RAW values(1000842,  sysdate, 1, '1', 20, 0.175734792917843, 0.72032510848731, '22', '2014', '189871767959', '688393706642', '10211', 1000855, '/231', '1000862', '2' );
insert into FIR.DISCREPANCY_RAW values(1000843,  sysdate, 1, '1', 20, 0.69448983096261, 0.158686531781539, '22', '2014', '189871767959', '270848564137', '10211', 1000855, '/231', '1000863', '2' );
insert into FIR.DISCREPANCY_RAW values(1000844,  sysdate, 1, '1', 20, 0.478091798479712, 0.516835255789028, '22', '2014', '189871767959', '239925811273', '10212', 1000855, '/231', '1000864', '2' );
insert into FIR.DISCREPANCY_RAW values(1000845,  sysdate, 1, '1', 20, 0.656299924783548, 0.95223870079603, '22', '2014', '189871767959', '259135455865', '10212', 1000855, '/231', '1000865', '2' );
insert into FIR.DISCREPANCY_RAW values(1000846,  sysdate, 1, '1', 20, 0.625023463100672, 0.295962276540679, '22', '2014', '189871767959', '978578736952', '10212', 1000855, '/231', '1000866', '2' );
insert into FIR.DISCREPANCY_RAW values(1000847,  sysdate, 1, '1', 20, 0.419280656808652, 0.58308325967895, '22', '2014', '189871767959', '758232619435', '10212', 1000855, '/231', '1000867', '2' );
insert into FIR.DISCREPANCY_RAW values(1000848,  sysdate, 1, '1', 20, 0.47922682505065, 0.657636001081036, '22', '2014', '189871767959', '314662141089', '10213', 1000855, '/231', '1000868', '2' );
insert into FIR.DISCREPANCY_RAW values(1000849,  sysdate, 1, '1', 20, 0.995298985389666, 0.752512432519585, '22', '2014', '189871767959', '819506780424', '10213', 1000855, '/231', '1000869', '2' );
insert into FIR.DISCREPANCY_RAW values(1000850,  sysdate, 1, '1', 20, 0.450392447621744, 0.936908950534141, '22', '2014', '189871767959', '420644744621', '10213', 1000855, '/231', '1000870', '2' );
insert into FIR.DISCREPANCY_RAW values(1000851,  sysdate, 1, '1', 20, 0.146008087390106, 0.11891407431984, '22', '2014', '189871767959', '281057427514', '10213', 1000855, '/231', '1000871', '2' );
insert into FIR.DISCREPANCY_RAW values(1000852,  sysdate, 1, '1', 20, 0.88812728081277, 0.303395388789193, '22', '2014', '189871767959', '489531817923', '10214', 1000855, '/231', '1000872', '2' );
insert into FIR.DISCREPANCY_RAW values(1000853,  sysdate, 1, '1', 20, 0.283139786349209, 0.619937940323696, '22', '2014', '189871767959', '697257209211', '10214', 1000855, '/231', '1000873', '2' );
insert into FIR.DISCREPANCY_RAW values(1000854,  sysdate, 1, '1', 20, 0.853996622308156, 0.795470362899578, '22', '2014', '189871767959', '769051710642', '10214', 1000855, '/231', '1000874', '2' );
insert into FIR.DISCREPANCY_RAW values(1000855,  sysdate, 1, '1', 20, 0.333674517615547, 0.210061303903377, '22', '2014', '189871767959', '204878417347', '10214', 1000855, '/231', '1000875', '2' );
insert into FIR.DISCREPANCY_RAW values(1000856,  sysdate, 1, '1', 20, 0.266994003796482, 0.0147048374706436, '22', '2014', '189871767959', '375134132924', '10215', 1000855, '/231', '1000876', '2' );
insert into FIR.DISCREPANCY_RAW values(1000857,  sysdate, 1, '1', 20, 0.179379716599071, 0.126828623528978, '22', '2014', '189871767959', '759765320729', '10215', 1000855, '/231', '1000877', '2' );
insert into FIR.DISCREPANCY_RAW values(1000858,  sysdate, 1, '1', 20, 0.65048620367911, 0.0312651563581383, '22', '2014', '189871767959', '776541591485', '10215', 1000855, '/231', '1000878', '2' );
insert into FIR.DISCREPANCY_RAW values(1000859,  sysdate, 1, '1', 20, 0.822492308366342, 0.177539967083158, '22', '2014', '189871767959', '146063540014', '10215', 1000855, '/231', '1000879', '2' );
insert into FIR.DISCREPANCY_RAW values(1000860,  sysdate, 1, '1', 20, 0.704596906762848, 0.485736197552521, '22', '2014', '189871767959', '289310267602', '10216', 1000855, '/231', '1000880', '2' );
insert into FIR.DISCREPANCY_RAW values(1000861,  sysdate, 1, '1', 20, 0.811159203206729, 0.351449544705194, '22', '2014', '189871767959', '992321605689', '10216', 1000855, '/231', '1000881', '2' );
insert into FIR.DISCREPANCY_RAW values(1000862,  sysdate, 1, '1', 20, 0.45921919749082, 0.100468354346449, '22', '2014', '189871767959', '423869622529', '10216', 1000855, '/231', '1000882', '2' );
insert into FIR.DISCREPANCY_RAW values(1000863,  sysdate, 1, '1', 20, 0.845894905666772, 0.526423568616818, '22', '2014', '189871767959', '403620510104', '10216', 1000855, '/231', '1000883', '2' );
insert into FIR.DISCREPANCY_RAW values(1000864,  sysdate, 1, '1', 20, 0.148237178171164, 0.763727609423794, '22', '2014', '189871767959', '381301754747', '10217', 1000855, '/231', '1000884', '2' );
insert into FIR.DISCREPANCY_RAW values(1000865,  sysdate, 1, '1', 20, 0.434676499308402, 0.93702484804067, '22', '2014', '189871767959', '764908343995', '10217', 1000855, '/231', '1000885', '2' );
insert into FIR.DISCREPANCY_RAW values(1000866,  sysdate, 1, '1', 20, 0.5757565310112, 0.398941222764059, '22', '2014', '189871767959', '145191480506', '10217', 1000855, '/231', '1000886', '2' );
insert into FIR.DISCREPANCY_RAW values(1000867,  sysdate, 1, '1', 20, 0.944323400009574, 0.294898364830249, '22', '2014', '189871767959', '883255245918', '10217', 1000855, '/231', '1000887', '2' );
insert into FIR.DISCREPANCY_RAW values(1000868,  sysdate, 1, '1', 20, 0.447871890127599, 0.120751451757155, '22', '2014', '189871767959', '177148235620', '10218', 1000855, '/231', '1000888', '2' );
insert into FIR.DISCREPANCY_RAW values(1000869,  sysdate, 1, '1', 20, 0.991561954371427, 0.274989973881743, '22', '2014', '189871767959', '781250840351', '10218', 1000855, '/231', '1000889', '2' );
insert into FIR.DISCREPANCY_RAW values(1000870,  sysdate, 1, '1', 20, 0.170861505982867, 0.155731340011457, '22', '2014', '189871767959', '564275243994', '10218', 1000855, '/231', '1000890', '2' );
insert into FIR.DISCREPANCY_RAW values(1000871,  sysdate, 1, '1', 20, 0.40355586558746, 0.592664367329639, '22', '2014', '189871767959', '769579608128', '10218', 1000855, '/231', '1000891', '2' );
insert into FIR.DISCREPANCY_RAW values(1000872,  sysdate, 1, '1', 20, 0.661710568080521, 0.658624560413242, '22', '2014', '189871767959', '129940260208', '10219', 1000855, '/231', '1000892', '2' );
insert into FIR.DISCREPANCY_RAW values(1000873,  sysdate, 1, '1', 20, 0.591458131368951, 0.562405101751166, '22', '2014', '189871767959', '486499640252', '10219', 1000855, '/231', '1000893', '2' );
insert into FIR.DISCREPANCY_RAW values(1000874,  sysdate, 1, '1', 20, 0.647493223961207, 0.625630637456491, '22', '2014', '189871767959', '720295193934', '10219', 1000855, '/231', '1000894', '2' );
insert into FIR.DISCREPANCY_RAW values(1000875,  sysdate, 1, '1', 20, 0.547894658775951, 0.52495099349178, '22', '2014', '189871767959', '694266824411', '10219', 1000855, '/231', '1000895', '2' );
insert into FIR.DISCREPANCY_RAW values(1000876,  sysdate, 1, '1', 20, 0.953273145925846, 0.268519762097169, '22', '2014', '189871767959', '987249134086', '10220', 1000855, '/231', '1000896', '2' );
insert into FIR.DISCREPANCY_RAW values(1000877,  sysdate, 1, '1', 20, 0.60260270657139, 0.143953637286999, '22', '2014', '189871767959', '510660764742', '10220', 1000855, '/231', '1000897', '2' );
insert into FIR.DISCREPANCY_RAW values(1000878,  sysdate, 1, '1', 20, 0.656522286430244, 0.997459731063554, '22', '2014', '189871767959', '360513137975', '10220', 1000855, '/231', '1000898', '2' );
insert into FIR.DISCREPANCY_RAW values(1000879,  sysdate, 1, '1', 20, 0.270790511868331, 0.502829359612814, '22', '2014', '189871767959', '209350738554', '10220', 1000855, '/231', '1000899', '2' );
insert into FIR.DECLARATION values(1000856, '106096164660', '947128622', '5ae8ac15-c17f-410a-a0b5-83e351626675', '11', '1111', 0, '21', 1, 1, 0, 0, 0, 0, 0 );
insert into FIR.DECLARATION values(1000857, '470054591236', '789632751', 'f4c9f1f5-99b1-4713-ab3d-f20d95213e10', '11', '1111', 0, '21', 1, 1, 0, 0, 0, 0, 0 );
insert into FIR.DECLARATION values(1000858, '791603912443', '991155643', '337fbc67-7c0e-44d2-b755-b19fba66bfe5', '11', '1111', 0, '21', 1, 1, 0, 0, 0, 0, 0 );
insert into FIR.DECLARATION values(1000859, '862800450723', '119376855', '0db0597c-5da0-40eb-9dd0-3d9092cc1965', '11', '1111', 0, '21', 1, 1, 0, 0, 0, 0, 0 );
insert into FIR.DECLARATION values(1000860, '863246619792', '729419853', '6d39acc9-aa8a-4447-9cab-4436bbe0954e', '11', '1111', 0, '21', 1, 1, 0, 0, 0, 0, 0 );
insert into FIR.DECLARATION values(1000861, '755976712371', '452963260', 'e1a7e198-fbce-4994-995f-a711a9d4cce4', '11', '1111', 0, '21', 1, 1, 0, 0, 0, 0, 0 );
insert into FIR.DECLARATION values(1000862, '146477435135', '543429737', 'e6be2361-919b-4067-8464-9cd4b33a3438', '11', '1111', 0, '21', 1, 1, 0, 0, 0, 0, 0 );
insert into FIR.DECLARATION values(1000863, '391788543928', '204435685', 'c0b043e3-f9a9-45cc-8f25-d42c2d56fb5f', '11', '1111', 0, '21', 1, 1, 0, 0, 0, 0, 0 );
insert into FIR.DECLARATION values(1000864, '551307256554', '509916944', '5b688276-a1c6-4402-9d6c-71b985846680', '11', '1111', 0, '21', 1, 1, 0, 0, 0, 0, 0 );
insert into FIR.DECLARATION values(1000865, '372308363384', '909999547', 'ab87dd8b-ba08-4d5d-a79d-c9a6a34a1500', '11', '1111', 0, '21', 1, 1, 0, 0, 0, 0, 0 );
insert into FIR.DECLARATION values(1000866, '862155462892', '170894180', '92951a80-de19-415f-a326-c2fe4f9d0949', '11', '1111', 0, '21', 1, 1, 0, 0, 0, 0, 0 );
insert into FIR.DECLARATION values(1000867, '872452481353', '218212472', '4826a025-62b5-4f9f-a1e4-d3f8fee3987c', '11', '1111', 0, '21', 1, 1, 0, 0, 0, 0, 0 );
insert into FIR.DECLARATION values(1000868, '385381298187', '728804205', '51d4f443-7154-406e-8607-d6341df4e220', '11', '1111', 0, '21', 1, 1, 0, 0, 0, 0, 0 );
insert into FIR.DECLARATION values(1000869, '435945658973', '999926947', 'b4000b87-7b9c-407b-9727-18dfe96c2a76', '11', '1111', 0, '21', 1, 1, 0, 0, 0, 0, 0 );
insert into FIR.DECLARATION values(1000870, '748518104501', '983172710', '07a97902-f1d8-412e-a0f9-13f1cb73efee', '11', '1111', 0, '21', 1, 1, 0, 0, 0, 0, 0 );
insert into FIR.DECLARATION values(1000871, '340959859217', '300875950', '8621cc52-9724-4090-a04b-3da2477da25b', '11', '1111', 0, '21', 1, 1, 0, 0, 0, 0, 0 );
insert into FIR.DECLARATION values(1000872, '779747945241', '332084239', '3ae647fe-cf94-4ba3-9bdf-e3a46fd1d3ff', '11', '1111', 0, '21', 1, 1, 0, 0, 0, 0, 0 );
insert into FIR.DECLARATION values(1000873, '711096921157', '500815978', '5cbfe3d9-30b4-4f8f-b91a-d342bc3357e5', '11', '1111', 0, '21', 1, 1, 0, 0, 0, 0, 0 );
insert into FIR.DECLARATION values(1000874, '564987803062', '969520965', 'c165cf2e-a1f4-45bf-9e98-c4ced5a78a74', '11', '1111', 0, '21', 1, 1, 0, 0, 0, 0, 0 );
insert into FIR.DECLARATION values(1000875, '932809150026', '651675173', 'bd3e24f8-1dab-487f-8105-0c043d811ffe', '11', '1111', 0, '21', 1, 1, 0, 0, 0, 0, 0 );
insert into FIR.DECLARATION values(1000876, '422841617338', '461286732', '0cd7fdcd-66b8-465d-9173-8293d3143d8b', '11', '1111', 0, '21', 1, 1, 0, 0, 0, 0, 0 );
insert into FIR.DECLARATION values(1000877, '676765522787', '826955923', 'ea632751-1001-41f6-ace5-6dfcdd540057', '11', '1111', 0, '21', 1, 1, 0, 0, 0, 0, 0 );
insert into FIR.DECLARATION values(1000878, '124015638195', '215867677', 'e562b6a6-7474-4bc0-8503-b4e77f372baf', '11', '1111', 0, '21', 1, 1, 0, 0, 0, 0, 0 );
insert into FIR.DECLARATION values(1000879, '893630534117', '605978441', 'a37095b9-f06e-4721-b8b6-c82e41896f87', '11', '1111', 0, '21', 1, 1, 0, 0, 0, 0, 0 );
insert into FIR.DECLARATION values(1000880, '402334287288', '777287601', '175c13de-5eba-4de8-afa9-e60f5c7af128', '11', '1111', 0, '21', 1, 1, 0, 0, 0, 0, 0 );
insert into FIR.DECLARATION values(1000881, '860634720046', '964055817', '1fdc2551-06ab-451c-8bb7-83f157194ef7', '11', '1111', 0, '21', 1, 1, 0, 0, 0, 0, 0 );
insert into FIR.DECLARATION values(1000882, '945102147986', '260117428', 'a7021de1-2128-45c2-ae7c-09088d977de6', '11', '1111', 0, '21', 1, 1, 0, 0, 0, 0, 0 );
insert into FIR.DECLARATION values(1000883, '702379158402', '530976589', '75418a4c-5d4e-49ee-8b5a-bd982f53521c', '11', '1111', 0, '21', 1, 1, 0, 0, 0, 0, 0 );
insert into FIR.DECLARATION values(1000884, '747952758375', '626935209', 'a9998835-31b2-4e30-ba09-bbdce8ffceb2', '11', '1111', 0, '21', 1, 1, 0, 0, 0, 0, 0 );
insert into FIR.DECLARATION values(1000885, '153714113058', '315489997', 'ee2e582f-269d-422a-a3f2-ee0b0edbdbd1', '11', '1111', 0, '21', 1, 1, 0, 0, 0, 0, 0 );
insert into FIR.DECLARATION values(1000886, '908748467853', '530039362', '0ba6ac7e-fd3f-44d8-b798-80aaf3cd275e', '11', '1111', 0, '21', 1, 1, 0, 0, 0, 0, 0 );
insert into FIR.DECLARATION values(1000887, '958715193217', '302436809', 'c31145bf-0810-4255-9b82-899739cd23c9', '11', '1111', 0, '21', 1, 1, 0, 0, 0, 0, 0 );
insert into FIR.DECLARATION values(1000888, '673164206464', '771394379', 'ada70960-3892-4a67-93ac-01d5eaa7dcaa', '11', '1111', 0, '21', 1, 1, 0, 0, 0, 0, 0 );
insert into FIR.DECLARATION values(1000889, '408979731974', '673643733', '4c504e51-6a97-44d7-8169-3705f539301d', '11', '1111', 0, '21', 1, 1, 0, 0, 0, 0, 0 );
insert into FIR.DECLARATION values(1000890, '190052893749', '726172403', '87c66434-e06c-498f-aa06-e42abd8c631e', '11', '1111', 0, '21', 1, 1, 0, 0, 0, 0, 0 );
insert into FIR.DECLARATION values(1000891, '131364177993', '433494351', '38da0780-115b-4ac2-9d41-54c9b5976a00', '11', '1111', 0, '21', 1, 1, 0, 0, 0, 0, 0 );
insert into FIR.DECLARATION values(1000892, '818286744279', '507945687', 'aa09d290-27e8-4977-be00-491ffa444aba', '11', '1111', 0, '21', 1, 1, 0, 0, 0, 0, 0 );
insert into FIR.DECLARATION values(1000893, '992180715936', '799476632', '39ec9613-fce0-487f-9a15-528ef4248721', '11', '1111', 0, '21', 1, 1, 0, 0, 0, 0, 0 );
insert into FIR.DECLARATION values(1000894, '414388618652', '422969256', '70102aac-872b-4ff5-ba3f-08cbc659e5b3', '11', '1111', 0, '21', 1, 1, 0, 0, 0, 0, 0 );
insert into FIR.DECLARATION values(1000895, '490642572589', '483158974', 'f070bc02-bad1-4714-bdf6-7f5a35b5043e', '11', '1111', 0, '21', 1, 1, 0, 0, 0, 0, 0 );
insert into FIR.DECLARATION values(1000896, '117926882827', '660651930', 'b3121664-01aa-4a42-87f3-cd033938f54b', '11', '1111', 0, '21', 1, 1, 0, 0, 0, 0, 0 );
insert into FIR.DECLARATION values(1000897, '634547988280', '989725101', '118b132e-7cf6-427d-8f08-6b6b2a42d1f7', '11', '1111', 0, '21', 1, 1, 0, 0, 0, 0, 0 );
insert into FIR.DECLARATION values(1000898, '820231742370', '529716522', 'b54b8d96-cc69-4b10-b54d-205f54ae520a', '11', '1111', 0, '21', 1, 1, 0, 0, 0, 0, 0 );
insert into FIR.DECLARATION values(1000899, '287852180535', '141116555', '13f9486d-665e-45e6-a032-30de8a50a0ed', '11', '1111', 0, '21', 1, 1, 0, 0, 0, 0, 0 );
insert into FIR.DECLARATION values(1000900, '232077227215', '295021372', '87466aad-3b28-4fd2-a017-fd63b6b8fa78', '52', '5252', 1, '22', 1, 1, 44, 21.1525863679836415, 0.990065464279645, 0.0235361363848374, 0.4807405992723554886363636364 );
insert into FIR.DISCREPANCY_RAW values(1000880,  sysdate, 1, '1', 20, 0.963938032260136, 0.166269491504072, '22', '2014', '232077227215', '155054793243', '10221', 1000900, '/231', '1000901', '2' );
insert into FIR.DISCREPANCY_RAW values(1000881,  sysdate, 1, '1', 20, 0.450693036639454, 0.421881101756301, '22', '2014', '232077227215', '315233502034', '10221', 1000900, '/231', '1000902', '2' );
insert into FIR.DISCREPANCY_RAW values(1000882,  sysdate, 1, '1', 20, 0.431324504516704, 0.511951301485277, '22', '2014', '232077227215', '697406141285', '10221', 1000900, '/231', '1000903', '2' );
insert into FIR.DISCREPANCY_RAW values(1000883,  sysdate, 1, '1', 20, 0.196175027264364, 0.250288124778442, '22', '2014', '232077227215', '210725976024', '10221', 1000900, '/231', '1000904', '2' );
insert into FIR.DISCREPANCY_RAW values(1000884,  sysdate, 1, '1', 20, 0.562950996944192, 0.138379321963703, '22', '2014', '232077227215', '590460379287', '10222', 1000900, '/231', '1000905', '2' );
insert into FIR.DISCREPANCY_RAW values(1000885,  sysdate, 1, '1', 20, 0.4324188565055, 0.812763716007007, '22', '2014', '232077227215', '708200967093', '10222', 1000900, '/231', '1000906', '2' );
insert into FIR.DISCREPANCY_RAW values(1000886,  sysdate, 1, '1', 20, 0.088118696626331, 0.377941579268287, '22', '2014', '232077227215', '932623893190', '10222', 1000900, '/231', '1000907', '2' );
insert into FIR.DISCREPANCY_RAW values(1000887,  sysdate, 1, '1', 20, 0.0425688862067502, 0.884455359487075, '22', '2014', '232077227215', '997455389463', '10222', 1000900, '/231', '1000908', '2' );
insert into FIR.DISCREPANCY_RAW values(1000888,  sysdate, 1, '1', 20, 0.425869161461419, 0.0235361363848374, '22', '2014', '232077227215', '674640257158', '10223', 1000900, '/231', '1000909', '2' );
insert into FIR.DISCREPANCY_RAW values(1000889,  sysdate, 1, '1', 20, 0.703713797360526, 0.294823116760153, '22', '2014', '232077227215', '380591529994', '10223', 1000900, '/231', '1000910', '2' );
insert into FIR.DISCREPANCY_RAW values(1000890,  sysdate, 1, '1', 20, 0.864034009568409, 0.46687015028059, '22', '2014', '232077227215', '460537302099', '10223', 1000900, '/231', '1000911', '2' );
insert into FIR.DISCREPANCY_RAW values(1000891,  sysdate, 1, '1', 20, 0.131492491407084, 0.919656919278045, '22', '2014', '232077227215', '437332259249', '10223', 1000900, '/231', '1000912', '2' );
insert into FIR.DISCREPANCY_RAW values(1000892,  sysdate, 1, '1', 20, 0.198838996793534, 0.519009957797364, '22', '2014', '232077227215', '114347500710', '10224', 1000900, '/231', '1000913', '2' );
insert into FIR.DISCREPANCY_RAW values(1000893,  sysdate, 1, '1', 20, 0.980384002896205, 0.13366405066739, '22', '2014', '232077227215', '344555852666', '10224', 1000900, '/231', '1000914', '2' );
insert into FIR.DISCREPANCY_RAW values(1000894,  sysdate, 1, '1', 20, 0.823261082090093, 0.161000900045503, '22', '2014', '232077227215', '551866465277', '10224', 1000900, '/231', '1000915', '2' );
insert into FIR.DISCREPANCY_RAW values(1000895,  sysdate, 1, '1', 20, 0.0446346299930637, 0.0928963455804141, '22', '2014', '232077227215', '664014455509', '10224', 1000900, '/231', '1000916', '2' );
insert into FIR.DISCREPANCY_RAW values(1000896,  sysdate, 1, '1', 20, 0.582330304469136, 0.41866260227685, '22', '2014', '232077227215', '419067396740', '10225', 1000900, '/231', '1000917', '2' );
insert into FIR.DISCREPANCY_RAW values(1000897,  sysdate, 1, '1', 20, 0.698507307422584, 0.387782843964073, '22', '2014', '232077227215', '209314374617', '10225', 1000900, '/231', '1000918', '2' );
insert into FIR.DISCREPANCY_RAW values(1000898,  sysdate, 1, '1', 20, 0.839241589810346, 0.259541067881296, '22', '2014', '232077227215', '673915550169', '10225', 1000900, '/231', '1000919', '2' );
insert into FIR.DISCREPANCY_RAW values(1000899,  sysdate, 1, '1', 20, 0.93785298566234, 0.990065464279645, '22', '2014', '232077227215', '355457791888', '10225', 1000900, '/231', '1000920', '2' );
insert into FIR.DISCREPANCY_RAW values(1000900,  sysdate, 1, '1', 20, 0.87899490952445, 0.786413342126838, '22', '2014', '232077227215', '947034325880', '10226', 1000900, '/231', '1000921', '2' );
insert into FIR.DISCREPANCY_RAW values(1000901,  sysdate, 1, '1', 20, 0.991849591951747, 0.799125783983211, '22', '2014', '232077227215', '986206462252', '10226', 1000900, '/231', '1000922', '2' );
insert into FIR.DISCREPANCY_RAW values(1000902,  sysdate, 1, '1', 20, 0.94215342586029, 0.099917841190434, '22', '2014', '232077227215', '743763825856', '10226', 1000900, '/231', '1000923', '2' );
insert into FIR.DISCREPANCY_RAW values(1000903,  sysdate, 1, '1', 20, 0.90223769140534, 0.502519684612062, '22', '2014', '232077227215', '557496575207', '10226', 1000900, '/231', '1000924', '2' );
insert into FIR.DISCREPANCY_RAW values(1000904,  sysdate, 1, '1', 20, 0.48570986394105, 0.643588217740687, '22', '2014', '232077227215', '850220225155', '10227', 1000900, '/231', '1000925', '2' );
insert into FIR.DISCREPANCY_RAW values(1000905,  sysdate, 1, '1', 20, 0.392520157337431, 0.350337013765395, '22', '2014', '232077227215', '794453303055', '10227', 1000900, '/231', '1000926', '2' );
insert into FIR.DISCREPANCY_RAW values(1000906,  sysdate, 1, '1', 20, 0.0956836282721179, 0.111982690222553, '22', '2014', '232077227215', '335966446185', '10227', 1000900, '/231', '1000927', '2' );
insert into FIR.DISCREPANCY_RAW values(1000907,  sysdate, 1, '1', 20, 0.737129418988307, 0.865738018819009, '22', '2014', '232077227215', '812652392462', '10227', 1000900, '/231', '1000928', '2' );
insert into FIR.DISCREPANCY_RAW values(1000908,  sysdate, 1, '1', 20, 0.617781392586316, 0.874848886800394, '22', '2014', '232077227215', '188236950785', '10228', 1000900, '/231', '1000929', '2' );
insert into FIR.DISCREPANCY_RAW values(1000909,  sysdate, 1, '1', 20, 0.763922128716448, 0.148963652620541, '22', '2014', '232077227215', '218956515279', '10228', 1000900, '/231', '1000930', '2' );
insert into FIR.DISCREPANCY_RAW values(1000910,  sysdate, 1, '1', 20, 0.505712596003764, 0.746240355887562, '22', '2014', '232077227215', '625777256883', '10228', 1000900, '/231', '1000931', '2' );
insert into FIR.DISCREPANCY_RAW values(1000911,  sysdate, 1, '1', 20, 0.460123662119789, 0.454501017208444, '22', '2014', '232077227215', '671250658356', '10228', 1000900, '/231', '1000932', '2' );
insert into FIR.DISCREPANCY_RAW values(1000912,  sysdate, 1, '1', 20, 0.902430330357715, 0.537165870208836, '22', '2014', '232077227215', '482858768579', '10229', 1000900, '/231', '1000933', '2' );
insert into FIR.DISCREPANCY_RAW values(1000913,  sysdate, 1, '1', 20, 0.854462535984098, 0.154887203664932, '22', '2014', '232077227215', '796816817191', '10229', 1000900, '/231', '1000934', '2' );
insert into FIR.DISCREPANCY_RAW values(1000914,  sysdate, 1, '1', 20, 0.500750783132739, 0.449401386757102, '22', '2014', '232077227215', '537747474842', '10229', 1000900, '/231', '1000935', '2' );
insert into FIR.DISCREPANCY_RAW values(1000915,  sysdate, 1, '1', 20, 0.37543190381277, 0.723191573155667, '22', '2014', '232077227215', '692660924362', '10229', 1000900, '/231', '1000936', '2' );
insert into FIR.DISCREPANCY_RAW values(1000916,  sysdate, 1, '1', 20, 0.951961759455484, 0.819146354598527, '22', '2014', '232077227215', '374445639017', '10230', 1000900, '/231', '1000937', '2' );
insert into FIR.DISCREPANCY_RAW values(1000917,  sysdate, 1, '1', 20, 0.395634526105427, 0.380122932316793, '22', '2014', '232077227215', '195547666095', '10230', 1000900, '/231', '1000938', '2' );
insert into FIR.DISCREPANCY_RAW values(1000918,  sysdate, 1, '1', 20, 0.425202104926669, 0.528328467406485, '22', '2014', '232077227215', '515568420902', '10230', 1000900, '/231', '1000939', '2' );
insert into FIR.DISCREPANCY_RAW values(1000919,  sysdate, 1, '1', 20, 0.296906754047101, 0.52292328817906, '22', '2014', '232077227215', '713338612137', '10230', 1000900, '/231', '1000940', '2' );
insert into FIR.DISCREPANCY_RAW values(1000920,  sysdate, 1, '1', 20, 0.961431996413242, 0.841168957222797, '22', '2014', '232077227215', '695875916568', '10231', 1000900, '/231', '1000941', '2' );
insert into FIR.DISCREPANCY_RAW values(1000921,  sysdate, 1, '1', 20, 0.986010311164898, 0.93911190374713, '22', '2014', '232077227215', '971190917560', '10231', 1000900, '/231', '1000942', '2' );
insert into FIR.DISCREPANCY_RAW values(1000922,  sysdate, 1, '1', 20, 0.695339290283313, 0.526368237345651, '22', '2014', '232077227215', '305159456865', '10231', 1000900, '/231', '1000943', '2' );
insert into FIR.DISCREPANCY_RAW values(1000923,  sysdate, 1, '1', 20, 0.498867416055346, 0.115154136957207, '22', '2014', '232077227215', '657724120560', '10231', 1000900, '/231', '1000944', '2' );
insert into FIR.DECLARATION values(1000901, '631617348540', '329330886', 'c0eef716-ab73-4264-9f12-a8e2e615e71a', '11', '1111', 0, '21', 1, 1, 0, 0, 0, 0, 0 );
insert into FIR.DECLARATION values(1000902, '616644528681', '606692319', '54ecdf91-7920-4e12-870f-8373c632c9ed', '11', '1111', 0, '21', 1, 1, 0, 0, 0, 0, 0 );
insert into FIR.DECLARATION values(1000903, '148884905453', '208139758', 'f41a14be-33df-41bd-b0cd-52e0ae532199', '11', '1111', 0, '21', 1, 1, 0, 0, 0, 0, 0 );
insert into FIR.DECLARATION values(1000904, '967704509644', '440676114', '2161fd99-7ae6-4b42-931e-3d1991722e97', '11', '1111', 0, '21', 1, 1, 0, 0, 0, 0, 0 );
insert into FIR.DECLARATION values(1000905, '531357336745', '486258285', '40ae7ed5-214a-4ed1-a725-8c6318a5d618', '11', '1111', 0, '21', 1, 1, 0, 0, 0, 0, 0 );
insert into FIR.DECLARATION values(1000906, '126079593370', '912423788', '92480863-b3ec-4422-883b-06087b5dc7db', '11', '1111', 0, '21', 1, 1, 0, 0, 0, 0, 0 );
insert into FIR.DECLARATION values(1000907, '959519494325', '538717447', 'a8304343-f76d-4fb8-80c7-9ea2ec5cdfa4', '11', '1111', 0, '21', 1, 1, 0, 0, 0, 0, 0 );
insert into FIR.DECLARATION values(1000908, '324477996526', '614127249', '15b2aa7f-7cb4-4a66-845f-82afaf3dd744', '11', '1111', 0, '21', 1, 1, 0, 0, 0, 0, 0 );
insert into FIR.DECLARATION values(1000909, '418147849539', '234610487', '100c060a-bbfb-4740-bd3b-0b0c35ee5b07', '11', '1111', 0, '21', 1, 1, 0, 0, 0, 0, 0 );
insert into FIR.DECLARATION values(1000910, '408399601061', '757351918', 'a11cab65-429c-4428-9bf7-b33e9f87c0b0', '11', '1111', 0, '21', 1, 1, 0, 0, 0, 0, 0 );
insert into FIR.DECLARATION values(1000911, '671805140242', '803342822', '4b6a5147-84e2-43bf-8ff0-67e8ba7f7c01', '11', '1111', 0, '21', 1, 1, 0, 0, 0, 0, 0 );
insert into FIR.DECLARATION values(1000912, '882571387480', '412175579', '9e22152a-67d2-45e3-b89c-9bbeb7a91064', '11', '1111', 0, '21', 1, 1, 0, 0, 0, 0, 0 );
insert into FIR.DECLARATION values(1000913, '693914587606', '831529463', 'abbaeea9-1d8b-49f4-8627-4581d08cdbaa', '11', '1111', 0, '21', 1, 1, 0, 0, 0, 0, 0 );
insert into FIR.DECLARATION values(1000914, '774252797276', '519959880', '72267b8d-2673-45c5-a334-a806ce0e4c5c', '11', '1111', 0, '21', 1, 1, 0, 0, 0, 0, 0 );
insert into FIR.DECLARATION values(1000915, '336999600320', '482578879', '1d51a780-c109-4b4e-b216-669e509fc2f9', '11', '1111', 0, '21', 1, 1, 0, 0, 0, 0, 0 );
insert into FIR.DECLARATION values(1000916, '340460149033', '559570274', 'b7e62bea-68c8-4b27-96e1-7422289de1c9', '11', '1111', 0, '21', 1, 1, 0, 0, 0, 0, 0 );
insert into FIR.DECLARATION values(1000917, '246808880337', '868434720', '7134ba98-ef78-41a5-933e-14214b961fcd', '11', '1111', 0, '21', 1, 1, 0, 0, 0, 0, 0 );
insert into FIR.DECLARATION values(1000918, '853916160123', '697937375', 'df13ae4a-238c-4ffa-972d-49fa474bddc1', '11', '1111', 0, '21', 1, 1, 0, 0, 0, 0, 0 );
insert into FIR.DECLARATION values(1000919, '291220445897', '296210620', '8ba65cbd-c462-491d-8683-2e91c0ac2626', '11', '1111', 0, '21', 1, 1, 0, 0, 0, 0, 0 );
insert into FIR.DECLARATION values(1000920, '679318897738', '185133677', 'd7caeaaf-7f2e-472b-8aad-88e538071262', '11', '1111', 0, '21', 1, 1, 0, 0, 0, 0, 0 );
insert into FIR.DECLARATION values(1000921, '412717726964', '143392114', 'e829ae47-db10-446a-a719-0af1dc0e62d0', '11', '1111', 0, '21', 1, 1, 0, 0, 0, 0, 0 );
insert into FIR.DECLARATION values(1000922, '384486987083', '933328813', '28242e14-666c-410a-916c-84b97e337daa', '11', '1111', 0, '21', 1, 1, 0, 0, 0, 0, 0 );
insert into FIR.DECLARATION values(1000923, '849038702553', '872620461', '37ccfbfe-8f9a-4161-8f0f-3a3ccbd2ae93', '11', '1111', 0, '21', 1, 1, 0, 0, 0, 0, 0 );
insert into FIR.DECLARATION values(1000924, '629274737393', '610487687', '8dc4113b-2859-40d6-8c88-21991adb1263', '11', '1111', 0, '21', 1, 1, 0, 0, 0, 0, 0 );
insert into FIR.DECLARATION values(1000925, '533286121739', '867989953', 'b3590f68-f982-4a05-b298-24ba1e6db4c8', '11', '1111', 0, '21', 1, 1, 0, 0, 0, 0, 0 );
insert into FIR.DECLARATION values(1000926, '833625293993', '713573600', 'e6d23904-8a8d-4a93-9f7a-0fe4570abd6d', '11', '1111', 0, '21', 1, 1, 0, 0, 0, 0, 0 );
insert into FIR.DECLARATION values(1000927, '945492917846', '997391720', 'b8a314e5-fb8a-4a04-8131-d94d1de47b50', '11', '1111', 0, '21', 1, 1, 0, 0, 0, 0, 0 );
insert into FIR.DECLARATION values(1000928, '513214813115', '465548957', '216a6779-a1c3-46ce-9ebd-e7929663fd4a', '11', '1111', 0, '21', 1, 1, 0, 0, 0, 0, 0 );
insert into FIR.DECLARATION values(1000929, '952758620543', '697741629', 'd03d36b6-e36a-49a0-9679-0c3940e0234d', '11', '1111', 0, '21', 1, 1, 0, 0, 0, 0, 0 );
insert into FIR.DECLARATION values(1000930, '266520625434', '284880837', '95789ab3-95fb-429e-9c6a-80d77beecf17', '11', '1111', 0, '21', 1, 1, 0, 0, 0, 0, 0 );
insert into FIR.DECLARATION values(1000931, '693406821708', '324409360', 'f66169a4-eb8f-43d6-bc6a-8c1052ee990e', '11', '1111', 0, '21', 1, 1, 0, 0, 0, 0, 0 );
insert into FIR.DECLARATION values(1000932, '494902376565', '637271513', 'c442968f-d1d2-4b10-89cc-feeb887ef7a3', '11', '1111', 0, '21', 1, 1, 0, 0, 0, 0, 0 );
insert into FIR.DECLARATION values(1000933, '614004576397', '296750959', 'd03b29c6-9241-492d-bd45-ea74752f5d34', '11', '1111', 0, '21', 1, 1, 0, 0, 0, 0, 0 );
insert into FIR.DECLARATION values(1000934, '435988114613', '810480912', '3b912726-961a-43ea-b31b-28f9b47eba9c', '11', '1111', 0, '21', 1, 1, 0, 0, 0, 0, 0 );
insert into FIR.DECLARATION values(1000935, '647171756360', '605864586', 'e7d52420-7159-47e4-a1c3-25e3d1de609c', '11', '1111', 0, '21', 1, 1, 0, 0, 0, 0, 0 );
insert into FIR.DECLARATION values(1000936, '669937775464', '964080997', '00f8185d-3a64-4271-b506-4f0b5af0a719', '11', '1111', 0, '21', 1, 1, 0, 0, 0, 0, 0 );
insert into FIR.DECLARATION values(1000937, '644487403775', '794891330', '4a4b25d6-3ed9-4df2-bd8c-2d8d243c4f96', '11', '1111', 0, '21', 1, 1, 0, 0, 0, 0, 0 );
insert into FIR.DECLARATION values(1000938, '848080970794', '647244593', '70367768-5464-4c59-9ee0-e098b8cf7b34', '11', '1111', 0, '21', 1, 1, 0, 0, 0, 0, 0 );
insert into FIR.DECLARATION values(1000939, '976107289948', '186360276', '9667ba94-20fc-4264-bff8-6e9bf628b54a', '11', '1111', 0, '21', 1, 1, 0, 0, 0, 0, 0 );
insert into FIR.DECLARATION values(1000940, '357584157076', '195999754', '6d19819d-2c78-4b2f-bb8e-6c800cc17fc2', '11', '1111', 0, '21', 1, 1, 0, 0, 0, 0, 0 );
insert into FIR.DECLARATION values(1000941, '637147992884', '801246645', '2b2e58a3-6fb1-4281-bdb6-b3bbf4a769c3', '11', '1111', 0, '21', 1, 1, 0, 0, 0, 0, 0 );
insert into FIR.DECLARATION values(1000942, '841238527563', '836549265', '467e52eb-4fe1-45ff-847f-883577c9d2e5', '11', '1111', 0, '21', 1, 1, 0, 0, 0, 0, 0 );
insert into FIR.DECLARATION values(1000943, '869768617211', '534030657', '79b20f90-47cc-4ed2-8934-cc94a76f57ab', '11', '1111', 0, '21', 1, 1, 0, 0, 0, 0, 0 );
insert into FIR.DECLARATION values(1000944, '739599419139', '125804198', '2dc813d7-4b0d-4e9e-9506-3946915cc7b4', '11', '1111', 0, '21', 1, 1, 0, 0, 0, 0, 0 );
insert into FIR.DECLARATION values(1000945, '660045701556', '699501176', 'd84564e9-ba2b-43b2-920a-e80c931c66a5', '52', '5252', 1, '23', 1, 1, 44, 19.83903315003916432, 0.99855307768963, 0.00405387766848033, 0.4508871170463446436363636364 );
insert into FIR.DISCREPANCY_RAW values(1000924,  sysdate, 1, '1', 20, 0.57301113874326, 0.202928232123576, '23', '2014', '660045701556', '120248432453', '10232', 1000945, '/231', '1000946', '2' );
insert into FIR.DISCREPANCY_RAW values(1000925,  sysdate, 1, '1', 20, 0.811355372337324, 0.323139996418329, '23', '2014', '660045701556', '186530180243', '10232', 1000945, '/231', '1000947', '2' );
insert into FIR.DISCREPANCY_RAW values(1000926,  sysdate, 1, '1', 20, 0.563003433199135, 0.0978022250802266, '23', '2014', '660045701556', '220777246828', '10232', 1000945, '/231', '1000948', '2' );
insert into FIR.DISCREPANCY_RAW values(1000927,  sysdate, 1, '1', 20, 0.416915849976668, 0.25671370758522, '23', '2014', '660045701556', '605001733496', '10232', 1000945, '/231', '1000949', '2' );
insert into FIR.DISCREPANCY_RAW values(1000928,  sysdate, 1, '1', 20, 0.00341678830022774, 0.386412177414825, '23', '2014', '660045701556', '844166643774', '10233', 1000945, '/231', '1000950', '2' );
insert into FIR.DISCREPANCY_RAW values(1000929,  sysdate, 1, '1', 20, 0.488619573641857, 0.336510466102748, '23', '2014', '660045701556', '981549850659', '10233', 1000945, '/231', '1000951', '2' );
insert into FIR.DISCREPANCY_RAW values(1000930,  sysdate, 1, '1', 20, 0.828661128333146, 0.99855307768963, '23', '2014', '660045701556', '156776452437', '10233', 1000945, '/231', '1000952', '2' );
insert into FIR.DISCREPANCY_RAW values(1000931,  sysdate, 1, '1', 20, 0.733751640065458, 0.277746600228244, '23', '2014', '660045701556', '237222132953', '10233', 1000945, '/231', '1000953', '2' );
insert into FIR.DISCREPANCY_RAW values(1000932,  sysdate, 1, '1', 20, 0.0162572586053318, 0.194106923972306, '23', '2014', '660045701556', '923491314321', '10234', 1000945, '/231', '1000954', '2' );
insert into FIR.DISCREPANCY_RAW values(1000933,  sysdate, 1, '1', 20, 0.304526843738056, 0.924391409812678, '23', '2014', '660045701556', '726094902639', '10234', 1000945, '/231', '1000955', '2' );
insert into FIR.DISCREPANCY_RAW values(1000934,  sysdate, 1, '1', 20, 0.882726077867079, 0.269854440479472, '23', '2014', '660045701556', '256361927097', '10234', 1000945, '/231', '1000956', '2' );
insert into FIR.DISCREPANCY_RAW values(1000935,  sysdate, 1, '1', 20, 0.547010657166602, 0.331211731923377, '23', '2014', '660045701556', '128606164272', '10234', 1000945, '/231', '1000957', '2' );
insert into FIR.DISCREPANCY_RAW values(1000936,  sysdate, 1, '1', 20, 0.773188889852347, 0.385607594338063, '23', '2014', '660045701556', '193539872273', '10235', 1000945, '/231', '1000958', '2' );
insert into FIR.DISCREPANCY_RAW values(1000937,  sysdate, 1, '1', 20, 0.0463399114303011, 0.350973829790472, '23', '2014', '660045701556', '251793674663', '10235', 1000945, '/231', '1000959', '2' );
insert into FIR.DISCREPANCY_RAW values(1000938,  sysdate, 1, '1', 20, 0.614008960134354, 0.799312658514507, '23', '2014', '660045701556', '951524317663', '10235', 1000945, '/231', '1000960', '2' );
insert into FIR.DISCREPANCY_RAW values(1000939,  sysdate, 1, '1', 20, 0.67520735490844, 0.722757767756822, '23', '2014', '660045701556', '108067140874', '10235', 1000945, '/231', '1000961', '2' );
insert into FIR.DISCREPANCY_RAW values(1000940,  sysdate, 1, '1', 20, 0.799056759476222, 0.514165881794955, '23', '2014', '660045701556', '564793872666', '10236', 1000945, '/231', '1000962', '2' );
insert into FIR.DISCREPANCY_RAW values(1000941,  sysdate, 1, '1', 20, 0.145930664681797, 0.00405387766848033, '23', '2014', '660045701556', '387330379279', '10236', 1000945, '/231', '1000963', '2' );
insert into FIR.DISCREPANCY_RAW values(1000942,  sysdate, 1, '1', 20, 0.545085509561508, 0.684182987401347, '23', '2014', '660045701556', '246236834717', '10236', 1000945, '/231', '1000964', '2' );
insert into FIR.DISCREPANCY_RAW values(1000943,  sysdate, 1, '1', 20, 0.391242049816643, 0.83666024954834, '23', '2014', '660045701556', '244483918629', '10236', 1000945, '/231', '1000965', '2' );
insert into FIR.DISCREPANCY_RAW values(1000944,  sysdate, 1, '1', 20, 0.178780655459864, 0.182385739955299, '23', '2014', '660045701556', '528041765848', '10237', 1000945, '/231', '1000966', '2' );
insert into FIR.DISCREPANCY_RAW values(1000945,  sysdate, 1, '1', 20, 0.648766716312974, 0.200797920674457, '23', '2014', '660045701556', '187396358918', '10237', 1000945, '/231', '1000967', '2' );
insert into FIR.DISCREPANCY_RAW values(1000946,  sysdate, 1, '1', 20, 0.397552170044534, 0.751054822817005, '23', '2014', '660045701556', '734690507780', '10237', 1000945, '/231', '1000968', '2' );
insert into FIR.DISCREPANCY_RAW values(1000947,  sysdate, 1, '1', 20, 0.159315992686579, 0.843555978892164, '23', '2014', '660045701556', '593722428570', '10237', 1000945, '/231', '1000969', '2' );
insert into FIR.DISCREPANCY_RAW values(1000948,  sysdate, 1, '1', 20, 0.317781391701559, 0.419642782965509, '23', '2014', '660045701556', '741328586138', '10238', 1000945, '/231', '1000970', '2' );
insert into FIR.DISCREPANCY_RAW values(1000949,  sysdate, 1, '1', 20, 0.142789515267494, 0.274536723864515, '23', '2014', '660045701556', '156634505936', '10238', 1000945, '/231', '1000971', '2' );
insert into FIR.DISCREPANCY_RAW values(1000950,  sysdate, 1, '1', 20, 0.243179166802754, 0.336772076476725, '23', '2014', '660045701556', '516130592737', '10238', 1000945, '/231', '1000972', '2' );
insert into FIR.DISCREPANCY_RAW values(1000951,  sysdate, 1, '1', 20, 0.554263974798035, 0.141457273690709, '23', '2014', '660045701556', '372428757221', '10238', 1000945, '/231', '1000973', '2' );
insert into FIR.DISCREPANCY_RAW values(1000952,  sysdate, 1, '1', 20, 0.600092889554842, 0.541118586222231, '23', '2014', '660045701556', '429231745783', '10239', 1000945, '/231', '1000974', '2' );
insert into FIR.DISCREPANCY_RAW values(1000953,  sysdate, 1, '1', 20, 0.012703261809751, 0.970487779458281, '23', '2014', '660045701556', '220980659839', '10239', 1000945, '/231', '1000975', '2' );
insert into FIR.DISCREPANCY_RAW values(1000954,  sysdate, 1, '1', 20, 0.482449209542223, 0.662329139030692, '23', '2014', '660045701556', '773471752580', '10239', 1000945, '/231', '1000976', '2' );
insert into FIR.DISCREPANCY_RAW values(1000955,  sysdate, 1, '1', 20, 0.804006065150726, 0.44847558226831, '23', '2014', '660045701556', '941566823293', '10239', 1000945, '/231', '1000977', '2' );
insert into FIR.DISCREPANCY_RAW values(1000956,  sysdate, 1, '1', 20, 0.3092293521898, 0.151734579890843, '23', '2014', '660045701556', '719994534423', '10240', 1000945, '/231', '1000978', '2' );
insert into FIR.DISCREPANCY_RAW values(1000957,  sysdate, 1, '1', 20, 0.589607815532762, 0.783448406859976, '23', '2014', '660045701556', '903616465050', '10240', 1000945, '/231', '1000979', '2' );
insert into FIR.DISCREPANCY_RAW values(1000958,  sysdate, 1, '1', 20, 0.325580923969662, 0.864733441669836, '23', '2014', '660045701556', '828435342595', '10240', 1000945, '/231', '1000980', '2' );
insert into FIR.DISCREPANCY_RAW values(1000959,  sysdate, 1, '1', 20, 0.628176688509144, 0.48595996363366, '23', '2014', '660045701556', '924810181823', '10240', 1000945, '/231', '1000981', '2' );
insert into FIR.DISCREPANCY_RAW values(1000960,  sysdate, 1, '1', 20, 0.793702707529861, 0.107875441251265, '23', '2014', '660045701556', '402668445893', '10241', 1000945, '/231', '1000982', '2' );
insert into FIR.DISCREPANCY_RAW values(1000961,  sysdate, 1, '1', 20, 0.628160368478, 0.405943266770776, '23', '2014', '660045701556', '341028787720', '10241', 1000945, '/231', '1000983', '2' );
insert into FIR.DISCREPANCY_RAW values(1000962,  sysdate, 1, '1', 20, 0.329518001680038, 0.683708853406696, '23', '2014', '660045701556', '944081235590', '10241', 1000945, '/231', '1000984', '2' );
insert into FIR.DISCREPANCY_RAW values(1000963,  sysdate, 1, '1', 20, 0.802827992850369, 0.00921151554640919, '23', '2014', '660045701556', '120409669032', '10241', 1000945, '/231', '1000985', '2' );
insert into FIR.DISCREPANCY_RAW values(1000964,  sysdate, 1, '1', 20, 0.860775399422634, 0.385246789262279, '23', '2014', '660045701556', '977312594814', '10242', 1000945, '/231', '1000986', '2' );
insert into FIR.DISCREPANCY_RAW values(1000965,  sysdate, 1, '1', 20, 0.687072500440792, 0.6145375602015, '23', '2014', '660045701556', '766644471964', '10242', 1000945, '/231', '1000987', '2' );
insert into FIR.DISCREPANCY_RAW values(1000966,  sysdate, 1, '1', 20, 0.466650786561263, 0.0866923225515952, '23', '2014', '660045701556', '337776434747', '10242', 1000945, '/231', '1000988', '2' );
insert into FIR.DISCREPANCY_RAW values(1000967,  sysdate, 1, '1', 20, 0.298007591766309, 0.590240767034814, '23', '2014', '660045701556', '605374137730', '10242', 1000945, '/231', '1000989', '2' );
insert into FIR.DECLARATION values(1000946, '641616510593', '359183929', '3576a1ca-8a33-4744-90ad-d4691b590fd6', '11', '1111', 0, '23', 1, 1, 0, 0, 0, 0, 0 );
insert into FIR.DECLARATION values(1000947, '508421136880', '312756134', '171029f6-e64a-43c1-bcb7-2d3023f69763', '11', '1111', 0, '23', 1, 1, 0, 0, 0, 0, 0 );
insert into FIR.DECLARATION values(1000948, '217626173740', '890188708', '303be906-b1fd-4f03-9418-42a3bc5e7327', '11', '1111', 0, '23', 1, 1, 0, 0, 0, 0, 0 );
insert into FIR.DECLARATION values(1000949, '280003165226', '788298349', 'a7767450-4092-4286-a0db-8012007c5ebb', '11', '1111', 0, '23', 1, 1, 0, 0, 0, 0, 0 );
insert into FIR.DECLARATION values(1000950, '650775853864', '336459996', '2f3a2b55-88a6-44e6-a7da-37f2089d32f3', '11', '1111', 0, '23', 1, 1, 0, 0, 0, 0, 0 );
insert into FIR.DECLARATION values(1000951, '575419743751', '414030922', '270664ca-1120-4d11-80b5-96372fa7b155', '11', '1111', 0, '23', 1, 1, 0, 0, 0, 0, 0 );
insert into FIR.DECLARATION values(1000952, '418055116759', '465240817', '2274fa3b-54c7-43d3-8ac1-2d6c58e99211', '11', '1111', 0, '23', 1, 1, 0, 0, 0, 0, 0 );
insert into FIR.DECLARATION values(1000953, '670099955932', '219044188', '553b292e-833d-44cd-aed3-bc28dcf2056a', '11', '1111', 0, '23', 1, 1, 0, 0, 0, 0, 0 );
insert into FIR.DECLARATION values(1000954, '719526616887', '623147334', 'ff61cab5-9af3-4d53-a9c8-5f563115e9d9', '11', '1111', 0, '23', 1, 1, 0, 0, 0, 0, 0 );
insert into FIR.DECLARATION values(1000955, '664981118195', '803913339', 'e01f78ba-33da-46fc-8b42-263aa45db9b3', '11', '1111', 0, '23', 1, 1, 0, 0, 0, 0, 0 );
insert into FIR.DECLARATION values(1000956, '269333787515', '700582873', '9c59af7e-0e8e-4fe4-8e25-1aebbca8fc8d', '11', '1111', 0, '23', 1, 1, 0, 0, 0, 0, 0 );
insert into FIR.DECLARATION values(1000957, '836769864219', '521412270', '132aaa10-e2de-4174-93c2-5c8815144606', '11', '1111', 0, '23', 1, 1, 0, 0, 0, 0, 0 );
insert into FIR.DECLARATION values(1000958, '453059124452', '949108224', 'd0de6afe-53cd-471f-a989-a55805a0c27f', '11', '1111', 0, '23', 1, 1, 0, 0, 0, 0, 0 );
insert into FIR.DECLARATION values(1000959, '213128770119', '612952495', '6ca6e220-687a-4a91-b64e-8ba04c97bc29', '11', '1111', 0, '23', 1, 1, 0, 0, 0, 0, 0 );
insert into FIR.DECLARATION values(1000960, '577890251611', '262326219', '2f0087d9-5f1e-4037-b854-530e3819db87', '11', '1111', 0, '23', 1, 1, 0, 0, 0, 0, 0 );
insert into FIR.DECLARATION values(1000961, '162972330971', '833045124', '88c329ec-1079-42ad-9f2b-30b8de86848a', '11', '1111', 0, '23', 1, 1, 0, 0, 0, 0, 0 );
insert into FIR.DECLARATION values(1000962, '772255310497', '454754840', '5ddd5ccd-f244-41af-9d15-623fcd1008a8', '11', '1111', 0, '23', 1, 1, 0, 0, 0, 0, 0 );
insert into FIR.DECLARATION values(1000963, '691444599673', '639776827', '3dfbf616-1a31-4126-b0db-c53a6bba208b', '11', '1111', 0, '23', 1, 1, 0, 0, 0, 0, 0 );
insert into FIR.DECLARATION values(1000964, '779970510056', '237051289', 'fc5489ca-827e-4e3a-b5ac-e2c056b70226', '11', '1111', 0, '23', 1, 1, 0, 0, 0, 0, 0 );
insert into FIR.DECLARATION values(1000965, '904556688315', '646307872', 'a6f615db-31dd-42e3-8558-569a3f7c4696', '11', '1111', 0, '23', 1, 1, 0, 0, 0, 0, 0 );
insert into FIR.DECLARATION values(1000966, '394077242622', '383263711', '8a1f6cd3-8bce-4a27-84b0-6a586287ba97', '11', '1111', 0, '23', 1, 1, 0, 0, 0, 0, 0 );
insert into FIR.DECLARATION values(1000967, '931808469717', '648214605', '39fa8478-3b34-4e0b-a26e-72ce96abc18b', '11', '1111', 0, '23', 1, 1, 0, 0, 0, 0, 0 );
insert into FIR.DECLARATION values(1000968, '198135953947', '211523185', '6f4a4b93-ab13-46e9-97d8-a06827e45e51', '11', '1111', 0, '23', 1, 1, 0, 0, 0, 0, 0 );
insert into FIR.DECLARATION values(1000969, '501128768721', '542389358', '89ea8b49-2951-4205-b846-08a7575bcdc4', '11', '1111', 0, '23', 1, 1, 0, 0, 0, 0, 0 );
insert into FIR.DECLARATION values(1000970, '532236287209', '365957700', '352d5701-f30b-44da-bdf7-2353c0aee952', '11', '1111', 0, '23', 1, 1, 0, 0, 0, 0, 0 );
insert into FIR.DECLARATION values(1000971, '538151396228', '658119372', '7df00503-f3bf-4c32-b956-a73f51c2857b', '11', '1111', 0, '23', 1, 1, 0, 0, 0, 0, 0 );
insert into FIR.DECLARATION values(1000972, '905514696278', '383385344', 'be74c703-c68b-42b4-a49a-17488eaaf1df', '11', '1111', 0, '23', 1, 1, 0, 0, 0, 0, 0 );
insert into FIR.DECLARATION values(1000973, '587330786810', '736595294', '19c146ff-e9d0-4ce7-bc11-d01c7cbef296', '11', '1111', 0, '23', 1, 1, 0, 0, 0, 0, 0 );
insert into FIR.DECLARATION values(1000974, '635462318781', '739748374', 'd5e8b86c-ca73-47e9-904b-a397f455fd7c', '11', '1111', 0, '23', 1, 1, 0, 0, 0, 0, 0 );
insert into FIR.DECLARATION values(1000975, '831245554905', '778165861', 'daca8248-f68e-40f1-bdbd-a4ee8b758a07', '11', '1111', 0, '23', 1, 1, 0, 0, 0, 0, 0 );
insert into FIR.DECLARATION values(1000976, '468753161202', '426117373', 'abbcf521-9e43-4a47-9e5e-d0c11170825a', '11', '1111', 0, '23', 1, 1, 0, 0, 0, 0, 0 );
insert into FIR.DECLARATION values(1000977, '416977586187', '523179410', 'e169501f-70af-4b39-87af-bf95d32efffa', '11', '1111', 0, '23', 1, 1, 0, 0, 0, 0, 0 );
insert into FIR.DECLARATION values(1000978, '733764540040', '917537506', '7278634f-7110-47f1-b9c0-b3af9f2cc191', '11', '1111', 0, '23', 1, 1, 0, 0, 0, 0, 0 );
insert into FIR.DECLARATION values(1000979, '757729608418', '371931478', '4f6fbb4c-9480-4d37-a1ce-0e1e2653eeb6', '11', '1111', 0, '23', 1, 1, 0, 0, 0, 0, 0 );
insert into FIR.DECLARATION values(1000980, '144160540470', '519494947', '013b8873-99c7-49c3-9116-7fda359954a2', '11', '1111', 0, '23', 1, 1, 0, 0, 0, 0, 0 );
insert into FIR.DECLARATION values(1000981, '390760802555', '973594672', '868c7f7b-d006-499e-8aa0-b0e16dcd3ba0', '11', '1111', 0, '23', 1, 1, 0, 0, 0, 0, 0 );
insert into FIR.DECLARATION values(1000982, '808618713810', '109237101', '22dbda0b-943d-4fe0-973b-012fdcc04af5', '11', '1111', 0, '23', 1, 1, 0, 0, 0, 0, 0 );
insert into FIR.DECLARATION values(1000983, '819788953012', '494884113', '0636a7e1-81ab-4711-8ea0-4a493b7fbb60', '11', '1111', 0, '23', 1, 1, 0, 0, 0, 0, 0 );
insert into FIR.DECLARATION values(1000984, '952828464032', '203828753', 'f0eed36a-bd9f-4b69-9520-8d599db8a704', '11', '1111', 0, '23', 1, 1, 0, 0, 0, 0, 0 );
insert into FIR.DECLARATION values(1000985, '151298228903', '208716961', 'd75ea2c2-7b72-4a43-bafd-d513abe20080', '11', '1111', 0, '23', 1, 1, 0, 0, 0, 0, 0 );
insert into FIR.DECLARATION values(1000986, '695194666061', '676729945', '62399fa5-bad8-4e8e-ac50-e4dcbd79bd4f', '11', '1111', 0, '23', 1, 1, 0, 0, 0, 0, 0 );
insert into FIR.DECLARATION values(1000987, '205974223839', '920499911', '847a8574-ddb9-47ca-9f88-2fce6cda62bf', '11', '1111', 0, '23', 1, 1, 0, 0, 0, 0, 0 );
insert into FIR.DECLARATION values(1000988, '828720723863', '716424489', '9f5a65c3-85b0-4b15-863b-0e285666c1c7', '11', '1111', 0, '23', 1, 1, 0, 0, 0, 0, 0 );
insert into FIR.DECLARATION values(1000989, '462870729249', '977881625', '36d75c10-f4b5-4e0f-8796-b7e20e65daa6', '11', '1111', 0, '23', 1, 1, 0, 0, 0, 0, 0 );
insert into FIR.DECLARATION values(1000990, '131897953717', '612766526', 'e4ece2af-5672-4ad5-932b-378d634f9264', '52', '5252', 1, '22', 1, 1, 44, 21.5923177421057202, 0.985055556513861, 0.0272024613931787, 0.4907344941387663681818181818 );
insert into FIR.DISCREPANCY_RAW values(1000968,  sysdate, 1, '1', 20, 0.839602609090322, 0.777329669695967, '22', '2014', '131897953717', '956521778165', '10243', 1000990, '/231', '1000991', '2' );
insert into FIR.DISCREPANCY_RAW values(1000969,  sysdate, 1, '1', 20, 0.626809614071068, 0.650857954589118, '22', '2014', '131897953717', '300173668300', '10243', 1000990, '/231', '1000992', '2' );
insert into FIR.DISCREPANCY_RAW values(1000970,  sysdate, 1, '1', 20, 0.156100808715495, 0.47549748303159, '22', '2014', '131897953717', '559161718927', '10243', 1000990, '/231', '1000993', '2' );
insert into FIR.DISCREPANCY_RAW values(1000971,  sysdate, 1, '1', 20, 0.534360504026693, 0.214789499163064, '22', '2014', '131897953717', '515177835925', '10243', 1000990, '/231', '1000994', '2' );
insert into FIR.DISCREPANCY_RAW values(1000972,  sysdate, 1, '1', 20, 0.311284299153501, 0.804344850035545, '22', '2014', '131897953717', '222487975591', '10244', 1000990, '/231', '1000995', '2' );
insert into FIR.DISCREPANCY_RAW values(1000973,  sysdate, 1, '1', 20, 0.610658629150436, 0.809991841581646, '22', '2014', '131897953717', '371973124367', '10244', 1000990, '/231', '1000996', '2' );
insert into FIR.DISCREPANCY_RAW values(1000974,  sysdate, 1, '1', 20, 0.778427404248355, 0.137252017919557, '22', '2014', '131897953717', '305651787943', '10244', 1000990, '/231', '1000997', '2' );
insert into FIR.DISCREPANCY_RAW values(1000975,  sysdate, 1, '1', 20, 0.402403036319838, 0.751353954314885, '22', '2014', '131897953717', '471690809093', '10244', 1000990, '/231', '1000998', '2' );
insert into FIR.DISCREPANCY_RAW values(1000976,  sysdate, 1, '1', 20, 0.691836237298248, 0.0272024613931787, '22', '2014', '131897953717', '972037418406', '10245', 1000990, '/231', '1000999', '2' );
insert into FIR.DISCREPANCY_RAW values(1000977,  sysdate, 1, '1', 20, 0.00600822177064057, 0.839404827840349, '22', '2014', '131897953717', '942942133572', '10245', 1000990, '/231', '1001000', '2' );
insert into FIR.DISCREPANCY_RAW values(1000978,  sysdate, 1, '1', 20, 0.931991076530884, 0.721629971043034, '22', '2014', '131897953717', '813397588177', '10245', 1000990, '/231', '1001001', '2' );
insert into FIR.DISCREPANCY_RAW values(1000979,  sysdate, 1, '1', 20, 0.192868919667261, 0.972982935594852, '22', '2014', '131897953717', '765884119355', '10245', 1000990, '/231', '1001002', '2' );
insert into FIR.DISCREPANCY_RAW values(1000980,  sysdate, 1, '1', 20, 0.130491556660501, 0.43727463643871, '22', '2014', '131897953717', '154145210517', '10246', 1000990, '/231', '1001003', '2' );
insert into FIR.DISCREPANCY_RAW values(1000981,  sysdate, 1, '1', 20, 0.953351943266276, 0.420731428275225, '22', '2014', '131897953717', '979153496960', '10246', 1000990, '/231', '1001004', '2' );
insert into FIR.DISCREPANCY_RAW values(1000982,  sysdate, 1, '1', 20, 0.686601679626201, 0.132757067742179, '22', '2014', '131897953717', '376612754576', '10246', 1000990, '/231', '1001005', '2' );
insert into FIR.DISCREPANCY_RAW values(1000983,  sysdate, 1, '1', 20, 0.993163706731593, 0.374289706989326, '22', '2014', '131897953717', '449748650812', '10246', 1000990, '/231', '1001006', '2' );
insert into FIR.DISCREPANCY_RAW values(1000984,  sysdate, 1, '1', 20, 0.280855394099306, 0.313474100694747, '22', '2014', '131897953717', '853496536576', '10247', 1000990, '/231', '1001007', '2' );
insert into FIR.DISCREPANCY_RAW values(1000985,  sysdate, 1, '1', 20, 0.451832894911912, 0.836841729393621, '22', '2014', '131897953717', '446253580256', '10247', 1000990, '/231', '1001008', '2' );
insert into FIR.DISCREPANCY_RAW values(1000986,  sysdate, 1, '1', 20, 0.748841949155946, 0.319358175303488, '22', '2014', '131897953717', '962944628007', '10247', 1000990, '/231', '1001009', '2' );
insert into FIR.DISCREPANCY_RAW values(1000987,  sysdate, 1, '1', 20, 0.63968192536369, 0.483239896354843, '22', '2014', '131897953717', '529855267828', '10247', 1000990, '/231', '1001010', '2' );
insert into FIR.DISCREPANCY_RAW values(1000988,  sysdate, 1, '1', 20, 0.387336114136193, 0.685680827445202, '22', '2014', '131897953717', '728977963800', '10248', 1000990, '/231', '1001011', '2' );
insert into FIR.DISCREPANCY_RAW values(1000989,  sysdate, 1, '1', 20, 0.904161129567847, 0.258877089367657, '22', '2014', '131897953717', '916865949896', '10248', 1000990, '/231', '1001012', '2' );
insert into FIR.DISCREPANCY_RAW values(1000990,  sysdate, 1, '1', 20, 0.395173353327053, 0.123549372480972, '22', '2014', '131897953717', '376097313336', '10248', 1000990, '/231', '1001013', '2' );
insert into FIR.DISCREPANCY_RAW values(1000991,  sysdate, 1, '1', 20, 0.0065212370858161, 0.240203708056455, '22', '2014', '131897953717', '787147765101', '10248', 1000990, '/231', '1001014', '2' );
insert into FIR.DISCREPANCY_RAW values(1000992,  sysdate, 1, '1', 20, 0.113360507466533, 0.316696342693966, '22', '2014', '131897953717', '902207191697', '10249', 1000990, '/231', '1001015', '2' );
insert into FIR.DISCREPANCY_RAW values(1000993,  sysdate, 1, '1', 20, 0.130996282273436, 0.818326122508536, '22', '2014', '131897953717', '368488585531', '10249', 1000990, '/231', '1001016', '2' );
insert into FIR.DISCREPANCY_RAW values(1000994,  sysdate, 1, '1', 20, 0.205919760840908, 0.818684315224497, '22', '2014', '131897953717', '731546836109', '10249', 1000990, '/231', '1001017', '2' );
insert into FIR.DISCREPANCY_RAW values(1000995,  sysdate, 1, '1', 20, 0.771178400503089, 0.429567215232908, '22', '2014', '131897953717', '632359364393', '10249', 1000990, '/231', '1001018', '2' );
insert into FIR.DISCREPANCY_RAW values(1000996,  sysdate, 1, '1', 20, 0.635314985008591, 0.299726785765834, '22', '2014', '131897953717', '439538900474', '10250', 1000990, '/231', '1001019', '2' );
insert into FIR.DISCREPANCY_RAW values(1000997,  sysdate, 1, '1', 20, 0.447134946681156, 0.0483438703456632, '22', '2014', '131897953717', '436143476089', '10250', 1000990, '/231', '1001020', '2' );
insert into FIR.DISCREPANCY_RAW values(1000998,  sysdate, 1, '1', 20, 0.707435969592741, 0.0610535070584405, '22', '2014', '131897953717', '783561481551', '10250', 1000990, '/231', '1001021', '2' );
insert into FIR.DISCREPANCY_RAW values(1000999,  sysdate, 1, '1', 20, 0.393824382868514, 0.844518220445382, '22', '2014', '131897953717', '726265572888', '10250', 1000990, '/231', '1001022', '2' );
insert into FIR.DISCREPANCY_RAW values(1001000,  sysdate, 1, '1', 20, 0.192030198495849, 0.875309386698208, '22', '2014', '131897953717', '865387603243', '10251', 1000990, '/231', '1001023', '2' );
insert into FIR.DISCREPANCY_RAW values(1001001,  sysdate, 1, '1', 20, 0.704676839385497, 0.473922307823748, '22', '2014', '131897953717', '697870288906', '10251', 1000990, '/231', '1001024', '2' );
insert into FIR.DISCREPANCY_RAW values(1001002,  sysdate, 1, '1', 20, 0.544612674296188, 0.611021547397143, '22', '2014', '131897953717', '296390245433', '10251', 1000990, '/231', '1001025', '2' );
insert into FIR.DISCREPANCY_RAW values(1001003,  sysdate, 1, '1', 20, 0.0207634097993204, 0.985055556513861, '22', '2014', '131897953717', '118515607597', '10251', 1000990, '/231', '1001026', '2' );
insert into FIR.DISCREPANCY_RAW values(1001004,  sysdate, 1, '1', 20, 0.600440167170223, 0.648622023709408, '22', '2014', '131897953717', '277833284651', '10252', 1000990, '/231', '1001027', '2' );
insert into FIR.DISCREPANCY_RAW values(1001005,  sysdate, 1, '1', 20, 0.409136657793604, 0.0918572084474644, '22', '2014', '131897953717', '787493598249', '10252', 1000990, '/231', '1001028', '2' );
insert into FIR.DISCREPANCY_RAW values(1001006,  sysdate, 1, '1', 20, 0.117495051174189, 0.453758061143457, '22', '2014', '131897953717', '173246489442', '10252', 1000990, '/231', '1001029', '2' );
insert into FIR.DISCREPANCY_RAW values(1001007,  sysdate, 1, '1', 20, 0.34658859500037, 0.408203926127499, '22', '2014', '131897953717', '874931765027', '10252', 1000990, '/231', '1001030', '2' );
insert into FIR.DISCREPANCY_RAW values(1001008,  sysdate, 1, '1', 20, 0.971376690068923, 0.17890297117592, '22', '2014', '131897953717', '941760521369', '10253', 1000990, '/231', '1001031', '2' );
insert into FIR.DISCREPANCY_RAW values(1001009,  sysdate, 1, '1', 20, 0.260116898575852, 0.746635479268914, '22', '2014', '131897953717', '874885496957', '10253', 1000990, '/231', '1001032', '2' );
insert into FIR.DISCREPANCY_RAW values(1001010,  sysdate, 1, '1', 20, 0.562289624736779, 0.61487500351615, '22', '2014', '131897953717', '979602439895', '10253', 1000990, '/231', '1001033', '2' );
insert into FIR.DISCREPANCY_RAW values(1001011,  sysdate, 1, '1', 20, 0.867214854744829, 0.0583226862635104, '22', '2014', '131897953717', '221407686871', '10253', 1000990, '/231', '1001034', '2' );
insert into FIR.DECLARATION values(1000991, '448404454688', '106538967', '086c950e-a3f3-40b0-9147-94d80062dcab', '11', '1111', 0, '21', 1, 1, 0, 0, 0, 0, 0 );
insert into FIR.DECLARATION values(1000992, '919337135007', '345181641', '366b8f09-c939-4f86-bd41-9733a533215a', '11', '1111', 0, '21', 1, 1, 0, 0, 0, 0, 0 );
insert into FIR.DECLARATION values(1000993, '290792183048', '285014144', '6fdea5ff-5063-4df5-8a94-1d0b28cfef09', '11', '1111', 0, '21', 1, 1, 0, 0, 0, 0, 0 );
insert into FIR.DECLARATION values(1000994, '607850819506', '155602717', '1d0edbf4-66a7-42cb-a2c3-5692aac95512', '11', '1111', 0, '21', 1, 1, 0, 0, 0, 0, 0 );
insert into FIR.DECLARATION values(1000995, '819721596267', '251387134', '0507c582-a713-429a-b406-7c6f4effbcc6', '11', '1111', 0, '21', 1, 1, 0, 0, 0, 0, 0 );
insert into FIR.DECLARATION values(1000996, '180031354769', '564415955', 'b107d89c-c210-4b27-81b4-473be89a3bc2', '11', '1111', 0, '21', 1, 1, 0, 0, 0, 0, 0 );
insert into FIR.DECLARATION values(1000997, '656015363760', '905244136', '684bc781-76dd-41fa-9b8a-7d8010a79dc4', '11', '1111', 0, '21', 1, 1, 0, 0, 0, 0, 0 );
insert into FIR.DECLARATION values(1000998, '275306401291', '619320539', 'c9e56d8c-8d76-4b04-8e34-926a7352ac7d', '11', '1111', 0, '21', 1, 1, 0, 0, 0, 0, 0 );
insert into FIR.DECLARATION values(1000999, '537687106316', '834393731', '5ddab421-44f0-450b-92c3-68017a6b2c07', '11', '1111', 0, '21', 1, 1, 0, 0, 0, 0, 0 );
insert into FIR.DECLARATION values(1001000, '206250707559', '268601572', '8d85ee1b-67a0-4bc7-85f0-71542aac6ee3', '11', '1111', 0, '21', 1, 1, 0, 0, 0, 0, 0 );
insert into FIR.DECLARATION values(1001001, '380695494183', '201163107', '062719ce-9847-4835-b4ee-91bc0cb290ac', '11', '1111', 0, '21', 1, 1, 0, 0, 0, 0, 0 );
insert into FIR.DECLARATION values(1001002, '400091970395', '787744457', '99026ac3-c898-467e-bb05-760f4fb05219', '11', '1111', 0, '21', 1, 1, 0, 0, 0, 0, 0 );
insert into FIR.DECLARATION values(1001003, '674484342288', '217145872', 'e2c34fa0-c9bc-46fb-8d16-491e559ecc29', '11', '1111', 0, '21', 1, 1, 0, 0, 0, 0, 0 );
insert into FIR.DECLARATION values(1001004, '359369976152', '857294935', 'ea851450-fcb1-4d33-b8f1-f88b3136e1f5', '11', '1111', 0, '21', 1, 1, 0, 0, 0, 0, 0 );
insert into FIR.DECLARATION values(1001005, '310004398474', '484151716', '06f39e6b-c939-41a4-9c50-03f204c1c303', '11', '1111', 0, '21', 1, 1, 0, 0, 0, 0, 0 );
insert into FIR.DECLARATION values(1001006, '565229353379', '525843644', 'f83a6beb-4e17-4d55-a08b-c1fcdd71f015', '11', '1111', 0, '21', 1, 1, 0, 0, 0, 0, 0 );
insert into FIR.DECLARATION values(1001007, '313849334025', '222199669', 'c54f427b-6c21-467b-a9fd-fae9e4cd4d05', '11', '1111', 0, '21', 1, 1, 0, 0, 0, 0, 0 );
insert into FIR.DECLARATION values(1001008, '237743169514', '198440776', 'c6540ccd-e843-476b-bf5b-20dcda730983', '11', '1111', 0, '21', 1, 1, 0, 0, 0, 0, 0 );
insert into FIR.DECLARATION values(1001009, '713204164044', '450933390', 'e6b29f87-2cf4-4cef-80ea-09de0c18ef70', '11', '1111', 0, '21', 1, 1, 0, 0, 0, 0, 0 );
insert into FIR.DECLARATION values(1001010, '877895311461', '923536194', '80f736ee-5962-4592-9fa6-94f0c4710c6f', '11', '1111', 0, '21', 1, 1, 0, 0, 0, 0, 0 );
insert into FIR.DECLARATION values(1001011, '801899408495', '209951199', '1d5affe6-e573-47b4-a5d1-fc008cf98333', '11', '1111', 0, '21', 1, 1, 0, 0, 0, 0, 0 );
insert into FIR.DECLARATION values(1001012, '722748826932', '756409534', '2043ec02-9d36-4723-8f5b-8396365d94b4', '11', '1111', 0, '21', 1, 1, 0, 0, 0, 0, 0 );
insert into FIR.DECLARATION values(1001013, '349284100069', '114392223', '1a3111c9-cc76-4258-8e74-ebf1e3fc3b23', '11', '1111', 0, '21', 1, 1, 0, 0, 0, 0, 0 );
insert into FIR.DECLARATION values(1001014, '597352500287', '181784284', '4e377a71-bf67-4d5a-af24-6926ab1bad9c', '11', '1111', 0, '21', 1, 1, 0, 0, 0, 0, 0 );
insert into FIR.DECLARATION values(1001015, '660907973080', '500202429', 'f8bf7bff-84e7-463c-8c2b-68679d13dc2c', '11', '1111', 0, '21', 1, 1, 0, 0, 0, 0, 0 );
insert into FIR.DECLARATION values(1001016, '830489828686', '866383770', '84d51db9-5c3c-441d-bbee-110aca810d86', '11', '1111', 0, '21', 1, 1, 0, 0, 0, 0, 0 );
insert into FIR.DECLARATION values(1001017, '364513891456', '495383788', 'e5448028-e90b-4202-8b8c-ad958770c06b', '11', '1111', 0, '21', 1, 1, 0, 0, 0, 0, 0 );
insert into FIR.DECLARATION values(1001018, '891938823592', '859152904', '2124a861-5ce7-432c-a594-5647e3dce9f6', '11', '1111', 0, '21', 1, 1, 0, 0, 0, 0, 0 );
insert into FIR.DECLARATION values(1001019, '832741709372', '153667662', '048e8170-aa4d-444c-b46f-aff3bb746744', '11', '1111', 0, '21', 1, 1, 0, 0, 0, 0, 0 );
insert into FIR.DECLARATION values(1001020, '980655962355', '668679203', '22eccd69-176e-4047-9b89-13e73b382be0', '11', '1111', 0, '21', 1, 1, 0, 0, 0, 0, 0 );
insert into FIR.DECLARATION values(1001021, '968101128377', '222234237', 'feac82cf-deff-4546-b9df-2c8bde2317a7', '11', '1111', 0, '21', 1, 1, 0, 0, 0, 0, 0 );
insert into FIR.DECLARATION values(1001022, '671409852755', '687857842', '3b1cc106-1b6c-4787-8055-1433fe7f6c6f', '11', '1111', 0, '21', 1, 1, 0, 0, 0, 0, 0 );
insert into FIR.DECLARATION values(1001023, '640739737966', '402038853', '49914969-e9ef-471c-952e-2fb701e6866f', '11', '1111', 0, '21', 1, 1, 0, 0, 0, 0, 0 );
insert into FIR.DECLARATION values(1001024, '279668874830', '956655304', '401796ac-7076-4fac-b3e1-898a5d4678d9', '11', '1111', 0, '21', 1, 1, 0, 0, 0, 0, 0 );
insert into FIR.DECLARATION values(1001025, '615750110082', '147338426', '6b66c38b-0998-4885-b24d-ff1566a52986', '11', '1111', 0, '21', 1, 1, 0, 0, 0, 0, 0 );
insert into FIR.DECLARATION values(1001026, '531854724066', '408140254', '86627052-1131-4359-a892-17334417b8f8', '11', '1111', 0, '21', 1, 1, 0, 0, 0, 0, 0 );
insert into FIR.DECLARATION values(1001027, '597212383554', '950630865', 'b26af519-8537-43d9-a623-80bec083f5e1', '11', '1111', 0, '21', 1, 1, 0, 0, 0, 0, 0 );
insert into FIR.DECLARATION values(1001028, '986167414077', '161877492', 'e5083e2e-1c5f-4ec4-b1e9-45fa712f7c91', '11', '1111', 0, '21', 1, 1, 0, 0, 0, 0, 0 );
insert into FIR.DECLARATION values(1001029, '467166496160', '369712451', 'b15d3b77-c566-4c5d-be51-9ee98c855f15', '11', '1111', 0, '21', 1, 1, 0, 0, 0, 0, 0 );
insert into FIR.DECLARATION values(1001030, '930373842123', '949697481', 'e55b3eb2-7122-48d2-9b46-d1bf8ecb1466', '11', '1111', 0, '21', 1, 1, 0, 0, 0, 0, 0 );
insert into FIR.DECLARATION values(1001031, '679635909992', '294205694', '601987ec-a2a8-4041-b0cd-5e27ba52b61e', '11', '1111', 0, '21', 1, 1, 0, 0, 0, 0, 0 );
insert into FIR.DECLARATION values(1001032, '352134269414', '573552842', '730a9c21-9c6d-42c4-a3c1-1b84b1248ab3', '11', '1111', 0, '21', 1, 1, 0, 0, 0, 0, 0 );
insert into FIR.DECLARATION values(1001033, '129756454978', '983380230', '037a368b-00de-486e-80b1-112f9d42e69c', '11', '1111', 0, '21', 1, 1, 0, 0, 0, 0, 0 );
insert into FIR.DECLARATION values(1001034, '497588561795', '489389888', '11f23d4c-9574-4e32-95b7-2e6a661fe351', '11', '1111', 0, '21', 1, 1, 0, 0, 0, 0, 0 );
insert into FIR.DECLARATION values(1001035, '517184714670', '824892278', '0718c8e7-9351-4ddb-b76a-78690f638587', '52', '5252', 1, '23', 1, 1, 44, 20.90149671952309768, 0.930830636960841, 0.00671132235169007, 0.4750340163527976745454545455 );
insert into FIR.DISCREPANCY_RAW values(1001012,  sysdate, 1, '1', 20, 0.92792491844293, 0.235621418447989, '23', '2014', '517184714670', '993446400156', '10254', 1001035, '/231', '1001036', '2' );
insert into FIR.DISCREPANCY_RAW values(1001013,  sysdate, 1, '1', 20, 0.45318436410892, 0.381837406839168, '23', '2014', '517184714670', '224701648182', '10254', 1001035, '/231', '1001037', '2' );
insert into FIR.DISCREPANCY_RAW values(1001014,  sysdate, 1, '1', 20, 0.386226245847636, 0.243401617856418, '23', '2014', '517184714670', '594802944646', '10254', 1001035, '/231', '1001038', '2' );
insert into FIR.DISCREPANCY_RAW values(1001015,  sysdate, 1, '1', 20, 0.254301150913491, 0.328215001769464, '23', '2014', '517184714670', '816095760760', '10254', 1001035, '/231', '1001039', '2' );
insert into FIR.DISCREPANCY_RAW values(1001016,  sysdate, 1, '1', 20, 0.463149575266591, 0.408296985276182, '23', '2014', '517184714670', '308348515616', '10255', 1001035, '/231', '1001040', '2' );
insert into FIR.DISCREPANCY_RAW values(1001017,  sysdate, 1, '1', 20, 0.0808108854483864, 0.773867638210704, '23', '2014', '517184714670', '111452141796', '10255', 1001035, '/231', '1001041', '2' );
insert into FIR.DISCREPANCY_RAW values(1001018,  sysdate, 1, '1', 20, 0.47067502768276, 0.863338499732008, '23', '2014', '517184714670', '697175877773', '10255', 1001035, '/231', '1001042', '2' );
insert into FIR.DISCREPANCY_RAW values(1001019,  sysdate, 1, '1', 20, 0.369452962823889, 0.307586693348171, '23', '2014', '517184714670', '887786970987', '10255', 1001035, '/231', '1001043', '2' );
insert into FIR.DISCREPANCY_RAW values(1001020,  sysdate, 1, '1', 20, 0.11809996893541, 0.473721844830421, '23', '2014', '517184714670', '206193603601', '10256', 1001035, '/231', '1001044', '2' );
insert into FIR.DISCREPANCY_RAW values(1001021,  sysdate, 1, '1', 20, 0.619996090708299, 0.068192196110353, '23', '2014', '517184714670', '278791705983', '10256', 1001035, '/231', '1001045', '2' );
insert into FIR.DISCREPANCY_RAW values(1001022,  sysdate, 1, '1', 20, 0.153518620018623, 0.758736540451058, '23', '2014', '517184714670', '396729677565', '10256', 1001035, '/231', '1001046', '2' );
insert into FIR.DISCREPANCY_RAW values(1001023,  sysdate, 1, '1', 20, 0.8578025898234, 0.799702007230232, '23', '2014', '517184714670', '476136915411', '10256', 1001035, '/231', '1001047', '2' );
insert into FIR.DISCREPANCY_RAW values(1001024,  sysdate, 1, '1', 20, 0.81762945364119, 0.00888390187587771, '23', '2014', '517184714670', '210203902521', '10257', 1001035, '/231', '1001048', '2' );
insert into FIR.DISCREPANCY_RAW values(1001025,  sysdate, 1, '1', 20, 0.018106313896415, 0.670955599132439, '23', '2014', '517184714670', '487221356216', '10257', 1001035, '/231', '1001049', '2' );
insert into FIR.DISCREPANCY_RAW values(1001026,  sysdate, 1, '1', 20, 0.059451825013129, 0.0357450181784784, '23', '2014', '517184714670', '781697197073', '10257', 1001035, '/231', '1001050', '2' );
insert into FIR.DISCREPANCY_RAW values(1001027,  sysdate, 1, '1', 20, 0.86521527677086, 0.259463838888083, '23', '2014', '517184714670', '717252307852', '10257', 1001035, '/231', '1001051', '2' );
insert into FIR.DISCREPANCY_RAW values(1001028,  sysdate, 1, '1', 20, 0.750352418865241, 0.784074595097487, '23', '2014', '517184714670', '306037918817', '10258', 1001035, '/231', '1001052', '2' );
insert into FIR.DISCREPANCY_RAW values(1001029,  sysdate, 1, '1', 20, 0.222062516129605, 0.414590479999124, '23', '2014', '517184714670', '884647235821', '10258', 1001035, '/231', '1001053', '2' );
insert into FIR.DISCREPANCY_RAW values(1001030,  sysdate, 1, '1', 20, 0.329289988302295, 0.511926541343297, '23', '2014', '517184714670', '939825497461', '10258', 1001035, '/231', '1001054', '2' );
insert into FIR.DISCREPANCY_RAW values(1001031,  sysdate, 1, '1', 20, 0.543759526006766, 0.470345014459614, '23', '2014', '517184714670', '901120163405', '10258', 1001035, '/231', '1001055', '2' );
insert into FIR.DISCREPANCY_RAW values(1001032,  sysdate, 1, '1', 20, 0.383267194676803, 0.0912180925212885, '23', '2014', '517184714670', '696577679682', '10259', 1001035, '/231', '1001056', '2' );
insert into FIR.DISCREPANCY_RAW values(1001033,  sysdate, 1, '1', 20, 0.0827866327403051, 0.229998161192051, '23', '2014', '517184714670', '250507655620', '10259', 1001035, '/231', '1001057', '2' );
insert into FIR.DISCREPANCY_RAW values(1001034,  sysdate, 1, '1', 20, 0.903239596124384, 0.589971780120382, '23', '2014', '517184714670', '153104369544', '10259', 1001035, '/231', '1001058', '2' );
insert into FIR.DISCREPANCY_RAW values(1001035,  sysdate, 1, '1', 20, 0.707431674333025, 0.481759545617625, '23', '2014', '517184714670', '125162783564', '10259', 1001035, '/231', '1001059', '2' );
insert into FIR.DISCREPANCY_RAW values(1001036,  sysdate, 1, '1', 20, 0.74971359025208, 0.895703224882345, '23', '2014', '517184714670', '284556264051', '10260', 1001035, '/231', '1001060', '2' );
insert into FIR.DISCREPANCY_RAW values(1001037,  sysdate, 1, '1', 20, 0.758454300816382, 0.842010812294674, '23', '2014', '517184714670', '333178693469', '10260', 1001035, '/231', '1001061', '2' );
insert into FIR.DISCREPANCY_RAW values(1001038,  sysdate, 1, '1', 20, 0.557243723681776, 0.457067668650796, '23', '2014', '517184714670', '158156552791', '10260', 1001035, '/231', '1001062', '2' );
insert into FIR.DISCREPANCY_RAW values(1001039,  sysdate, 1, '1', 20, 0.208539865542455, 0.168588973660296, '23', '2014', '517184714670', '158939207624', '10260', 1001035, '/231', '1001063', '2' );
insert into FIR.DISCREPANCY_RAW values(1001040,  sysdate, 1, '1', 20, 0.0750829419470778, 0.270553226708692, '23', '2014', '517184714670', '488653307246', '10261', 1001035, '/231', '1001064', '2' );
insert into FIR.DISCREPANCY_RAW values(1001041,  sysdate, 1, '1', 20, 0.318806672617237, 0.327180370840794, '23', '2014', '517184714670', '463848655191', '10261', 1001035, '/231', '1001065', '2' );
insert into FIR.DISCREPANCY_RAW values(1001042,  sysdate, 1, '1', 20, 0.288425318565418, 0.253560706625488, '23', '2014', '517184714670', '221362999877', '10261', 1001035, '/231', '1001066', '2' );
insert into FIR.DISCREPANCY_RAW values(1001043,  sysdate, 1, '1', 20, 0.337211023241845, 0.241843972467745, '23', '2014', '517184714670', '137460359996', '10261', 1001035, '/231', '1001067', '2' );
insert into FIR.DISCREPANCY_RAW values(1001044,  sysdate, 1, '1', 20, 0.579820537744006, 0.394337183048174, '23', '2014', '517184714670', '915623159605', '10262', 1001035, '/231', '1001068', '2' );
insert into FIR.DISCREPANCY_RAW values(1001045,  sysdate, 1, '1', 20, 0.49237832822482, 0.00671132235169007, '23', '2014', '517184714670', '666009258467', '10262', 1001035, '/231', '1001069', '2' );
insert into FIR.DISCREPANCY_RAW values(1001046,  sysdate, 1, '1', 20, 0.214897806390607, 0.922938066964474, '23', '2014', '517184714670', '284151193842', '10262', 1001035, '/231', '1001070', '2' );
insert into FIR.DISCREPANCY_RAW values(1001047,  sysdate, 1, '1', 20, 0.623574218071799, 0.515931082198364, '23', '2014', '517184714670', '850451126411', '10262', 1001035, '/231', '1001071', '2' );
insert into FIR.DISCREPANCY_RAW values(1001048,  sysdate, 1, '1', 20, 0.49074813979247, 0.779023728696175, '23', '2014', '517184714670', '362047508574', '10263', 1001035, '/231', '1001072', '2' );
insert into FIR.DISCREPANCY_RAW values(1001049,  sysdate, 1, '1', 20, 0.361363553610334, 0.554342052226114, '23', '2014', '517184714670', '329745739343', '10263', 1001035, '/231', '1001073', '2' );
insert into FIR.DISCREPANCY_RAW values(1001050,  sysdate, 1, '1', 20, 0.929908147049094, 0.875713582558424, '23', '2014', '517184714670', '715074575117', '10263', 1001035, '/231', '1001074', '2' );
insert into FIR.DISCREPANCY_RAW values(1001051,  sysdate, 1, '1', 20, 0.155174513885367, 0.930830636960841, '23', '2014', '517184714670', '228249593705', '10263', 1001035, '/231', '1001075', '2' );
insert into FIR.DISCREPANCY_RAW values(1001052,  sysdate, 1, '1', 20, 0.780740387169989, 0.872850549813756, '23', '2014', '517184714670', '246246891612', '10264', 1001035, '/231', '1001076', '2' );
insert into FIR.DISCREPANCY_RAW values(1001053,  sysdate, 1, '1', 20, 0.79897163193625, 0.17235297624597, '23', '2014', '517184714670', '720886502818', '10264', 1001035, '/231', '1001077', '2' );
insert into FIR.DISCREPANCY_RAW values(1001054,  sysdate, 1, '1', 20, 0.318894156403325, 0.706510688972897, '23', '2014', '517184714670', '540158408700', '10264', 1001035, '/231', '1001078', '2' );
insert into FIR.DISCREPANCY_RAW values(1001055,  sysdate, 1, '1', 20, 0.848227448690789, 0.521995474827474, '23', '2014', '517184714670', '903293886494', '10264', 1001035, '/231', '1001079', '2' );
insert into FIR.DECLARATION values(1001036, '302415813973', '327991384', 'aecbe554-691e-4233-a7fb-b6223b6f1496', '11', '1111', 0, '23', 1, 1, 0, 0, 0, 0, 0 );
insert into FIR.DECLARATION values(1001037, '480004353545', '210882801', '5d04618b-1c67-448f-b20a-885c4424d247', '11', '1111', 0, '23', 1, 1, 0, 0, 0, 0, 0 );
insert into FIR.DECLARATION values(1001038, '930932282532', '448509248', '79e9fd79-8ab9-4eb2-a3c4-ee23f4677c72', '11', '1111', 0, '23', 1, 1, 0, 0, 0, 0, 0 );
insert into FIR.DECLARATION values(1001039, '580486699120', '598190711', '669db7ec-4db3-4d52-96c8-37187d17e36f', '11', '1111', 0, '23', 1, 1, 0, 0, 0, 0, 0 );
insert into FIR.DECLARATION values(1001040, '499313537272', '279578606', '1449dcab-327c-4202-97dd-d75cab27d184', '11', '1111', 0, '23', 1, 1, 0, 0, 0, 0, 0 );
insert into FIR.DECLARATION values(1001041, '575691247416', '870854567', '156a0d25-fed5-4140-a3ec-e668e3456e64', '11', '1111', 0, '23', 1, 1, 0, 0, 0, 0, 0 );
insert into FIR.DECLARATION values(1001042, '888486866228', '972267344', '3ac359f4-dfc4-4895-bad0-0891311076e8', '11', '1111', 0, '23', 1, 1, 0, 0, 0, 0, 0 );
insert into FIR.DECLARATION values(1001043, '987939758635', '820682940', '7a135829-be15-4e1a-8282-69ab586421ef', '11', '1111', 0, '23', 1, 1, 0, 0, 0, 0, 0 );
insert into FIR.DECLARATION values(1001044, '657634381410', '759980310', '748df298-560d-45d1-88c0-8c82b9d4b603', '11', '1111', 0, '23', 1, 1, 0, 0, 0, 0, 0 );
insert into FIR.DECLARATION values(1001045, '610570788962', '493827968', '86f105a2-2d07-4ed4-ac98-5d701b73c866', '11', '1111', 0, '23', 1, 1, 0, 0, 0, 0, 0 );
insert into FIR.DECLARATION values(1001046, '737787258114', '629481321', 'd71d2484-09ec-4dae-9757-fd602c612b57', '11', '1111', 0, '23', 1, 1, 0, 0, 0, 0, 0 );
insert into FIR.DECLARATION values(1001047, '766727215824', '240558718', '0109be37-3b6d-4862-b901-0604b257cdb1', '11', '1111', 0, '23', 1, 1, 0, 0, 0, 0, 0 );
insert into FIR.DECLARATION values(1001048, '474415310324', '886829810', '881565bb-490f-4c78-b174-5271f7fbfb9e', '11', '1111', 0, '23', 1, 1, 0, 0, 0, 0, 0 );
insert into FIR.DECLARATION values(1001049, '112635555314', '522524965', '9bb6d194-97be-45ae-ab64-fdbbb1729c00', '11', '1111', 0, '23', 1, 1, 0, 0, 0, 0, 0 );
insert into FIR.DECLARATION values(1001050, '997698646171', '521889945', 'af9e52fe-54dc-4107-8eb7-0d9c2b60d919', '11', '1111', 0, '23', 1, 1, 0, 0, 0, 0, 0 );
insert into FIR.DECLARATION values(1001051, '387385860115', '855002330', '4e5715d5-7185-4a40-ad46-c14460f100ce', '11', '1111', 0, '23', 1, 1, 0, 0, 0, 0, 0 );
insert into FIR.DECLARATION values(1001052, '568944413225', '546173306', '8a1102fd-1803-4bf6-b654-f3108cdb6cfe', '11', '1111', 0, '23', 1, 1, 0, 0, 0, 0, 0 );
insert into FIR.DECLARATION values(1001053, '297016705346', '716260983', 'b4e9e253-592d-4f95-bfe9-adb6ece5b7de', '11', '1111', 0, '23', 1, 1, 0, 0, 0, 0, 0 );
insert into FIR.DECLARATION values(1001054, '408093846271', '732834828', '49e0fd74-be0f-4711-bf79-13c981e9dc7d', '11', '1111', 0, '23', 1, 1, 0, 0, 0, 0, 0 );
insert into FIR.DECLARATION values(1001055, '675629297154', '238947271', '29589f04-d1fe-4ba3-92cf-0ad7294bc554', '11', '1111', 0, '23', 1, 1, 0, 0, 0, 0, 0 );
insert into FIR.DECLARATION values(1001056, '435951733921', '866055375', 'ea987a3d-25ca-4631-88c2-b6720ee51ad0', '11', '1111', 0, '23', 1, 1, 0, 0, 0, 0, 0 );
insert into FIR.DECLARATION values(1001057, '902429673037', '120345857', 'b370534a-335c-4ddc-997d-bc0d1c4c5f8a', '11', '1111', 0, '23', 1, 1, 0, 0, 0, 0, 0 );
insert into FIR.DECLARATION values(1001058, '933739951842', '270898602', '0be7f120-b23e-4de4-b849-bb1a23a986d5', '11', '1111', 0, '23', 1, 1, 0, 0, 0, 0, 0 );
insert into FIR.DECLARATION values(1001059, '568943131157', '596307327', '0be0a875-1568-4fcc-99d2-855093efe81f', '11', '1111', 0, '23', 1, 1, 0, 0, 0, 0, 0 );
insert into FIR.DECLARATION values(1001060, '558559203970', '952436585', '10d5bcd2-672a-4fb6-b9a5-b106d9b1cfbb', '11', '1111', 0, '23', 1, 1, 0, 0, 0, 0, 0 );
insert into FIR.DECLARATION values(1001061, '536680313954', '251895856', '231a2538-0ec1-4831-84bd-a3f034157817', '11', '1111', 0, '23', 1, 1, 0, 0, 0, 0, 0 );
insert into FIR.DECLARATION values(1001062, '110831966332', '872417909', 'aaee29c7-4b7e-48d1-9a3c-9a9baf6820de', '11', '1111', 0, '23', 1, 1, 0, 0, 0, 0, 0 );
insert into FIR.DECLARATION values(1001063, '547100677544', '877933242', '8105dcea-db06-4fd3-983c-50c5e47f2205', '11', '1111', 0, '23', 1, 1, 0, 0, 0, 0, 0 );
insert into FIR.DECLARATION values(1001064, '396948105047', '903263156', 'e05b36b0-d03f-467c-9f88-00a7dbb621ee', '11', '1111', 0, '23', 1, 1, 0, 0, 0, 0, 0 );
insert into FIR.DECLARATION values(1001065, '104936214284', '864583314', '2a6b5be3-a4a5-4dae-8c65-54a41d448590', '11', '1111', 0, '23', 1, 1, 0, 0, 0, 0, 0 );
insert into FIR.DECLARATION values(1001066, '328735972280', '934777479', '4d14244a-f9a9-43cf-bd4a-4efbb6040f55', '11', '1111', 0, '23', 1, 1, 0, 0, 0, 0, 0 );
insert into FIR.DECLARATION values(1001067, '451708773750', '977603142', '824a139c-f71a-4391-bdab-8227a35317ce', '11', '1111', 0, '23', 1, 1, 0, 0, 0, 0, 0 );
insert into FIR.DECLARATION values(1001068, '525181356775', '950695708', 'e1f37ed7-aa0f-4728-b6dc-dd2314fdc3c5', '11', '1111', 0, '23', 1, 1, 0, 0, 0, 0, 0 );
insert into FIR.DECLARATION values(1001069, '426509581304', '109756360', '33cd3b19-4c59-4304-8ee1-9520f57cf975', '11', '1111', 0, '23', 1, 1, 0, 0, 0, 0, 0 );
insert into FIR.DECLARATION values(1001070, '339164737729', '677166587', 'bc3c6ed2-8cf3-4a52-b6f1-5f33ac236468', '11', '1111', 0, '23', 1, 1, 0, 0, 0, 0, 0 );
insert into FIR.DECLARATION values(1001071, '785842143925', '387427501', '0333607f-10d8-4394-973c-281922740a2d', '11', '1111', 0, '23', 1, 1, 0, 0, 0, 0, 0 );
insert into FIR.DECLARATION values(1001072, '906876453396', '978179126', 'd7682e73-e95b-4e5a-ac25-59be14d3ac8c', '11', '1111', 0, '23', 1, 1, 0, 0, 0, 0, 0 );
insert into FIR.DECLARATION values(1001073, '497988390860', '702279701', '5ebbc23e-eaa6-4d8a-b5c2-3e55c3a0f8fb', '11', '1111', 0, '23', 1, 1, 0, 0, 0, 0, 0 );
insert into FIR.DECLARATION values(1001074, '176132370331', '605350870', '162a527e-46ff-4338-bbce-15dd7c54d2b1', '11', '1111', 0, '23', 1, 1, 0, 0, 0, 0, 0 );
insert into FIR.DECLARATION values(1001075, '183723902253', '945070842', 'd6703e71-c585-4079-bb0c-aed08a708630', '11', '1111', 0, '23', 1, 1, 0, 0, 0, 0, 0 );
insert into FIR.DECLARATION values(1001076, '932139887741', '243764546', '273455ad-6b7f-4cb5-8f16-fcd5fe2d0c0a', '11', '1111', 0, '23', 1, 1, 0, 0, 0, 0, 0 );
insert into FIR.DECLARATION values(1001077, '124960788399', '453354544', '68449fd7-e602-40a4-9e60-dbd78fa032ac', '11', '1111', 0, '23', 1, 1, 0, 0, 0, 0, 0 );
insert into FIR.DECLARATION values(1001078, '691381887028', '842511919', '15f9f901-ed34-4b5a-bbfd-91ce79a67b51', '11', '1111', 0, '23', 1, 1, 0, 0, 0, 0, 0 );
insert into FIR.DECLARATION values(1001079, '919997364648', '147198938', '65aa71ea-ede9-4f04-99ee-d72ec6b12474', '11', '1111', 0, '23', 1, 1, 0, 0, 0, 0, 0 );
insert into FIR.DECLARATION values(1001080, '320554800787', '368478230', 'b2a6913b-fb67-409d-828f-c61df180228b', '52', '5252', 1, '21', 1, 1, 44, 21.155194341742990, 0.985582324203841, 0.020906964792361, 0.4807998714032497727272727273 );
insert into FIR.DISCREPANCY_RAW values(1001056,  sysdate, 1, '1', 20, 0.663199947058782, 0.020906964792361, '21', '2014', '320554800787', '804377679264', '10265', 1001080, '/231', '1001081', '2' );
insert into FIR.DISCREPANCY_RAW values(1001057,  sysdate, 1, '1', 20, 0.450627865013959, 0.833989725370886, '21', '2014', '320554800787', '938886440832', '10265', 1001080, '/231', '1001082', '2' );
insert into FIR.DISCREPANCY_RAW values(1001058,  sysdate, 1, '1', 20, 0.784983704697799, 0.165297529271477, '21', '2014', '320554800787', '404893144279', '10265', 1001080, '/231', '1001083', '2' );
insert into FIR.DISCREPANCY_RAW values(1001059,  sysdate, 1, '1', 20, 0.868424192475352, 0.285609478263934, '21', '2014', '320554800787', '916066888265', '10265', 1001080, '/231', '1001084', '2' );
insert into FIR.DISCREPANCY_RAW values(1001060,  sysdate, 1, '1', 20, 0.848029171511544, 0.789234321000629, '21', '2014', '320554800787', '513580853204', '10266', 1001080, '/231', '1001085', '2' );
insert into FIR.DISCREPANCY_RAW values(1001061,  sysdate, 1, '1', 20, 0.213109252607966, 0.345134588584832, '21', '2014', '320554800787', '871334483864', '10266', 1001080, '/231', '1001086', '2' );
insert into FIR.DISCREPANCY_RAW values(1001062,  sysdate, 1, '1', 20, 0.185059346344815, 0.340511128464952, '21', '2014', '320554800787', '545304704974', '10266', 1001080, '/231', '1001087', '2' );
insert into FIR.DISCREPANCY_RAW values(1001063,  sysdate, 1, '1', 20, 0.231824025154032, 0.929959825673122, '21', '2014', '320554800787', '773267333201', '10266', 1001080, '/231', '1001088', '2' );
insert into FIR.DISCREPANCY_RAW values(1001064,  sysdate, 1, '1', 20, 0.858351471302263, 0.112051894474799, '21', '2014', '320554800787', '802299818348', '10267', 1001080, '/231', '1001089', '2' );
insert into FIR.DISCREPANCY_RAW values(1001065,  sysdate, 1, '1', 20, 0.37909075262914, 0.318453775401438, '21', '2014', '320554800787', '843793724277', '10267', 1001080, '/231', '1001090', '2' );
insert into FIR.DISCREPANCY_RAW values(1001066,  sysdate, 1, '1', 20, 0.252859757399587, 0.67055271178044, '21', '2014', '320554800787', '963288370028', '10267', 1001080, '/231', '1001091', '2' );
insert into FIR.DISCREPANCY_RAW values(1001067,  sysdate, 1, '1', 20, 0.568548158075916, 0.379820809876463, '21', '2014', '320554800787', '136829565065', '10267', 1001080, '/231', '1001092', '2' );
insert into FIR.DISCREPANCY_RAW values(1001068,  sysdate, 1, '1', 20, 0.470201728618798, 0.316022840475674, '21', '2014', '320554800787', '245010444209', '10268', 1001080, '/231', '1001093', '2' );
insert into FIR.DISCREPANCY_RAW values(1001069,  sysdate, 1, '1', 20, 0.98384933033206, 0.523548338340385, '21', '2014', '320554800787', '246579470260', '10268', 1001080, '/231', '1001094', '2' );
insert into FIR.DISCREPANCY_RAW values(1001070,  sysdate, 1, '1', 20, 0.258295929645326, 0.101180883637248, '21', '2014', '320554800787', '883916451902', '10268', 1001080, '/231', '1001095', '2' );
insert into FIR.DISCREPANCY_RAW values(1001071,  sysdate, 1, '1', 20, 0.927535438876383, 0.545401392292884, '21', '2014', '320554800787', '662458115002', '10268', 1001080, '/231', '1001096', '2' );
insert into FIR.DISCREPANCY_RAW values(1001072,  sysdate, 1, '1', 20, 0.402562171873898, 0.985582324203841, '21', '2014', '320554800787', '955812635026', '10269', 1001080, '/231', '1001097', '2' );
insert into FIR.DISCREPANCY_RAW values(1001073,  sysdate, 1, '1', 20, 0.798345415759061, 0.520340700410465, '21', '2014', '320554800787', '805873878558', '10269', 1001080, '/231', '1001098', '2' );
insert into FIR.DISCREPANCY_RAW values(1001074,  sysdate, 1, '1', 20, 0.711977266106744, 0.197001978846733, '21', '2014', '320554800787', '260514163657', '10269', 1001080, '/231', '1001099', '2' );
insert into FIR.DISCREPANCY_RAW values(1001075,  sysdate, 1, '1', 20, 0.70743691348817, 0.529574250583339, '21', '2014', '320554800787', '289165672321', '10269', 1001080, '/231', '1001100', '2' );
insert into FIR.DISCREPANCY_RAW values(1001076,  sysdate, 1, '1', 20, 0.350317704654447, 0.684955278264804, '21', '2014', '320554800787', '726864777093', '10270', 1001080, '/231', '1001101', '2' );
insert into FIR.DISCREPANCY_RAW values(1001077,  sysdate, 1, '1', 20, 0.162505348754351, 0.547700855670358, '21', '2014', '320554800787', '502976693490', '10270', 1001080, '/231', '1001102', '2' );
insert into FIR.DISCREPANCY_RAW values(1001078,  sysdate, 1, '1', 20, 0.54494735530808, 0.331299620369123, '21', '2014', '320554800787', '260695321074', '10270', 1001080, '/231', '1001103', '2' );
insert into FIR.DISCREPANCY_RAW values(1001079,  sysdate, 1, '1', 20, 0.000735339243307402, 0.758094920198477, '21', '2014', '320554800787', '391907832001', '10270', 1001080, '/231', '1001104', '2' );
insert into FIR.DISCREPANCY_RAW values(1001080,  sysdate, 1, '1', 20, 0.126193013100975, 0.356522503940632, '21', '2014', '320554800787', '724716640890', '10271', 1001080, '/231', '1001105', '2' );
insert into FIR.DISCREPANCY_RAW values(1001081,  sysdate, 1, '1', 20, 0.272987694140984, 0.62926560855902, '21', '2014', '320554800787', '132090368034', '10271', 1001080, '/231', '1001106', '2' );
insert into FIR.DISCREPANCY_RAW values(1001082,  sysdate, 1, '1', 20, 0.232814509995661, 0.560600961819571, '21', '2014', '320554800787', '633635225157', '10271', 1001080, '/231', '1001107', '2' );
insert into FIR.DISCREPANCY_RAW values(1001083,  sysdate, 1, '1', 20, 0.53202934774199, 0.521844414305801, '21', '2014', '320554800787', '293870310302', '10271', 1001080, '/231', '1001108', '2' );
insert into FIR.DISCREPANCY_RAW values(1001084,  sysdate, 1, '1', 20, 0.107993973469359, 0.510314265038033, '21', '2014', '320554800787', '349320412798', '10272', 1001080, '/231', '1001109', '2' );
insert into FIR.DISCREPANCY_RAW values(1001085,  sysdate, 1, '1', 20, 0.0852372013429353, 0.733559244188275, '21', '2014', '320554800787', '570396833087', '10272', 1001080, '/231', '1001110', '2' );
insert into FIR.DISCREPANCY_RAW values(1001086,  sysdate, 1, '1', 20, 0.252861706657736, 0.210113677759708, '21', '2014', '320554800787', '297766916969', '10272', 1001080, '/231', '1001111', '2' );
insert into FIR.DISCREPANCY_RAW values(1001087,  sysdate, 1, '1', 20, 0.470369816045449, 0.469812262556428, '21', '2014', '320554800787', '743147539895', '10272', 1001080, '/231', '1001112', '2' );
insert into FIR.DISCREPANCY_RAW values(1001088,  sysdate, 1, '1', 20, 0.941508741556438, 0.298342235059637, '21', '2014', '320554800787', '449271217152', '10273', 1001080, '/231', '1001113', '2' );
insert into FIR.DISCREPANCY_RAW values(1001089,  sysdate, 1, '1', 20, 0.0293328636462488, 0.787895879609462, '21', '2014', '320554800787', '523345298163', '10273', 1001080, '/231', '1001114', '2' );
insert into FIR.DISCREPANCY_RAW values(1001090,  sysdate, 1, '1', 20, 0.0910039437427204, 0.807789568699798, '21', '2014', '320554800787', '321354318038', '10273', 1001080, '/231', '1001115', '2' );
insert into FIR.DISCREPANCY_RAW values(1001091,  sysdate, 1, '1', 20, 0.725417787546952, 0.72926845528617, '21', '2014', '320554800787', '866764762079', '10273', 1001080, '/231', '1001116', '2' );
insert into FIR.DISCREPANCY_RAW values(1001092,  sysdate, 1, '1', 20, 0.906897628170856, 0.334489273994458, '21', '2014', '320554800787', '854310162465', '10274', 1001080, '/231', '1001117', '2' );
insert into FIR.DISCREPANCY_RAW values(1001093,  sysdate, 1, '1', 20, 0.818556308196185, 0.719971330706017, '21', '2014', '320554800787', '930205473001', '10274', 1001080, '/231', '1001118', '2' );
insert into FIR.DISCREPANCY_RAW values(1001094,  sysdate, 1, '1', 20, 0.826525134884997, 0.700149200717057, '21', '2014', '320554800787', '751585592641', '10274', 1001080, '/231', '1001119', '2' );
insert into FIR.DISCREPANCY_RAW values(1001095,  sysdate, 1, '1', 20, 0.0348406927822347, 0.408707349751474, '21', '2014', '320554800787', '979303659479', '10274', 1001080, '/231', '1001120', '2' );
insert into FIR.DISCREPANCY_RAW values(1001096,  sysdate, 1, '1', 20, 0.96140542019224, 0.180227093016834, '21', '2014', '320554800787', '646200973689', '10275', 1001080, '/231', '1001121', '2' );
insert into FIR.DISCREPANCY_RAW values(1001097,  sysdate, 1, '1', 20, 0.636924215423374, 0.13145306433153, '21', '2014', '320554800787', '537352766363', '10275', 1001080, '/231', '1001122', '2' );
insert into FIR.DISCREPANCY_RAW values(1001098,  sysdate, 1, '1', 20, 0.678626477103041, 0.165538961610542, '21', '2014', '320554800787', '365493739762', '10275', 1001080, '/231', '1001123', '2' );
insert into FIR.DISCREPANCY_RAW values(1001099,  sysdate, 1, '1', 20, 0.648702370304941, 0.667102854543879, '21', '2014', '320554800787', '153567320396', '10275', 1001080, '/231', '1001124', '2' );
insert into FIR.DECLARATION values(1001081, '777524318653', '712376956', 'f0f353e0-31cd-45a7-97fb-f16ebc302b33', '11', '1111', 0, '22', 1, 1, 0, 0, 0, 0, 0 );
insert into FIR.DECLARATION values(1001082, '335618370531', '470702604', '3d526165-469f-4ade-a32c-e77de5eb74a2', '11', '1111', 0, '22', 1, 1, 0, 0, 0, 0, 0 );
insert into FIR.DECLARATION values(1001083, '726252911299', '996507813', 'c9e272cf-0ffd-41a8-b453-57493153235a', '11', '1111', 0, '22', 1, 1, 0, 0, 0, 0, 0 );
insert into FIR.DECLARATION values(1001084, '273171807841', '261592702', '2af1d12e-de3d-4701-a27f-c4dffc6e028f', '11', '1111', 0, '22', 1, 1, 0, 0, 0, 0, 0 );
insert into FIR.DECLARATION values(1001085, '702340724891', '345454811', 'ed237279-5a42-45ce-992b-f54cc5c3927f', '11', '1111', 0, '22', 1, 1, 0, 0, 0, 0, 0 );
insert into FIR.DECLARATION values(1001086, '435678740904', '487420705', '3e098e1b-2854-49d3-baea-23365da57b41', '11', '1111', 0, '22', 1, 1, 0, 0, 0, 0, 0 );
insert into FIR.DECLARATION values(1001087, '263795199320', '826817245', '80611ed5-f48f-411e-bebb-e3e454c4bbcb', '11', '1111', 0, '22', 1, 1, 0, 0, 0, 0, 0 );
insert into FIR.DECLARATION values(1001088, '749225209496', '744604397', '866511b8-1946-4851-a40d-b1b692607874', '11', '1111', 0, '22', 1, 1, 0, 0, 0, 0, 0 );
insert into FIR.DECLARATION values(1001089, '918490944454', '307639737', '800f4d54-8541-4b45-8217-28994139771e', '11', '1111', 0, '22', 1, 1, 0, 0, 0, 0, 0 );
insert into FIR.DECLARATION values(1001090, '151242591820', '129713863', 'fa4783b0-3f50-4554-abfa-95134dec5496', '11', '1111', 0, '22', 1, 1, 0, 0, 0, 0, 0 );
insert into FIR.DECLARATION values(1001091, '127824792091', '267101113', '06213edd-4d7e-4921-b889-f5d56704ca68', '11', '1111', 0, '22', 1, 1, 0, 0, 0, 0, 0 );
insert into FIR.DECLARATION values(1001092, '812823459973', '483526770', 'f2c6a0a6-dd32-4005-8419-0e59b3046519', '11', '1111', 0, '22', 1, 1, 0, 0, 0, 0, 0 );
insert into FIR.DECLARATION values(1001093, '929853210176', '156395431', 'fba27c24-7a7f-4ac5-9ad3-08f6855c422b', '11', '1111', 0, '22', 1, 1, 0, 0, 0, 0, 0 );
insert into FIR.DECLARATION values(1001094, '368500654102', '520607553', 'd41d8740-cfb6-4170-b423-2249d358f767', '11', '1111', 0, '22', 1, 1, 0, 0, 0, 0, 0 );
insert into FIR.DECLARATION values(1001095, '134335977439', '778330934', '2b69ff5f-7208-462b-bdd0-99691582946e', '11', '1111', 0, '22', 1, 1, 0, 0, 0, 0, 0 );
insert into FIR.DECLARATION values(1001096, '473274245601', '780086413', '14d84f2f-aeaf-47e4-8472-eb64bd28b6cf', '11', '1111', 0, '22', 1, 1, 0, 0, 0, 0, 0 );
insert into FIR.DECLARATION values(1001097, '645735252907', '828615417', 'ae997b83-4555-4134-8f62-e07494aac200', '11', '1111', 0, '22', 1, 1, 0, 0, 0, 0, 0 );
insert into FIR.DECLARATION values(1001098, '912673872865', '514622291', '56c32288-869e-405e-9a70-bf5e15a23431', '11', '1111', 0, '22', 1, 1, 0, 0, 0, 0, 0 );
insert into FIR.DECLARATION values(1001099, '320277646675', '224345623', '5d83b1e5-8ca1-4b30-9fdd-43677f6bdd11', '11', '1111', 0, '22', 1, 1, 0, 0, 0, 0, 0 );
insert into FIR.DECLARATION values(1001100, '628776954458', '258567896', '18f0e9a7-a91e-4fb8-a61f-7569da8add1b', '11', '1111', 0, '22', 1, 1, 0, 0, 0, 0, 0 );
insert into FIR.DECLARATION values(1001101, '544275680547', '355740586', '57a58a0b-a220-4941-9408-a64df9e1c2c8', '11', '1111', 0, '22', 1, 1, 0, 0, 0, 0, 0 );
insert into FIR.DECLARATION values(1001102, '573490351403', '407012320', 'e48a6db4-33d4-4741-8c4f-80c0e59f0276', '11', '1111', 0, '22', 1, 1, 0, 0, 0, 0, 0 );
insert into FIR.DECLARATION values(1001103, '732683598229', '188677561', 'eb13df2f-977b-4611-893b-7b64fc8a8a4b', '11', '1111', 0, '22', 1, 1, 0, 0, 0, 0, 0 );
insert into FIR.DECLARATION values(1001104, '734719294053', '734892833', 'dfddbc61-2725-402a-a23b-a02e4d546436', '11', '1111', 0, '22', 1, 1, 0, 0, 0, 0, 0 );
insert into FIR.DECLARATION values(1001105, '309479973326', '176042943', '370dc5cd-a030-4636-bdc0-a8a2f4b5d8ad', '11', '1111', 0, '22', 1, 1, 0, 0, 0, 0, 0 );
insert into FIR.DECLARATION values(1001106, '574162134052', '956831869', 'fe69e7d9-fecc-45f9-9772-dc13461867fc', '11', '1111', 0, '22', 1, 1, 0, 0, 0, 0, 0 );
insert into FIR.DECLARATION values(1001107, '701984426404', '352223809', '3b530764-f2ea-4eef-baad-80e82a3a20d7', '11', '1111', 0, '22', 1, 1, 0, 0, 0, 0, 0 );
insert into FIR.DECLARATION values(1001108, '801676917369', '778081694', 'ce1188b5-4469-4d5b-beda-fbcbab55957e', '11', '1111', 0, '22', 1, 1, 0, 0, 0, 0, 0 );
insert into FIR.DECLARATION values(1001109, '958365402270', '876482222', 'be875922-d842-486e-b476-217836413d59', '11', '1111', 0, '22', 1, 1, 0, 0, 0, 0, 0 );
insert into FIR.DECLARATION values(1001110, '231770314805', '165913437', 'fe243bdf-473c-49ba-b8e6-f3224c768335', '11', '1111', 0, '22', 1, 1, 0, 0, 0, 0, 0 );
insert into FIR.DECLARATION values(1001111, '492924947569', '542139257', 'dac383c6-9e11-4569-911c-6cb7e68722d3', '11', '1111', 0, '22', 1, 1, 0, 0, 0, 0, 0 );
insert into FIR.DECLARATION values(1001112, '356133498138', '123578137', '4e1095b8-a30a-468f-9a86-e4854afe77f2', '11', '1111', 0, '22', 1, 1, 0, 0, 0, 0, 0 );
insert into FIR.DECLARATION values(1001113, '611098358807', '508070242', '92f97c71-cc1b-43f9-a4a0-0d458c474b73', '11', '1111', 0, '22', 1, 1, 0, 0, 0, 0, 0 );
insert into FIR.DECLARATION values(1001114, '497109991530', '179012393', 'ccf682e3-491c-4b9d-8855-89b94bba3cfe', '11', '1111', 0, '22', 1, 1, 0, 0, 0, 0, 0 );
insert into FIR.DECLARATION values(1001115, '603693962028', '446458300', '0788deab-2602-4d86-ae00-4c511465e52a', '11', '1111', 0, '22', 1, 1, 0, 0, 0, 0, 0 );
insert into FIR.DECLARATION values(1001116, '248251391707', '187417206', '932a85bf-07fd-415e-a551-6a0837c332ed', '11', '1111', 0, '22', 1, 1, 0, 0, 0, 0, 0 );
insert into FIR.DECLARATION values(1001117, '987491434654', '603946824', '063446a0-fcf9-48cc-85ce-e18499af2b90', '11', '1111', 0, '22', 1, 1, 0, 0, 0, 0, 0 );
insert into FIR.DECLARATION values(1001118, '783308990154', '264258306', 'e655abab-eff8-4f58-91d6-ef1ce6d0cac1', '11', '1111', 0, '22', 1, 1, 0, 0, 0, 0, 0 );
insert into FIR.DECLARATION values(1001119, '506400822362', '363353249', '74fb8cec-d2cf-4893-9e35-2f126b46f97d', '11', '1111', 0, '22', 1, 1, 0, 0, 0, 0, 0 );
insert into FIR.DECLARATION values(1001120, '175713378773', '494446238', 'afa14d98-e354-470d-9e0e-35f30c3f6688', '11', '1111', 0, '22', 1, 1, 0, 0, 0, 0, 0 );
insert into FIR.DECLARATION values(1001121, '663777149167', '100972631', '8e0de062-8a9c-41e8-8b21-8b793fbf4e22', '11', '1111', 0, '22', 1, 1, 0, 0, 0, 0, 0 );
insert into FIR.DECLARATION values(1001122, '491468372507', '114785878', 'cd44ae75-7b66-4c35-af7f-bb112024ff22', '11', '1111', 0, '22', 1, 1, 0, 0, 0, 0, 0 );
insert into FIR.DECLARATION values(1001123, '522201714959', '540806447', 'bcc150a9-6a10-4470-a588-a936b630d006', '11', '1111', 0, '22', 1, 1, 0, 0, 0, 0, 0 );
insert into FIR.DECLARATION values(1001124, '455727443648', '769086894', 'a56c9f62-eb03-48c2-b9ab-a25ca2157256', '11', '1111', 0, '22', 1, 1, 0, 0, 0, 0, 0 );
insert into FIR.DECLARATION values(1001125, '770927143775', '707131307', '95fab4c5-de28-4fce-a0fb-4744deeb2d34', '52', '5252', 1, '22', 1, 1, 44, 22.8055180524501538, 0.990435580252873, 0.0524665951041815, 0.5183072284647762227272727273 );
insert into FIR.DISCREPANCY_RAW values(1001100,  sysdate, 1, '1', 20, 0.525671520049531, 0.159417638163742, '22', '2014', '770927143775', '905447561144', '10276', 1001125, '/231', '1001126', '2' );
insert into FIR.DISCREPANCY_RAW values(1001101,  sysdate, 1, '1', 20, 0.302379938914618, 0.467149347284413, '22', '2014', '770927143775', '607975592174', '10276', 1001125, '/231', '1001127', '2' );
insert into FIR.DISCREPANCY_RAW values(1001102,  sysdate, 1, '1', 20, 0.782937835335237, 0.737091126729311, '22', '2014', '770927143775', '840268767745', '10276', 1001125, '/231', '1001128', '2' );
insert into FIR.DISCREPANCY_RAW values(1001103,  sysdate, 1, '1', 20, 0.442782364060535, 0.491136053340107, '22', '2014', '770927143775', '214663785970', '10276', 1001125, '/231', '1001129', '2' );
insert into FIR.DISCREPANCY_RAW values(1001104,  sysdate, 1, '1', 20, 0.0606163395850995, 0.268237623510993, '22', '2014', '770927143775', '683937520191', '10277', 1001125, '/231', '1001130', '2' );
insert into FIR.DISCREPANCY_RAW values(1001105,  sysdate, 1, '1', 20, 0.136391070734892, 0.78913746205584, '22', '2014', '770927143775', '272525274847', '10277', 1001125, '/231', '1001131', '2' );
insert into FIR.DISCREPANCY_RAW values(1001106,  sysdate, 1, '1', 20, 0.158024176097486, 0.889703150787252, '22', '2014', '770927143775', '727885426125', '10277', 1001125, '/231', '1001132', '2' );
insert into FIR.DISCREPANCY_RAW values(1001107,  sysdate, 1, '1', 20, 0.490500348382862, 0.966871622468751, '22', '2014', '770927143775', '626405255832', '10277', 1001125, '/231', '1001133', '2' );
insert into FIR.DISCREPANCY_RAW values(1001108,  sysdate, 1, '1', 20, 0.710664661000792, 0.65453944106332, '22', '2014', '770927143775', '887627542256', '10278', 1001125, '/231', '1001134', '2' );
insert into FIR.DISCREPANCY_RAW values(1001109,  sysdate, 1, '1', 20, 0.232193590249956, 0.863881306659375, '22', '2014', '770927143775', '700294774630', '10278', 1001125, '/231', '1001135', '2' );
insert into FIR.DISCREPANCY_RAW values(1001110,  sysdate, 1, '1', 20, 0.900567080313604, 0.717482210936715, '22', '2014', '770927143775', '699516666587', '10278', 1001125, '/231', '1001136', '2' );
insert into FIR.DISCREPANCY_RAW values(1001111,  sysdate, 1, '1', 20, 0.936500411451096, 0.889195220493337, '22', '2014', '770927143775', '109700347536', '10278', 1001125, '/231', '1001137', '2' );
insert into FIR.DISCREPANCY_RAW values(1001112,  sysdate, 1, '1', 20, 0.430660345792147, 0.945306304351104, '22', '2014', '770927143775', '974958631103', '10279', 1001125, '/231', '1001138', '2' );
insert into FIR.DISCREPANCY_RAW values(1001113,  sysdate, 1, '1', 20, 0.677552365547769, 0.138014283095493, '22', '2014', '770927143775', '599966630561', '10279', 1001125, '/231', '1001139', '2' );
insert into FIR.DISCREPANCY_RAW values(1001114,  sysdate, 1, '1', 20, 0.454598380464408, 0.990435580252873, '22', '2014', '770927143775', '144695785135', '10279', 1001125, '/231', '1001140', '2' );
insert into FIR.DISCREPANCY_RAW values(1001115,  sysdate, 1, '1', 20, 0.782881282634512, 0.309535924489394, '22', '2014', '770927143775', '401046918635', '10279', 1001125, '/231', '1001141', '2' );
insert into FIR.DISCREPANCY_RAW values(1001116,  sysdate, 1, '1', 20, 0.65637687112036, 0.778929350329064, '22', '2014', '770927143775', '421474166978', '10280', 1001125, '/231', '1001142', '2' );
insert into FIR.DISCREPANCY_RAW values(1001117,  sysdate, 1, '1', 20, 0.516063689494535, 0.871471723481767, '22', '2014', '770927143775', '658771548401', '10280', 1001125, '/231', '1001143', '2' );
insert into FIR.DISCREPANCY_RAW values(1001118,  sysdate, 1, '1', 20, 0.176323780406417, 0.36645993048626, '22', '2014', '770927143775', '874575477799', '10280', 1001125, '/231', '1001144', '2' );
insert into FIR.DISCREPANCY_RAW values(1001119,  sysdate, 1, '1', 20, 0.548267152415713, 0.216716616049743, '22', '2014', '770927143775', '269953212487', '10280', 1001125, '/231', '1001145', '2' );
insert into FIR.DISCREPANCY_RAW values(1001120,  sysdate, 1, '1', 20, 0.421354859797915, 0.211996980110182, '22', '2014', '770927143775', '957010938274', '10281', 1001125, '/231', '1001146', '2' );
insert into FIR.DISCREPANCY_RAW values(1001121,  sysdate, 1, '1', 20, 0.491697334913396, 0.6228749768915, '22', '2014', '770927143775', '787527415511', '10281', 1001125, '/231', '1001147', '2' );
insert into FIR.DISCREPANCY_RAW values(1001122,  sysdate, 1, '1', 20, 0.721366786268245, 0.291018023291145, '22', '2014', '770927143775', '780251793823', '10281', 1001125, '/231', '1001148', '2' );
insert into FIR.DISCREPANCY_RAW values(1001123,  sysdate, 1, '1', 20, 0.33800399039779, 0.0632035997990536, '22', '2014', '770927143775', '315542135369', '10281', 1001125, '/231', '1001149', '2' );
insert into FIR.DISCREPANCY_RAW values(1001124,  sysdate, 1, '1', 20, 0.964299424534803, 0.733729866209314, '22', '2014', '770927143775', '269621417741', '10282', 1001125, '/231', '1001150', '2' );
insert into FIR.DISCREPANCY_RAW values(1001125,  sysdate, 1, '1', 20, 0.425577772979428, 0.26679587236922, '22', '2014', '770927143775', '927388355341', '10282', 1001125, '/231', '1001151', '2' );
insert into FIR.DISCREPANCY_RAW values(1001126,  sysdate, 1, '1', 20, 0.72911711397074, 0.369447422851551, '22', '2014', '770927143775', '470951652377', '10282', 1001125, '/231', '1001152', '2' );
insert into FIR.DISCREPANCY_RAW values(1001127,  sysdate, 1, '1', 20, 0.386426225484547, 0.0957299131414527, '22', '2014', '770927143775', '838655638141', '10282', 1001125, '/231', '1001153', '2' );
insert into FIR.DISCREPANCY_RAW values(1001128,  sysdate, 1, '1', 20, 0.776216855634105, 0.274607910902522, '22', '2014', '770927143775', '124985614970', '10283', 1001125, '/231', '1001154', '2' );
insert into FIR.DISCREPANCY_RAW values(1001129,  sysdate, 1, '1', 20, 0.924642041290478, 0.490935625271376, '22', '2014', '770927143775', '673193796046', '10283', 1001125, '/231', '1001155', '2' );
insert into FIR.DISCREPANCY_RAW values(1001130,  sysdate, 1, '1', 20, 0.0111722429334988, 0.850335264043107, '22', '2014', '770927143775', '729086968380', '10283', 1001125, '/231', '1001156', '2' );
insert into FIR.DISCREPANCY_RAW values(1001131,  sysdate, 1, '1', 20, 0.511450301162643, 0.552748154640546, '22', '2014', '770927143775', '380565639057', '10283', 1001125, '/231', '1001157', '2' );
insert into FIR.DISCREPANCY_RAW values(1001132,  sysdate, 1, '1', 20, 0.963181766198567, 0.0524665951041815, '22', '2014', '770927143775', '178647395948', '10284', 1001125, '/231', '1001158', '2' );
insert into FIR.DISCREPANCY_RAW values(1001133,  sysdate, 1, '1', 20, 0.964173673169768, 0.393617217146613, '22', '2014', '770927143775', '680352591236', '10284', 1001125, '/231', '1001159', '2' );
insert into FIR.DISCREPANCY_RAW values(1001134,  sysdate, 1, '1', 20, 0.409591199555244, 0.267253044651473, '22', '2014', '770927143775', '338148291054', '10284', 1001125, '/231', '1001160', '2' );
insert into FIR.DISCREPANCY_RAW values(1001135,  sysdate, 1, '1', 20, 0.0850343862944443, 0.521762029045151, '22', '2014', '770927143775', '642025241626', '10284', 1001125, '/231', '1001161', '2' );
insert into FIR.DISCREPANCY_RAW values(1001136,  sysdate, 1, '1', 20, 0.492718844438306, 0.78768330988832, '22', '2014', '770927143775', '733284911056', '10285', 1001125, '/231', '1001162', '2' );
insert into FIR.DISCREPANCY_RAW values(1001137,  sysdate, 1, '1', 20, 0.986892839887595, 0.509128764043156, '22', '2014', '770927143775', '506954373822', '10285', 1001125, '/231', '1001163', '2' );
insert into FIR.DISCREPANCY_RAW values(1001138,  sysdate, 1, '1', 20, 0.228176745226689, 0.522327254303883, '22', '2014', '770927143775', '479910389544', '10285', 1001125, '/231', '1001164', '2' );
insert into FIR.DISCREPANCY_RAW values(1001139,  sysdate, 1, '1', 20, 0.0453295931431137, 0.45038745480142, '22', '2014', '770927143775', '701737330087', '10285', 1001125, '/231', '1001165', '2' );
insert into FIR.DISCREPANCY_RAW values(1001140,  sysdate, 1, '1', 20, 0.869622134077187, 0.636098082473547, '22', '2014', '770927143775', '375668988537', '10286', 1001125, '/231', '1001166', '2' );
insert into FIR.DISCREPANCY_RAW values(1001141,  sysdate, 1, '1', 20, 0.0571595216436123, 0.17636988739314, '22', '2014', '770927143775', '190869338179', '10286', 1001125, '/231', '1001167', '2' );
insert into FIR.DISCREPANCY_RAW values(1001142,  sysdate, 1, '1', 20, 0.415997329361736, 0.289756959904803, '22', '2014', '770927143775', '523317549817', '10286', 1001125, '/231', '1001168', '2' );
insert into FIR.DISCREPANCY_RAW values(1001143,  sysdate, 1, '1', 20, 0.750396862509845, 0.864531928144643, '22', '2014', '770927143775', '201362688097', '10286', 1001125, '/231', '1001169', '2' );
insert into FIR.DECLARATION values(1001126, '730139474260', '496256237', '382f8fa6-5e32-4d99-b013-e759fa90d4d5', '11', '1111', 0, '23', 1, 1, 0, 0, 0, 0, 0 );
insert into FIR.DECLARATION values(1001127, '617510545649', '371533952', 'e00703d0-dd78-4bb5-8a62-0d9a48d5f8ad', '11', '1111', 0, '23', 1, 1, 0, 0, 0, 0, 0 );
insert into FIR.DECLARATION values(1001128, '777306998677', '697594318', '3fc76392-924b-4196-9269-3d4ff7c6a94c', '11', '1111', 0, '23', 1, 1, 0, 0, 0, 0, 0 );
insert into FIR.DECLARATION values(1001129, '183464578447', '615970760', '313cb0cd-79a9-4037-9ed2-62f69d9ff7c1', '11', '1111', 0, '23', 1, 1, 0, 0, 0, 0, 0 );
insert into FIR.DECLARATION values(1001130, '841269960005', '183156875', '09ce9448-324c-437e-9cae-144644c4bcbd', '11', '1111', 0, '23', 1, 1, 0, 0, 0, 0, 0 );
insert into FIR.DECLARATION values(1001131, '266653117653', '597248918', '7d70e234-10f1-4df3-831d-733d0122ca6b', '11', '1111', 0, '23', 1, 1, 0, 0, 0, 0, 0 );
insert into FIR.DECLARATION values(1001132, '601997825071', '642438260', '020f2339-890d-4f38-8581-2728bf0da628', '11', '1111', 0, '23', 1, 1, 0, 0, 0, 0, 0 );
insert into FIR.DECLARATION values(1001133, '405703797620', '257218650', '3f6c1a7c-66ba-411e-8b41-27a16ead0c0e', '11', '1111', 0, '23', 1, 1, 0, 0, 0, 0, 0 );
insert into FIR.DECLARATION values(1001134, '517745104746', '670050591', 'eec1b203-e3f6-4742-af73-23cfc3ecbf73', '11', '1111', 0, '23', 1, 1, 0, 0, 0, 0, 0 );
insert into FIR.DECLARATION values(1001135, '917159310516', '553515436', 'c785fa8b-74c2-40ca-96ea-26104edc9409', '11', '1111', 0, '23', 1, 1, 0, 0, 0, 0, 0 );
insert into FIR.DECLARATION values(1001136, '793803381254', '742784668', 'bc25b9f9-90cd-4d4a-b954-3a8b356569d2', '11', '1111', 0, '23', 1, 1, 0, 0, 0, 0, 0 );
insert into FIR.DECLARATION values(1001137, '492320703952', '653000200', 'c98b9f7f-4b79-40db-a7af-a5c6fe027705', '11', '1111', 0, '23', 1, 1, 0, 0, 0, 0, 0 );
insert into FIR.DECLARATION values(1001138, '419711684152', '713563728', '326dedbf-15c8-49c6-ba3c-5fe6af754403', '11', '1111', 0, '23', 1, 1, 0, 0, 0, 0, 0 );
insert into FIR.DECLARATION values(1001139, '551706970065', '640987264', 'a688ee3f-c152-415b-a2a5-facf4f6f0e48', '11', '1111', 0, '23', 1, 1, 0, 0, 0, 0, 0 );
insert into FIR.DECLARATION values(1001140, '658605164573', '795532631', 'ae9a9d64-515a-4840-afd8-1bf57fd4b0c4', '11', '1111', 0, '23', 1, 1, 0, 0, 0, 0, 0 );
insert into FIR.DECLARATION values(1001141, '731750597982', '975218172', 'f13b86b8-3f9e-44a4-96ab-9e876dc820a6', '11', '1111', 0, '23', 1, 1, 0, 0, 0, 0, 0 );
insert into FIR.DECLARATION values(1001142, '352813943690', '997876225', 'c9a81353-f36a-4aa3-a1f9-d80983c6dcdb', '11', '1111', 0, '23', 1, 1, 0, 0, 0, 0, 0 );
insert into FIR.DECLARATION values(1001143, '670651824626', '836457263', '5b5acb2c-2a5b-4aca-9acc-b61534d75596', '11', '1111', 0, '23', 1, 1, 0, 0, 0, 0, 0 );
insert into FIR.DECLARATION values(1001144, '763236377498', '822861209', '98f5ab4e-d3be-4754-8888-0d68e23ad3df', '11', '1111', 0, '23', 1, 1, 0, 0, 0, 0, 0 );
insert into FIR.DECLARATION values(1001145, '937476883675', '934815516', '9a5a55d1-c910-4714-88ab-f0c8a00288e4', '11', '1111', 0, '23', 1, 1, 0, 0, 0, 0, 0 );
insert into FIR.DECLARATION values(1001146, '423236273955', '526078644', '6e49f8ac-7cc7-4dd3-89f2-3a18784e2d37', '11', '1111', 0, '23', 1, 1, 0, 0, 0, 0, 0 );
insert into FIR.DECLARATION values(1001147, '629734119385', '263452582', 'a1a76fd4-1f2b-4ce6-bfd5-e97bcac7da82', '11', '1111', 0, '23', 1, 1, 0, 0, 0, 0, 0 );
insert into FIR.DECLARATION values(1001148, '121502615291', '599303322', '2ec33728-66ca-4c6b-93de-3c5f36e2284a', '11', '1111', 0, '23', 1, 1, 0, 0, 0, 0, 0 );
insert into FIR.DECLARATION values(1001149, '208590438043', '200956803', '7fb39740-e9e0-4ff4-b23f-9a184f015503', '11', '1111', 0, '23', 1, 1, 0, 0, 0, 0, 0 );
insert into FIR.DECLARATION values(1001150, '782654418112', '424030402', 'eb914667-4a20-4fc1-b29a-77d33c9325f6', '11', '1111', 0, '23', 1, 1, 0, 0, 0, 0, 0 );
insert into FIR.DECLARATION values(1001151, '545570271563', '870718662', 'c1981b0a-8131-40a9-a835-e3e0a2988eeb', '11', '1111', 0, '23', 1, 1, 0, 0, 0, 0, 0 );
insert into FIR.DECLARATION values(1001152, '910780538190', '767433525', '84c97671-ea0a-4312-aa34-f9280e7a6c2e', '11', '1111', 0, '23', 1, 1, 0, 0, 0, 0, 0 );
insert into FIR.DECLARATION values(1001153, '363137552423', '281277359', '4ad5cef0-b5a3-411d-afc8-0091b56e90a2', '11', '1111', 0, '23', 1, 1, 0, 0, 0, 0, 0 );
insert into FIR.DECLARATION values(1001154, '920944344001', '169663718', '171c3e85-7785-4919-8536-72471c1ad834', '11', '1111', 0, '23', 1, 1, 0, 0, 0, 0, 0 );
insert into FIR.DECLARATION values(1001155, '664640324462', '330184598', '319fe617-47f3-4b38-99d3-0d4d69887be2', '11', '1111', 0, '23', 1, 1, 0, 0, 0, 0, 0 );
insert into FIR.DECLARATION values(1001156, '398019390186', '153332800', '43fa2208-a658-4a28-a12e-0f52e33ea61d', '11', '1111', 0, '23', 1, 1, 0, 0, 0, 0, 0 );
insert into FIR.DECLARATION values(1001157, '700545389791', '921040938', 'e4f294fc-d727-450a-8a79-05eb4f7c6ca2', '11', '1111', 0, '23', 1, 1, 0, 0, 0, 0, 0 );
insert into FIR.DECLARATION values(1001158, '714861559984', '594134864', '6d30ed18-2d44-4bad-8b0e-b1d0ef4deb17', '11', '1111', 0, '23', 1, 1, 0, 0, 0, 0, 0 );
insert into FIR.DECLARATION values(1001159, '172170709823', '189622722', '57e802af-21ce-4929-826a-497915b4e1bb', '11', '1111', 0, '23', 1, 1, 0, 0, 0, 0, 0 );
insert into FIR.DECLARATION values(1001160, '776215133689', '832066841', 'b58dc25f-5c49-4ba8-a586-4030d8e8c013', '11', '1111', 0, '23', 1, 1, 0, 0, 0, 0, 0 );
insert into FIR.DECLARATION values(1001161, '511595787420', '360800136', 'adf69263-610f-4af5-a64d-8ea3a8433d83', '11', '1111', 0, '23', 1, 1, 0, 0, 0, 0, 0 );
insert into FIR.DECLARATION values(1001162, '679118358032', '880804436', '74c17b25-2020-48ea-923f-5ab7a4b01be9', '11', '1111', 0, '23', 1, 1, 0, 0, 0, 0, 0 );
insert into FIR.DECLARATION values(1001163, '200724427252', '430093923', '86542e4a-4ba7-4dae-8e20-fee1daa83408', '11', '1111', 0, '23', 1, 1, 0, 0, 0, 0, 0 );
insert into FIR.DECLARATION values(1001164, '717697881556', '872400674', '9bec3c6b-cc9a-4eb3-a085-f028cf2324bb', '11', '1111', 0, '23', 1, 1, 0, 0, 0, 0, 0 );
insert into FIR.DECLARATION values(1001165, '906277376216', '447978154', 'f309c551-45aa-4ec5-86d7-94d453e3b603', '11', '1111', 0, '23', 1, 1, 0, 0, 0, 0, 0 );
insert into FIR.DECLARATION values(1001166, '174317451400', '304578651', '99e69d55-2b4f-41ca-9258-8a1052c7897d', '11', '1111', 0, '23', 1, 1, 0, 0, 0, 0, 0 );
insert into FIR.DECLARATION values(1001167, '329924652587', '142700220', '482e07e7-fec5-44d7-b36e-7591c5aacf85', '11', '1111', 0, '23', 1, 1, 0, 0, 0, 0, 0 );
insert into FIR.DECLARATION values(1001168, '849768535797', '743386109', '38105606-d3c5-4aad-b6cf-824043cd13f2', '11', '1111', 0, '23', 1, 1, 0, 0, 0, 0, 0 );
insert into FIR.DECLARATION values(1001169, '637698946002', '263632813', '0d6720ea-dff1-4990-8010-e54882043c9b', '11', '1111', 0, '23', 1, 1, 0, 0, 0, 0, 0 );
insert into FIR.DECLARATION values(1001170, '707568273289', '315057756', '558b0252-d17f-4cdd-ad33-689d56d52cb7', '52', '5252', 1, '23', 1, 1, 44, 22.6034201283955127, 0.949035357194504, 0.0128389815859678, 0.5137140938271707431818181818 );
insert into FIR.DISCREPANCY_RAW values(1001144,  sysdate, 1, '1', 20, 0.51995177498085, 0.403814160453069, '23', '2014', '707568273289', '193090547550', '10287', 1001170, '/231', '1001171', '2' );
insert into FIR.DISCREPANCY_RAW values(1001145,  sysdate, 1, '1', 20, 0.905713553496503, 0.544775878332917, '23', '2014', '707568273289', '656790665461', '10287', 1001170, '/231', '1001172', '2' );
insert into FIR.DISCREPANCY_RAW values(1001146,  sysdate, 1, '1', 20, 0.559670137967761, 0.717617349101984, '23', '2014', '707568273289', '985070276768', '10287', 1001170, '/231', '1001173', '2' );
insert into FIR.DISCREPANCY_RAW values(1001147,  sysdate, 1, '1', 20, 0.876633432636332, 0.598660113568725, '23', '2014', '707568273289', '192051771815', '10287', 1001170, '/231', '1001174', '2' );
insert into FIR.DISCREPANCY_RAW values(1001148,  sysdate, 1, '1', 20, 0.559396584313082, 0.658102867965634, '23', '2014', '707568273289', '520466900256', '10288', 1001170, '/231', '1001175', '2' );
insert into FIR.DISCREPANCY_RAW values(1001149,  sysdate, 1, '1', 20, 0.610053430129799, 0.535363585471811, '23', '2014', '707568273289', '593064434779', '10288', 1001170, '/231', '1001176', '2' );
insert into FIR.DISCREPANCY_RAW values(1001150,  sysdate, 1, '1', 20, 0.719219264909261, 0.692678599940929, '23', '2014', '707568273289', '782060305722', '10288', 1001170, '/231', '1001177', '2' );
insert into FIR.DISCREPANCY_RAW values(1001151,  sysdate, 1, '1', 20, 0.552544233180836, 0.798619185946239, '23', '2014', '707568273289', '621735818039', '10288', 1001170, '/231', '1001178', '2' );
insert into FIR.DISCREPANCY_RAW values(1001152,  sysdate, 1, '1', 20, 0.534053741271633, 0.938161036436521, '23', '2014', '707568273289', '984648869276', '10289', 1001170, '/231', '1001179', '2' );
insert into FIR.DISCREPANCY_RAW values(1001153,  sysdate, 1, '1', 20, 0.46771978236163, 0.305987944503309, '23', '2014', '707568273289', '510490194380', '10289', 1001170, '/231', '1001180', '2' );
insert into FIR.DISCREPANCY_RAW values(1001154,  sysdate, 1, '1', 20, 0.718643523621672, 0.397676983567736, '23', '2014', '707568273289', '551595261418', '10289', 1001170, '/231', '1001181', '2' );
insert into FIR.DISCREPANCY_RAW values(1001155,  sysdate, 1, '1', 20, 0.218081223414317, 0.0409508324418919, '23', '2014', '707568273289', '161320594126', '10289', 1001170, '/231', '1001182', '2' );
insert into FIR.DISCREPANCY_RAW values(1001156,  sysdate, 1, '1', 20, 0.307627858271649, 0.719504353925355, '23', '2014', '707568273289', '133873985403', '10290', 1001170, '/231', '1001183', '2' );
insert into FIR.DISCREPANCY_RAW values(1001157,  sysdate, 1, '1', 20, 0.38693468989196, 0.434097606425219, '23', '2014', '707568273289', '871491994494', '10290', 1001170, '/231', '1001184', '2' );
insert into FIR.DISCREPANCY_RAW values(1001158,  sysdate, 1, '1', 20, 0.183676282960771, 0.385243941743506, '23', '2014', '707568273289', '644502268112', '10290', 1001170, '/231', '1001185', '2' );
insert into FIR.DISCREPANCY_RAW values(1001159,  sysdate, 1, '1', 20, 0.136282372817529, 0.413538963726507, '23', '2014', '707568273289', '182859420333', '10290', 1001170, '/231', '1001186', '2' );
insert into FIR.DISCREPANCY_RAW values(1001160,  sysdate, 1, '1', 20, 0.305098521199589, 0.823321333538425, '23', '2014', '707568273289', '727101732566', '10291', 1001170, '/231', '1001187', '2' );
insert into FIR.DISCREPANCY_RAW values(1001161,  sysdate, 1, '1', 20, 0.155568041445486, 0.121901119650296, '23', '2014', '707568273289', '316024367809', '10291', 1001170, '/231', '1001188', '2' );
insert into FIR.DISCREPANCY_RAW values(1001162,  sysdate, 1, '1', 20, 0.963709206303446, 0.0983852544326266, '23', '2014', '707568273289', '495711171236', '10291', 1001170, '/231', '1001189', '2' );
insert into FIR.DISCREPANCY_RAW values(1001163,  sysdate, 1, '1', 20, 0.787011034221859, 0.112066594935985, '23', '2014', '707568273289', '184923544741', '10291', 1001170, '/231', '1001190', '2' );
insert into FIR.DISCREPANCY_RAW values(1001164,  sysdate, 1, '1', 20, 0.256482150525079, 0.511334828804869, '23', '2014', '707568273289', '408843843525', '10292', 1001170, '/231', '1001191', '2' );
insert into FIR.DISCREPANCY_RAW values(1001165,  sysdate, 1, '1', 20, 0.0853450037936424, 0.0577789927170514, '23', '2014', '707568273289', '781471679139', '10292', 1001170, '/231', '1001192', '2' );
insert into FIR.DISCREPANCY_RAW values(1001166,  sysdate, 1, '1', 20, 0.746576638308622, 0.711766084056239, '23', '2014', '707568273289', '609090754383', '10292', 1001170, '/231', '1001193', '2' );
insert into FIR.DISCREPANCY_RAW values(1001167,  sysdate, 1, '1', 20, 0.1601768513956, 0.275723515206819, '23', '2014', '707568273289', '949966252874', '10292', 1001170, '/231', '1001194', '2' );
insert into FIR.DISCREPANCY_RAW values(1001168,  sysdate, 1, '1', 20, 0.0496512162730336, 0.948398016834817, '23', '2014', '707568273289', '604479383794', '10293', 1001170, '/231', '1001195', '2' );
insert into FIR.DISCREPANCY_RAW values(1001169,  sysdate, 1, '1', 20, 0.51094569569032, 0.296499055017018, '23', '2014', '707568273289', '686702828443', '10293', 1001170, '/231', '1001196', '2' );
insert into FIR.DISCREPANCY_RAW values(1001170,  sysdate, 1, '1', 20, 0.568538942173374, 0.735976502642024, '23', '2014', '707568273289', '511334529856', '10293', 1001170, '/231', '1001197', '2' );
insert into FIR.DISCREPANCY_RAW values(1001171,  sysdate, 1, '1', 20, 0.402487398312654, 0.382111961665615, '23', '2014', '707568273289', '652803814198', '10293', 1001170, '/231', '1001198', '2' );
insert into FIR.DISCREPANCY_RAW values(1001172,  sysdate, 1, '1', 20, 0.470951010692376, 0.0128389815859678, '23', '2014', '707568273289', '661258564823', '10294', 1001170, '/231', '1001199', '2' );
insert into FIR.DISCREPANCY_RAW values(1001173,  sysdate, 1, '1', 20, 0.632071676958386, 0.472668526448621, '23', '2014', '707568273289', '924063779498', '10294', 1001170, '/231', '1001200', '2' );
insert into FIR.DISCREPANCY_RAW values(1001174,  sysdate, 1, '1', 20, 0.0481843361855412, 0.33155193241851, '23', '2014', '707568273289', '464956869105', '10294', 1001170, '/231', '1001201', '2' );
insert into FIR.DISCREPANCY_RAW values(1001175,  sysdate, 1, '1', 20, 0.438914183265955, 0.572435844490508, '23', '2014', '707568273289', '781934404833', '10294', 1001170, '/231', '1001202', '2' );
insert into FIR.DISCREPANCY_RAW values(1001176,  sysdate, 1, '1', 20, 0.216681990873386, 0.761679808498211, '23', '2014', '707568273289', '537317995163', '10295', 1001170, '/231', '1001203', '2' );
insert into FIR.DISCREPANCY_RAW values(1001177,  sysdate, 1, '1', 20, 0.164218620939282, 0.377968221613191, '23', '2014', '707568273289', '724130308416', '10295', 1001170, '/231', '1001204', '2' );
insert into FIR.DISCREPANCY_RAW values(1001178,  sysdate, 1, '1', 20, 0.305323502656689, 0.320376845225867, '23', '2014', '707568273289', '273508886158', '10295', 1001170, '/231', '1001205', '2' );
insert into FIR.DISCREPANCY_RAW values(1001179,  sysdate, 1, '1', 20, 0.158319939001612, 0.845792104883954, '23', '2014', '707568273289', '481462566481', '10295', 1001170, '/231', '1001206', '2' );
insert into FIR.DISCREPANCY_RAW values(1001180,  sysdate, 1, '1', 20, 0.930654323627546, 0.949035357194504, '23', '2014', '707568273289', '531877708109', '10296', 1001170, '/231', '1001207', '2' );
insert into FIR.DISCREPANCY_RAW values(1001181,  sysdate, 1, '1', 20, 0.853856041028097, 0.848590394877172, '23', '2014', '707568273289', '365263149922', '10296', 1001170, '/231', '1001208', '2' );
insert into FIR.DISCREPANCY_RAW values(1001182,  sysdate, 1, '1', 20, 0.768518870588634, 0.941474481458531, '23', '2014', '707568273289', '925307574503', '10296', 1001170, '/231', '1001209', '2' );
insert into FIR.DISCREPANCY_RAW values(1001183,  sysdate, 1, '1', 20, 0.827274613001977, 0.842886000332835, '23', '2014', '707568273289', '261498721148', '10296', 1001170, '/231', '1001210', '2' );
insert into FIR.DISCREPANCY_RAW values(1001184,  sysdate, 1, '1', 20, 0.53625984049228, 0.641841201410555, '23', '2014', '707568273289', '218699450366', '10297', 1001170, '/231', '1001211', '2' );
insert into FIR.DISCREPANCY_RAW values(1001185,  sysdate, 1, '1', 20, 0.378873861105588, 0.658311037653271, '23', '2014', '707568273289', '995229779412', '10297', 1001170, '/231', '1001212', '2' );
insert into FIR.DISCREPANCY_RAW values(1001186,  sysdate, 1, '1', 20, 0.568729071211409, 0.193034221973752, '23', '2014', '707568273289', '366340431312', '10297', 1001170, '/231', '1001213', '2' );
insert into FIR.DISCREPANCY_RAW values(1001187,  sysdate, 1, '1', 20, 0.747766438288506, 0.172878505276925, '23', '2014', '707568273289', '842420738348', '10297', 1001170, '/231', '1001214', '2' );
insert into FIR.DECLARATION values(1001171, '487836272673', '427643178', '8c60f9f4-c5a8-4398-a6fa-2d84e3c5ca21', '11', '1111', 0, '21', 1, 1, 0, 0, 0, 0, 0 );
insert into FIR.DECLARATION values(1001172, '887756455803', '116822625', '9f3e5e89-34a8-4140-a221-1a7be73003b2', '11', '1111', 0, '21', 1, 1, 0, 0, 0, 0, 0 );
insert into FIR.DECLARATION values(1001173, '994055297787', '852496541', '961a6c6e-fc27-4a01-aced-d57c6b454bd6', '11', '1111', 0, '21', 1, 1, 0, 0, 0, 0, 0 );
insert into FIR.DECLARATION values(1001174, '162758400737', '407184531', '2cfa5f23-0e19-4403-aef0-9c7016da6003', '11', '1111', 0, '21', 1, 1, 0, 0, 0, 0, 0 );
insert into FIR.DECLARATION values(1001175, '321711714830', '515596581', 'fad2233d-b867-4a8c-b9c6-38ff1eee125c', '11', '1111', 0, '21', 1, 1, 0, 0, 0, 0, 0 );
insert into FIR.DECLARATION values(1001176, '962869404640', '823553475', '27251379-1aab-4af9-a311-c81d153d49a9', '11', '1111', 0, '21', 1, 1, 0, 0, 0, 0, 0 );
insert into FIR.DECLARATION values(1001177, '407245365490', '580111605', '2e754d59-79ba-4d4c-90bf-c03ae413da89', '11', '1111', 0, '21', 1, 1, 0, 0, 0, 0, 0 );
insert into FIR.DECLARATION values(1001178, '449357477298', '605633630', '9fcb779e-3503-4300-b995-0e10db0ae984', '11', '1111', 0, '21', 1, 1, 0, 0, 0, 0, 0 );
insert into FIR.DECLARATION values(1001179, '986419127700', '837738764', '94c0b76f-4601-4c14-ba1a-9d8398b5ea56', '11', '1111', 0, '21', 1, 1, 0, 0, 0, 0, 0 );
insert into FIR.DECLARATION values(1001180, '897659118660', '274809846', '6b2c4e76-7aaa-4490-8fa8-3645b2d029d5', '11', '1111', 0, '21', 1, 1, 0, 0, 0, 0, 0 );
insert into FIR.DECLARATION values(1001181, '562131535420', '386533487', 'c53572bb-ec10-41e7-a03f-5778a21d2c83', '11', '1111', 0, '21', 1, 1, 0, 0, 0, 0, 0 );
insert into FIR.DECLARATION values(1001182, '534683597657', '645718147', 'dadd71cd-5cbc-4dda-a2e6-7bafa16d3ea8', '11', '1111', 0, '21', 1, 1, 0, 0, 0, 0, 0 );
insert into FIR.DECLARATION values(1001183, '727054952601', '426143652', '34fb4d57-ea08-4f95-8336-a4925fedf76f', '11', '1111', 0, '21', 1, 1, 0, 0, 0, 0, 0 );
insert into FIR.DECLARATION values(1001184, '824738936212', '857964127', 'e54409c4-a03b-4c5b-9a4d-4d76772319e5', '11', '1111', 0, '21', 1, 1, 0, 0, 0, 0, 0 );
insert into FIR.DECLARATION values(1001185, '518710313507', '669408882', 'd0db68c8-7db8-4101-8c3e-7711ec03f9c1', '11', '1111', 0, '21', 1, 1, 0, 0, 0, 0, 0 );
insert into FIR.DECLARATION values(1001186, '927409375283', '143259735', '72c86094-3bc1-47c8-9e04-5e87c0991a0b', '11', '1111', 0, '21', 1, 1, 0, 0, 0, 0, 0 );
insert into FIR.DECLARATION values(1001187, '314011598453', '719911168', '25e459c8-9ea6-4407-ad18-1ea4df4433af', '11', '1111', 0, '21', 1, 1, 0, 0, 0, 0, 0 );
insert into FIR.DECLARATION values(1001188, '277259891545', '378585206', 'fb1f761c-9d1c-45d9-9659-f3d30bc3ab84', '11', '1111', 0, '21', 1, 1, 0, 0, 0, 0, 0 );
insert into FIR.DECLARATION values(1001189, '991929397082', '952393630', 'c23efb03-f3c4-4d69-b44f-e59d3204d2da', '11', '1111', 0, '21', 1, 1, 0, 0, 0, 0, 0 );
insert into FIR.DECLARATION values(1001190, '661743986505', '416712521', 'b21e6bce-cf42-4378-88cf-514615b65f3d', '11', '1111', 0, '21', 1, 1, 0, 0, 0, 0, 0 );
insert into FIR.DECLARATION values(1001191, '402491503055', '934703595', 'b3238f1e-544a-4f5b-8727-04cd6e04a8f1', '11', '1111', 0, '21', 1, 1, 0, 0, 0, 0, 0 );
insert into FIR.DECLARATION values(1001192, '880535348254', '986290237', 'dead3ab9-6815-45a7-9f9f-dc7001924b50', '11', '1111', 0, '21', 1, 1, 0, 0, 0, 0, 0 );
insert into FIR.DECLARATION values(1001193, '139512682298', '163242735', '7805fa48-2b9a-496a-90d1-ed2205e23419', '11', '1111', 0, '21', 1, 1, 0, 0, 0, 0, 0 );
insert into FIR.DECLARATION values(1001194, '740924203828', '989390804', '44bd7c11-717b-4a5e-b2dd-c236628cf574', '11', '1111', 0, '21', 1, 1, 0, 0, 0, 0, 0 );
insert into FIR.DECLARATION values(1001195, '410172696868', '780946933', 'baf7201d-470c-4d65-9ca7-f171fa29c04c', '11', '1111', 0, '21', 1, 1, 0, 0, 0, 0, 0 );
insert into FIR.DECLARATION values(1001196, '389155708040', '729628370', '81a380a8-fdd3-4f34-b9f7-364495321af0', '11', '1111', 0, '21', 1, 1, 0, 0, 0, 0, 0 );
insert into FIR.DECLARATION values(1001197, '987716296663', '149154356', '91af1dd7-4d21-4a04-88c7-f499b5fe6c1f', '11', '1111', 0, '21', 1, 1, 0, 0, 0, 0, 0 );
insert into FIR.DECLARATION values(1001198, '986912173971', '322339680', '8110476e-e5ce-45f6-9143-0a3794c2f148', '11', '1111', 0, '21', 1, 1, 0, 0, 0, 0, 0 );
insert into FIR.DECLARATION values(1001199, '391732452166', '586990860', 'b4fc4e9d-229c-4fe6-b1bc-63bffc8a75fe', '11', '1111', 0, '21', 1, 1, 0, 0, 0, 0, 0 );
insert into FIR.DECLARATION values(1001200, '231619920514', '862161456', 'd1e48fce-0b9e-42e7-9ed9-54215930be17', '11', '1111', 0, '21', 1, 1, 0, 0, 0, 0, 0 );
insert into FIR.DECLARATION values(1001201, '861926399126', '840141541', '00915518-10dc-4260-90a3-83ef93c2e834', '11', '1111', 0, '21', 1, 1, 0, 0, 0, 0, 0 );
insert into FIR.DECLARATION values(1001202, '753227839851', '137166865', 'ca1b89e2-ccac-4427-a60f-32cbb5d9644b', '11', '1111', 0, '21', 1, 1, 0, 0, 0, 0, 0 );
insert into FIR.DECLARATION values(1001203, '685225608460', '440216675', '7adf5f22-db10-4f4a-8914-8b28f142f32b', '11', '1111', 0, '21', 1, 1, 0, 0, 0, 0, 0 );
insert into FIR.DECLARATION values(1001204, '552852761692', '439610758', '71bfefd8-398f-4a2e-91ee-ccb3ecc969ee', '11', '1111', 0, '21', 1, 1, 0, 0, 0, 0, 0 );
insert into FIR.DECLARATION values(1001205, '980655381921', '839279983', '9572c611-0316-4a7a-953c-ea970a872de9', '11', '1111', 0, '21', 1, 1, 0, 0, 0, 0, 0 );
insert into FIR.DECLARATION values(1001206, '735747682274', '173023791', '9c716f8a-b203-46bf-ba64-65ae9ad52990', '11', '1111', 0, '21', 1, 1, 0, 0, 0, 0, 0 );
insert into FIR.DECLARATION values(1001207, '574786771390', '418773187', 'f55b24c6-6d48-416c-910f-8a1bdb965f40', '11', '1111', 0, '21', 1, 1, 0, 0, 0, 0, 0 );
insert into FIR.DECLARATION values(1001208, '722465760911', '391348529', '4c453be1-831c-4527-8295-327d9b778c61', '11', '1111', 0, '21', 1, 1, 0, 0, 0, 0, 0 );
insert into FIR.DECLARATION values(1001209, '192935201572', '400217285', '99f04557-201d-4ea6-b943-42b34ceca27f', '11', '1111', 0, '21', 1, 1, 0, 0, 0, 0, 0 );
insert into FIR.DECLARATION values(1001210, '925840803672', '541555862', '93862e8c-2ed1-4557-a503-d979fbdf8e69', '11', '1111', 0, '21', 1, 1, 0, 0, 0, 0, 0 );
insert into FIR.DECLARATION values(1001211, '754372817116', '994580585', '64ab007d-694f-413c-8235-d8726ab4165e', '11', '1111', 0, '21', 1, 1, 0, 0, 0, 0, 0 );
insert into FIR.DECLARATION values(1001212, '655212390108', '424269651', '5815b52f-0b17-45bf-9981-82469ec8d836', '11', '1111', 0, '21', 1, 1, 0, 0, 0, 0, 0 );
insert into FIR.DECLARATION values(1001213, '271908305519', '868776245', '675016c9-099d-4799-bae9-7d7fc1614e00', '11', '1111', 0, '21', 1, 1, 0, 0, 0, 0, 0 );
insert into FIR.DECLARATION values(1001214, '418680109059', '706057181', '626b009b-7660-4530-a5ff-c1c5cb6fd8ee', '11', '1111', 0, '21', 1, 1, 0, 0, 0, 0, 0 );
insert into FIR.DECLARATION values(1001215, '427136749391', '101659809', '0b620681-c293-4967-8da8-3257b1155eed', '52', '5252', 1, '21', 1, 1, 44, 24.1151263937890196, 0.979182011903814, 0.0330301807415812, 0.5480710544042959 );
insert into FIR.DISCREPANCY_RAW values(1001188,  sysdate, 1, '1', 20, 0.714915177186446, 0.111186703253159, '21', '2014', '427136749391', '615261758195', '10298', 1001215, '/231', '1001216', '2' );
insert into FIR.DISCREPANCY_RAW values(1001189,  sysdate, 1, '1', 20, 0.223199894290045, 0.849712759652041, '21', '2014', '427136749391', '205865225812', '10298', 1001215, '/231', '1001217', '2' );
insert into FIR.DISCREPANCY_RAW values(1001190,  sysdate, 1, '1', 20, 0.917021937629684, 0.710755719668584, '21', '2014', '427136749391', '821557521665', '10298', 1001215, '/231', '1001218', '2' );
insert into FIR.DISCREPANCY_RAW values(1001191,  sysdate, 1, '1', 20, 0.740562680987903, 0.629939626264358, '21', '2014', '427136749391', '608347714329', '10298', 1001215, '/231', '1001219', '2' );
insert into FIR.DISCREPANCY_RAW values(1001192,  sysdate, 1, '1', 20, 0.373575662436698, 0.487836883630528, '21', '2014', '427136749391', '976190553790', '10299', 1001215, '/231', '1001220', '2' );
insert into FIR.DISCREPANCY_RAW values(1001193,  sysdate, 1, '1', 20, 0.75007590965837, 0.599420180357723, '21', '2014', '427136749391', '487432318171', '10299', 1001215, '/231', '1001221', '2' );
insert into FIR.DISCREPANCY_RAW values(1001194,  sysdate, 1, '1', 20, 0.496829956535636, 0.566312623939622, '21', '2014', '427136749391', '940979967931', '10299', 1001215, '/231', '1001222', '2' );
insert into FIR.DISCREPANCY_RAW values(1001195,  sysdate, 1, '1', 20, 0.935755816724038, 0.225091284711422, '21', '2014', '427136749391', '724539993256', '10299', 1001215, '/231', '1001223', '2' );
insert into FIR.DISCREPANCY_RAW values(1001196,  sysdate, 1, '1', 20, 0.676966255845952, 0.405016935619068, '21', '2014', '427136749391', '743992994605', '10300', 1001215, '/231', '1001224', '2' );
insert into FIR.DISCREPANCY_RAW values(1001197,  sysdate, 1, '1', 20, 0.349001751443838, 0.873228292853212, '21', '2014', '427136749391', '997386416648', '10300', 1001215, '/231', '1001225', '2' );
insert into FIR.DISCREPANCY_RAW values(1001198,  sysdate, 1, '1', 20, 0.0966070848966982, 0.325784480816584, '21', '2014', '427136749391', '561781953902', '10300', 1001215, '/231', '1001226', '2' );
insert into FIR.DISCREPANCY_RAW values(1001199,  sysdate, 1, '1', 20, 0.604328754639406, 0.839374652523256, '21', '2014', '427136749391', '183436538639', '10300', 1001215, '/231', '1001227', '2' );
insert into FIR.DISCREPANCY_RAW values(1001200,  sysdate, 1, '1', 20, 0.159142517558831, 0.537439548195079, '21', '2014', '427136749391', '417409328060', '10301', 1001215, '/231', '1001228', '2' );
insert into FIR.DISCREPANCY_RAW values(1001201,  sysdate, 1, '1', 20, 0.672025922067476, 0.761330333892876, '21', '2014', '427136749391', '925446507575', '10301', 1001215, '/231', '1001229', '2' );
insert into FIR.DISCREPANCY_RAW values(1001202,  sysdate, 1, '1', 20, 0.532501406284283, 0.932391857231218, '21', '2014', '427136749391', '567707525177', '10301', 1001215, '/231', '1001230', '2' );
insert into FIR.DISCREPANCY_RAW values(1001203,  sysdate, 1, '1', 20, 0.181198773524351, 0.979182011903814, '21', '2014', '427136749391', '389077963434', '10301', 1001215, '/231', '1001231', '2' );
insert into FIR.DISCREPANCY_RAW values(1001204,  sysdate, 1, '1', 20, 0.268633193461519, 0.453838567926473, '21', '2014', '427136749391', '775542789134', '10302', 1001215, '/231', '1001232', '2' );
insert into FIR.DISCREPANCY_RAW values(1001205,  sysdate, 1, '1', 20, 0.451846584888104, 0.820019602691764, '21', '2014', '427136749391', '694801454300', '10302', 1001215, '/231', '1001233', '2' );
insert into FIR.DISCREPANCY_RAW values(1001206,  sysdate, 1, '1', 20, 0.667723345881199, 0.324947905412385, '21', '2014', '427136749391', '617321590345', '10302', 1001215, '/231', '1001234', '2' );
insert into FIR.DISCREPANCY_RAW values(1001207,  sysdate, 1, '1', 20, 0.920331347696637, 0.128422829382318, '21', '2014', '427136749391', '978059198604', '10302', 1001215, '/231', '1001235', '2' );
insert into FIR.DISCREPANCY_RAW values(1001208,  sysdate, 1, '1', 20, 0.0283618583475993, 0.650240097497702, '21', '2014', '427136749391', '105052723763', '10303', 1001215, '/231', '1001236', '2' );
insert into FIR.DISCREPANCY_RAW values(1001209,  sysdate, 1, '1', 20, 0.201624887157988, 0.892301164517319, '21', '2014', '427136749391', '205288583714', '10303', 1001215, '/231', '1001237', '2' );
insert into FIR.DISCREPANCY_RAW values(1001210,  sysdate, 1, '1', 20, 0.0273337592498091, 0.213795382163392, '21', '2014', '427136749391', '273966134159', '10303', 1001215, '/231', '1001238', '2' );
insert into FIR.DISCREPANCY_RAW values(1001211,  sysdate, 1, '1', 20, 0.33891315354915, 0.630653843111663, '21', '2014', '427136749391', '418462401726', '10303', 1001215, '/231', '1001239', '2' );
insert into FIR.DISCREPANCY_RAW values(1001212,  sysdate, 1, '1', 20, 0.840010900907224, 0.684350827561855, '21', '2014', '427136749391', '527584370875', '10304', 1001215, '/231', '1001240', '2' );
insert into FIR.DISCREPANCY_RAW values(1001213,  sysdate, 1, '1', 20, 0.631133980877294, 0.61685246909822, '21', '2014', '427136749391', '923138541791', '10304', 1001215, '/231', '1001241', '2' );
insert into FIR.DISCREPANCY_RAW values(1001214,  sysdate, 1, '1', 20, 0.544368563007735, 0.412899194943206, '21', '2014', '427136749391', '578404404471', '10304', 1001215, '/231', '1001242', '2' );
insert into FIR.DISCREPANCY_RAW values(1001215,  sysdate, 1, '1', 20, 0.21264921092086, 0.963794480992386, '21', '2014', '427136749391', '189757201718', '10304', 1001215, '/231', '1001243', '2' );
insert into FIR.DISCREPANCY_RAW values(1001216,  sysdate, 1, '1', 20, 0.0249966881354324, 0.957798867001105, '21', '2014', '427136749391', '240121548240', '10305', 1001215, '/231', '1001244', '2' );
insert into FIR.DISCREPANCY_RAW values(1001217,  sysdate, 1, '1', 20, 0.0964405276330376, 0.975920020125769, '21', '2014', '427136749391', '218888320509', '10305', 1001215, '/231', '1001245', '2' );
insert into FIR.DISCREPANCY_RAW values(1001218,  sysdate, 1, '1', 20, 0.642013732642873, 0.539700290905172, '21', '2014', '427136749391', '173964355419', '10305', 1001215, '/231', '1001246', '2' );
insert into FIR.DISCREPANCY_RAW values(1001219,  sysdate, 1, '1', 20, 0.307847249930653, 0.880897997823031, '21', '2014', '427136749391', '544425524313', '10305', 1001215, '/231', '1001247', '2' );
insert into FIR.DISCREPANCY_RAW values(1001220,  sysdate, 1, '1', 20, 0.809157221023532, 0.0755104488113478, '21', '2014', '427136749391', '414922626961', '10306', 1001215, '/231', '1001248', '2' );
insert into FIR.DISCREPANCY_RAW values(1001221,  sysdate, 1, '1', 20, 0.844248420020681, 0.13484459795749, '21', '2014', '427136749391', '727874618676', '10306', 1001215, '/231', '1001249', '2' );
insert into FIR.DISCREPANCY_RAW values(1001222,  sysdate, 1, '1', 20, 0.579900263613044, 0.620460024858108, '21', '2014', '427136749391', '719334341050', '10306', 1001215, '/231', '1001250', '2' );
insert into FIR.DISCREPANCY_RAW values(1001223,  sysdate, 1, '1', 20, 0.54393002695587, 0.660831973264381, '21', '2014', '427136749391', '268903829038', '10306', 1001215, '/231', '1001251', '2' );
insert into FIR.DISCREPANCY_RAW values(1001224,  sysdate, 1, '1', 20, 0.310254012378982, 0.330029161334983, '21', '2014', '427136749391', '924887624727', '10307', 1001215, '/231', '1001252', '2' );
insert into FIR.DISCREPANCY_RAW values(1001225,  sysdate, 1, '1', 20, 0.894971776704756, 0.0330301807415812, '21', '2014', '427136749391', '137167892872', '10307', 1001215, '/231', '1001253', '2' );
insert into FIR.DISCREPANCY_RAW values(1001226,  sysdate, 1, '1', 20, 0.00641767960340608, 0.437802748027166, '21', '2014', '427136749391', '519676387016', '10307', 1001215, '/231', '1001254', '2' );
insert into FIR.DISCREPANCY_RAW values(1001227,  sysdate, 1, '1', 20, 0.291091155396351, 0.0350526096462517, '21', '2014', '427136749391', '752549866401', '10307', 1001215, '/231', '1001255', '2' );
insert into FIR.DISCREPANCY_RAW values(1001228,  sysdate, 1, '1', 20, 0.133288512534131, 0.646538339856331, '21', '2014', '427136749391', '909491117276', '10308', 1001215, '/231', '1001256', '2' );
insert into FIR.DISCREPANCY_RAW values(1001229,  sysdate, 1, '1', 20, 0.277827810625466, 0.410660889656591, '21', '2014', '427136749391', '678126488761', '10308', 1001215, '/231', '1001257', '2' );
insert into FIR.DISCREPANCY_RAW values(1001230,  sysdate, 1, '1', 20, 0.44323126200737, 0.687913132220466, '21', '2014', '427136749391', '782970760050', '10308', 1001215, '/231', '1001258', '2' );
insert into FIR.DISCREPANCY_RAW values(1001231,  sysdate, 1, '1', 20, 0.388330740569313, 0.0620148517480189, '21', '2014', '427136749391', '801950869147', '10308', 1001215, '/231', '1001259', '2' );
insert into FIR.DECLARATION values(1001216, '132441948570', '893740916', '8b9e6fd8-ef78-453a-8050-683e4615fafd', '11', '1111', 0, '22', 1, 1, 0, 0, 0, 0, 0 );
insert into FIR.DECLARATION values(1001217, '507098866058', '557676192', 'd9830c0f-6dc7-4d83-9a76-600ce8d62910', '11', '1111', 0, '22', 1, 1, 0, 0, 0, 0, 0 );
insert into FIR.DECLARATION values(1001218, '277673493705', '435739269', 'f4d198b3-415b-4c2c-96ff-01f9841164be', '11', '1111', 0, '22', 1, 1, 0, 0, 0, 0, 0 );
insert into FIR.DECLARATION values(1001219, '827857595163', '752458256', '5da2f510-8935-4b30-b124-a77f3204f70d', '11', '1111', 0, '22', 1, 1, 0, 0, 0, 0, 0 );
insert into FIR.DECLARATION values(1001220, '423948958545', '595913873', 'e01b9b3c-742a-4aae-bdf7-7e381c50cbee', '11', '1111', 0, '22', 1, 1, 0, 0, 0, 0, 0 );
insert into FIR.DECLARATION values(1001221, '866244355395', '309519747', '05ceda8f-b5aa-47b5-b10b-9a34dda5513c', '11', '1111', 0, '22', 1, 1, 0, 0, 0, 0, 0 );
insert into FIR.DECLARATION values(1001222, '156057500937', '939874807', '4cfcec55-aa6e-44aa-8f75-5295a83c5490', '11', '1111', 0, '22', 1, 1, 0, 0, 0, 0, 0 );
insert into FIR.DECLARATION values(1001223, '804114140543', '630312691', 'a1ee1e09-82e5-496d-82aa-6cc8ec361045', '11', '1111', 0, '22', 1, 1, 0, 0, 0, 0, 0 );
insert into FIR.DECLARATION values(1001224, '642329484236', '456222918', 'e17d2f5a-d0a5-4f92-975f-3bc4ea09cd30', '11', '1111', 0, '22', 1, 1, 0, 0, 0, 0, 0 );
insert into FIR.DECLARATION values(1001225, '499669660959', '538468626', '5c68b8b9-c9de-4b55-a3fd-b40ac0cf0abf', '11', '1111', 0, '22', 1, 1, 0, 0, 0, 0, 0 );
insert into FIR.DECLARATION values(1001226, '103117527783', '457832799', 'dc32784f-f295-4dfd-b46c-9020c3d39557', '11', '1111', 0, '22', 1, 1, 0, 0, 0, 0, 0 );
insert into FIR.DECLARATION values(1001227, '831928232219', '603765158', 'ba1796e2-a1ca-424b-ac98-b7cd085eac59', '11', '1111', 0, '22', 1, 1, 0, 0, 0, 0, 0 );
insert into FIR.DECLARATION values(1001228, '797081281265', '559078860', '85733d91-75f5-4e36-9bf9-bb17f740c7ca', '11', '1111', 0, '22', 1, 1, 0, 0, 0, 0, 0 );
insert into FIR.DECLARATION values(1001229, '907325271481', '153035248', 'b62b75cc-784d-427e-9f30-07af4339463a', '11', '1111', 0, '22', 1, 1, 0, 0, 0, 0, 0 );
insert into FIR.DECLARATION values(1001230, '259023620427', '883767170', '859bf065-4520-4f74-be76-2c36fa9391a6', '11', '1111', 0, '22', 1, 1, 0, 0, 0, 0, 0 );
insert into FIR.DECLARATION values(1001231, '192556296165', '369434574', '22cb5f21-6fa7-4b68-b57e-5146527c93c5', '11', '1111', 0, '22', 1, 1, 0, 0, 0, 0, 0 );
insert into FIR.DECLARATION values(1001232, '221815495767', '194956100', 'd47bf03e-6976-4b6c-9efe-67545f9f7af8', '11', '1111', 0, '22', 1, 1, 0, 0, 0, 0, 0 );
insert into FIR.DECLARATION values(1001233, '103297484981', '614627779', 'e7afe2b1-5ad7-4269-bf1e-7c2cfc7d5991', '11', '1111', 0, '22', 1, 1, 0, 0, 0, 0, 0 );
insert into FIR.DECLARATION values(1001234, '429473871841', '997520778', '41a343ad-8935-431b-a0e9-22ce168787d1', '11', '1111', 0, '22', 1, 1, 0, 0, 0, 0, 0 );
insert into FIR.DECLARATION values(1001235, '434887564670', '977372361', '3ad17ff3-f801-4018-8a33-c4f6fd476d1a', '11', '1111', 0, '22', 1, 1, 0, 0, 0, 0, 0 );
insert into FIR.DECLARATION values(1001236, '647697330768', '176240322', 'ef976da8-caf5-4c5a-a64a-69cc21da3710', '11', '1111', 0, '22', 1, 1, 0, 0, 0, 0, 0 );
insert into FIR.DECLARATION values(1001237, '525009500853', '331681519', '8d910429-c460-41e9-9db0-02fd6c903ac8', '11', '1111', 0, '22', 1, 1, 0, 0, 0, 0, 0 );
insert into FIR.DECLARATION values(1001238, '113990467409', '750090107', 'b47a170d-6a53-4011-a1dd-f633049524a9', '11', '1111', 0, '22', 1, 1, 0, 0, 0, 0, 0 );
insert into FIR.DECLARATION values(1001239, '851751921907', '301984168', '7663f1b1-85f2-4efe-a3fa-b5551db03776', '11', '1111', 0, '22', 1, 1, 0, 0, 0, 0, 0 );
insert into FIR.DECLARATION values(1001240, '334248856588', '787103858', '4b2738d0-fda5-4cdf-aa1b-d37e9dcc194a', '11', '1111', 0, '22', 1, 1, 0, 0, 0, 0, 0 );
insert into FIR.DECLARATION values(1001241, '656096845879', '489609706', '193479d2-0f36-4918-8872-d3396ee0b804', '11', '1111', 0, '22', 1, 1, 0, 0, 0, 0, 0 );
insert into FIR.DECLARATION values(1001242, '760122911221', '536657707', '43880ac8-50b4-411f-af51-1e079698e1e9', '11', '1111', 0, '22', 1, 1, 0, 0, 0, 0, 0 );
insert into FIR.DECLARATION values(1001243, '345285694869', '895472249', '1e51336d-6d45-40aa-b077-eb19bef7231d', '11', '1111', 0, '22', 1, 1, 0, 0, 0, 0, 0 );
insert into FIR.DECLARATION values(1001244, '924708708962', '566862711', 'd8643e2c-eb5b-4166-bf69-8104394583d7', '11', '1111', 0, '22', 1, 1, 0, 0, 0, 0, 0 );
insert into FIR.DECLARATION values(1001245, '226482946027', '369029810', '6ce272f1-f73d-4fe0-8462-eabb4ad49702', '11', '1111', 0, '22', 1, 1, 0, 0, 0, 0, 0 );
insert into FIR.DECLARATION values(1001246, '887065669528', '453668666', '1c4e5eb1-ee9f-408d-90f1-8006bcde0aa8', '11', '1111', 0, '22', 1, 1, 0, 0, 0, 0, 0 );
insert into FIR.DECLARATION values(1001247, '404889651975', '134723181', '4cac0454-8ad2-4938-9bac-decce6cb331c', '11', '1111', 0, '22', 1, 1, 0, 0, 0, 0, 0 );
insert into FIR.DECLARATION values(1001248, '848218632720', '431310867', 'e37c021b-60f0-45eb-a42d-0e4d004e6caf', '11', '1111', 0, '22', 1, 1, 0, 0, 0, 0, 0 );
insert into FIR.DECLARATION values(1001249, '273125607779', '636993581', '2b2bd513-dbdc-46f1-a743-49161f597881', '11', '1111', 0, '22', 1, 1, 0, 0, 0, 0, 0 );
insert into FIR.DECLARATION values(1001250, '599876464140', '220615371', '033b01f0-4dc4-4d69-a524-6cebe54e37de', '11', '1111', 0, '22', 1, 1, 0, 0, 0, 0, 0 );
insert into FIR.DECLARATION values(1001251, '642376106925', '693771807', '357e8987-1010-4df1-948d-38dd2afff1ef', '11', '1111', 0, '22', 1, 1, 0, 0, 0, 0, 0 );
insert into FIR.DECLARATION values(1001252, '190462660359', '993440476', '49d09e99-1c71-435b-af88-b8c6be9ba940', '11', '1111', 0, '22', 1, 1, 0, 0, 0, 0, 0 );
insert into FIR.DECLARATION values(1001253, '243000785436', '516919870', 'b5085dc2-8e0e-49d8-a3e8-471751926f99', '11', '1111', 0, '22', 1, 1, 0, 0, 0, 0, 0 );
insert into FIR.DECLARATION values(1001254, '213427217166', '757242927', 'ff7b1e7e-e7de-4e0b-a74d-7624223a1c46', '11', '1111', 0, '22', 1, 1, 0, 0, 0, 0, 0 );
insert into FIR.DECLARATION values(1001255, '156653569778', '344832873', '81a5f6c8-ba57-4a70-96cc-ded707ed8a50', '11', '1111', 0, '22', 1, 1, 0, 0, 0, 0, 0 );
insert into FIR.DECLARATION values(1001256, '123907599597', '726737464', '56da3b4a-2c0e-4361-8d89-bf68e8474cb5', '11', '1111', 0, '22', 1, 1, 0, 0, 0, 0, 0 );
insert into FIR.DECLARATION values(1001257, '333238829985', '712955737', '87530202-78bf-45e9-bc33-fd5b41d55530', '11', '1111', 0, '22', 1, 1, 0, 0, 0, 0, 0 );
insert into FIR.DECLARATION values(1001258, '313518394028', '237271471', '9452ec03-0fe8-4cff-9bb8-38a5522d08b4', '11', '1111', 0, '22', 1, 1, 0, 0, 0, 0, 0 );
insert into FIR.DECLARATION values(1001259, '371439305155', '205691679', 'bc470eb2-3eeb-4872-b220-3849f5a69041', '11', '1111', 0, '22', 1, 1, 0, 0, 0, 0, 0 );
insert into FIR.DECLARATION values(1001260, '895383510603', '729767196', 'de79c9b4-6ba0-4a3a-b0a7-884fe2260b93', '52', '5252', 1, '22', 1, 1, 44, 22.6003534107470674, 0.98638850496448, 0.0229763831118943, 0.5136443956987969863636363636 );
insert into FIR.DISCREPANCY_RAW values(1001232,  sysdate, 1, '1', 20, 0.590514703463071, 0.571526120217296, '22', '2014', '895383510603', '715170415123', '10309', 1001260, '/231', '1001261', '2' );
insert into FIR.DISCREPANCY_RAW values(1001233,  sysdate, 1, '1', 20, 0.695741318955897, 0.263602251775378, '22', '2014', '895383510603', '881022431663', '10309', 1001260, '/231', '1001262', '2' );
insert into FIR.DISCREPANCY_RAW values(1001234,  sysdate, 1, '1', 20, 0.223410771798068, 0.475064751913336, '22', '2014', '895383510603', '824407809172', '10309', 1001260, '/231', '1001263', '2' );
insert into FIR.DISCREPANCY_RAW values(1001235,  sysdate, 1, '1', 20, 0.164522780647745, 0.848885426693077, '22', '2014', '895383510603', '389214281611', '10309', 1001260, '/231', '1001264', '2' );
insert into FIR.DISCREPANCY_RAW values(1001236,  sysdate, 1, '1', 20, 0.544526845004655, 0.143094828418966, '22', '2014', '895383510603', '872363866473', '10310', 1001260, '/231', '1001265', '2' );
insert into FIR.DISCREPANCY_RAW values(1001237,  sysdate, 1, '1', 20, 0.847068159304125, 0.680797627978398, '22', '2014', '895383510603', '769806646295', '10310', 1001260, '/231', '1001266', '2' );
insert into FIR.DISCREPANCY_RAW values(1001238,  sysdate, 1, '1', 20, 0.813525251491706, 0.775598348945192, '22', '2014', '895383510603', '258122167696', '10310', 1001260, '/231', '1001267', '2' );
insert into FIR.DISCREPANCY_RAW values(1001239,  sysdate, 1, '1', 20, 0.665756699007822, 0.194550493357028, '22', '2014', '895383510603', '372966956528', '10310', 1001260, '/231', '1001268', '2' );
insert into FIR.DISCREPANCY_RAW values(1001240,  sysdate, 1, '1', 20, 0.359321093819719, 0.450001734984108, '22', '2014', '895383510603', '562398996201', '10311', 1001260, '/231', '1001269', '2' );
insert into FIR.DISCREPANCY_RAW values(1001241,  sysdate, 1, '1', 20, 0.721457179506056, 0.755607727801245, '22', '2014', '895383510603', '620760660975', '10311', 1001260, '/231', '1001270', '2' );
insert into FIR.DISCREPANCY_RAW values(1001242,  sysdate, 1, '1', 20, 0.0515907188186379, 0.826523090631945, '22', '2014', '895383510603', '889545444124', '10311', 1001260, '/231', '1001271', '2' );
insert into FIR.DISCREPANCY_RAW values(1001243,  sysdate, 1, '1', 20, 0.46772763061697, 0.70093235499269, '22', '2014', '895383510603', '568030975626', '10311', 1001260, '/231', '1001272', '2' );
insert into FIR.DISCREPANCY_RAW values(1001244,  sysdate, 1, '1', 20, 0.0163708562107621, 0.437065280711774, '22', '2014', '895383510603', '161586418779', '10312', 1001260, '/231', '1001273', '2' );
insert into FIR.DISCREPANCY_RAW values(1001245,  sysdate, 1, '1', 20, 0.379945100462039, 0.906703814355053, '22', '2014', '895383510603', '174713712913', '10312', 1001260, '/231', '1001274', '2' );
insert into FIR.DISCREPANCY_RAW values(1001246,  sysdate, 1, '1', 20, 0.986191884142436, 0.137411517155083, '22', '2014', '895383510603', '950931796830', '10312', 1001260, '/231', '1001275', '2' );
insert into FIR.DISCREPANCY_RAW values(1001247,  sysdate, 1, '1', 20, 0.103497351567958, 0.106245208581092, '22', '2014', '895383510603', '872549891439', '10312', 1001260, '/231', '1001276', '2' );
insert into FIR.DISCREPANCY_RAW values(1001248,  sysdate, 1, '1', 20, 0.880749919861904, 0.0321969660148942, '22', '2014', '895383510603', '836953247728', '10313', 1001260, '/231', '1001277', '2' );
insert into FIR.DISCREPANCY_RAW values(1001249,  sysdate, 1, '1', 20, 0.473196703229657, 0.894853655199918, '22', '2014', '895383510603', '942805727714', '10313', 1001260, '/231', '1001278', '2' );
insert into FIR.DISCREPANCY_RAW values(1001250,  sysdate, 1, '1', 20, 0.546718084973618, 0.5177235549864, '22', '2014', '895383510603', '927180127203', '10313', 1001260, '/231', '1001279', '2' );
insert into FIR.DISCREPANCY_RAW values(1001251,  sysdate, 1, '1', 20, 0.895255515303116, 0.81386255557363, '22', '2014', '895383510603', '383517121416', '10313', 1001260, '/231', '1001280', '2' );
insert into FIR.DISCREPANCY_RAW values(1001252,  sysdate, 1, '1', 20, 0.468069456269997, 0.595771001463649, '22', '2014', '895383510603', '194407847120', '10314', 1001260, '/231', '1001281', '2' );
insert into FIR.DISCREPANCY_RAW values(1001253,  sysdate, 1, '1', 20, 0.352994338307993, 0.234284120720943, '22', '2014', '895383510603', '514800310492', '10314', 1001260, '/231', '1001282', '2' );
insert into FIR.DISCREPANCY_RAW values(1001254,  sysdate, 1, '1', 20, 0.259015806605581, 0.856273716714361, '22', '2014', '895383510603', '426201904778', '10314', 1001260, '/231', '1001283', '2' );
insert into FIR.DISCREPANCY_RAW values(1001255,  sysdate, 1, '1', 20, 0.130385233150043, 0.265935268376924, '22', '2014', '895383510603', '334651409729', '10314', 1001260, '/231', '1001284', '2' );
insert into FIR.DISCREPANCY_RAW values(1001256,  sysdate, 1, '1', 20, 0.966621192622288, 0.0229763831118943, '22', '2014', '895383510603', '719897284128', '10315', 1001260, '/231', '1001285', '2' );
insert into FIR.DISCREPANCY_RAW values(1001257,  sysdate, 1, '1', 20, 0.930220583421281, 0.0582200852493849, '22', '2014', '895383510603', '632991843694', '10315', 1001260, '/231', '1001286', '2' );
insert into FIR.DISCREPANCY_RAW values(1001258,  sysdate, 1, '1', 20, 0.983585133675293, 0.673734972567174, '22', '2014', '895383510603', '809955961643', '10315', 1001260, '/231', '1001287', '2' );
insert into FIR.DISCREPANCY_RAW values(1001259,  sysdate, 1, '1', 20, 0.394103008971598, 0.230989080495662, '22', '2014', '895383510603', '957102342031', '10315', 1001260, '/231', '1001288', '2' );
insert into FIR.DISCREPANCY_RAW values(1001260,  sysdate, 1, '1', 20, 0.74109906085818, 0.313060811866569, '22', '2014', '895383510603', '280568877791', '10316', 1001260, '/231', '1001289', '2' );
insert into FIR.DISCREPANCY_RAW values(1001261,  sysdate, 1, '1', 20, 0.55257303805676, 0.106201200329792, '22', '2014', '895383510603', '987117490030', '10316', 1001260, '/231', '1001290', '2' );
insert into FIR.DISCREPANCY_RAW values(1001262,  sysdate, 1, '1', 20, 0.452655372886292, 0.612207524763517, '22', '2014', '895383510603', '560444142167', '10316', 1001260, '/231', '1001291', '2' );
insert into FIR.DISCREPANCY_RAW values(1001263,  sysdate, 1, '1', 20, 0.997265722135671, 0.98638850496448, '22', '2014', '895383510603', '125174619437', '10316', 1001260, '/231', '1001292', '2' );
insert into FIR.DISCREPANCY_RAW values(1001264,  sysdate, 1, '1', 20, 0.97569928503395, 0.720175193492405, '22', '2014', '895383510603', '759518475977', '10317', 1001260, '/231', '1001293', '2' );
insert into FIR.DISCREPANCY_RAW values(1001265,  sysdate, 1, '1', 20, 0.0243955999726409, 0.539673965209943, '22', '2014', '895383510603', '738421420668', '10317', 1001260, '/231', '1001294', '2' );
insert into FIR.DISCREPANCY_RAW values(1001266,  sysdate, 1, '1', 20, 0.560345744509411, 0.608826112285641, '22', '2014', '895383510603', '202480599835', '10317', 1001260, '/231', '1001295', '2' );
insert into FIR.DISCREPANCY_RAW values(1001267,  sysdate, 1, '1', 20, 0.41760646664426, 0.354055570137713, '22', '2014', '895383510603', '893827425371', '10317', 1001260, '/231', '1001296', '2' );
insert into FIR.DISCREPANCY_RAW values(1001268,  sysdate, 1, '1', 20, 0.57321761342381, 0.212503745319556, '22', '2014', '895383510603', '132959380732', '10318', 1001260, '/231', '1001297', '2' );
insert into FIR.DISCREPANCY_RAW values(1001269,  sysdate, 1, '1', 20, 0.827517482837438, 0.29057772564263, '22', '2014', '895383510603', '859007798490', '10318', 1001260, '/231', '1001298', '2' );
insert into FIR.DISCREPANCY_RAW values(1001270,  sysdate, 1, '1', 20, 0.666505128455584, 0.489928758931313, '22', '2014', '895383510603', '400917957547', '10318', 1001260, '/231', '1001299', '2' );
insert into FIR.DISCREPANCY_RAW values(1001271,  sysdate, 1, '1', 20, 0.834900185854593, 0.908176085403271, '22', '2014', '895383510603', '730866684722', '10318', 1001260, '/231', '1001300', '2' );
insert into FIR.DISCREPANCY_RAW values(1001272,  sysdate, 1, '1', 20, 0.0240210779123106, 0.183731252878779, '22', '2014', '895383510603', '678773524561', '10319', 1001260, '/231', '1001301', '2' );
insert into FIR.DISCREPANCY_RAW values(1001273,  sysdate, 1, '1', 20, 0.878683896213157, 0.931144376253311, '22', '2014', '895383510603', '557424398800', '10319', 1001260, '/231', '1001302', '2' );
insert into FIR.DISCREPANCY_RAW values(1001274,  sysdate, 1, '1', 20, 0.282031818424366, 0.893126599440876, '22', '2014', '895383510603', '347858367595', '10319', 1001260, '/231', '1001303', '2' );
insert into FIR.DISCREPANCY_RAW values(1001275,  sysdate, 1, '1', 20, 0.324444033822252, 0.980144044840776, '22', '2014', '895383510603', '286424515254', '10319', 1001260, '/231', '1001304', '2' );
insert into FIR.DECLARATION values(1001261, '144144787256', '111381123', '411a82e1-9f33-4146-b16a-2261b25d8e2e', '11', '1111', 0, '22', 1, 1, 0, 0, 0, 0, 0 );
insert into FIR.DECLARATION values(1001262, '626565734631', '191141782', 'aba0da85-bd66-436c-8607-ac3e08f1c809', '11', '1111', 0, '22', 1, 1, 0, 0, 0, 0, 0 );
insert into FIR.DECLARATION values(1001263, '107832808152', '409004414', '296fe5e4-afb0-4d85-b854-2b3b5c6ad8ec', '11', '1111', 0, '22', 1, 1, 0, 0, 0, 0, 0 );
insert into FIR.DECLARATION values(1001264, '458334416005', '100457836', '0108e059-5001-423e-b9fe-e29716e3d90d', '11', '1111', 0, '22', 1, 1, 0, 0, 0, 0, 0 );
insert into FIR.DECLARATION values(1001265, '335977606865', '411294614', '42508b67-e953-4fb9-88ca-62b27990e2cd', '11', '1111', 0, '22', 1, 1, 0, 0, 0, 0, 0 );
insert into FIR.DECLARATION values(1001266, '326300395705', '127595947', '62b7fdd4-f67c-42de-a755-649207e92565', '11', '1111', 0, '22', 1, 1, 0, 0, 0, 0, 0 );
insert into FIR.DECLARATION values(1001267, '482780247376', '287606401', 'fcbabefd-fe1b-4642-a441-70519ae17a09', '11', '1111', 0, '22', 1, 1, 0, 0, 0, 0, 0 );
insert into FIR.DECLARATION values(1001268, '384354305450', '568450277', 'fb098cd6-7018-4c1c-9d6f-c15c0e3a6851', '11', '1111', 0, '22', 1, 1, 0, 0, 0, 0, 0 );
insert into FIR.DECLARATION values(1001269, '821007857285', '791258749', '8b2ee2ed-eb93-4d53-b759-aba4755e187e', '11', '1111', 0, '22', 1, 1, 0, 0, 0, 0, 0 );
insert into FIR.DECLARATION values(1001270, '973599911201', '325019838', '4443cd01-e9e3-47de-ad00-30e91d78d1f4', '11', '1111', 0, '22', 1, 1, 0, 0, 0, 0, 0 );
insert into FIR.DECLARATION values(1001271, '407956455983', '790432525', '2297f3d4-e68c-4e72-9397-539940cc7f36', '11', '1111', 0, '22', 1, 1, 0, 0, 0, 0, 0 );
insert into FIR.DECLARATION values(1001272, '346754852505', '590993451', '06d11dcd-3b92-4824-b659-9390ad276d25', '11', '1111', 0, '22', 1, 1, 0, 0, 0, 0, 0 );
insert into FIR.DECLARATION values(1001273, '447513650176', '749543645', 'dba2107a-a144-490a-b40d-a015fd4e054a', '11', '1111', 0, '22', 1, 1, 0, 0, 0, 0, 0 );
insert into FIR.DECLARATION values(1001274, '421842144054', '228152693', 'ec884325-9a1f-4b9b-8284-99566427cf65', '11', '1111', 0, '22', 1, 1, 0, 0, 0, 0, 0 );
insert into FIR.DECLARATION values(1001275, '310350190601', '436662964', 'a0af77b8-6dcf-4860-a8b5-b60db673e9e9', '11', '1111', 0, '22', 1, 1, 0, 0, 0, 0, 0 );
insert into FIR.DECLARATION values(1001276, '548325509523', '240033800', '9314895f-808d-4919-80fc-2b821c010568', '11', '1111', 0, '22', 1, 1, 0, 0, 0, 0, 0 );
insert into FIR.DECLARATION values(1001277, '295989970265', '752224581', '1461b806-6e66-4ad0-b63f-ef879e89ddd2', '11', '1111', 0, '22', 1, 1, 0, 0, 0, 0, 0 );
insert into FIR.DECLARATION values(1001278, '865952402480', '248918778', 'e5c0cfb0-be22-43b2-ab94-f55b1c5e358c', '11', '1111', 0, '22', 1, 1, 0, 0, 0, 0, 0 );
insert into FIR.DECLARATION values(1001279, '365483702648', '883175823', 'c197cf85-0d9e-4fc5-a2b9-32348efed07e', '11', '1111', 0, '22', 1, 1, 0, 0, 0, 0, 0 );
insert into FIR.DECLARATION values(1001280, '978307432983', '384792653', 'a8619284-3039-4fb1-9d41-023544231953', '11', '1111', 0, '22', 1, 1, 0, 0, 0, 0, 0 );
insert into FIR.DECLARATION values(1001281, '479400206272', '103439104', 'bd946013-6c6f-428f-899d-6ed1b787d615', '11', '1111', 0, '22', 1, 1, 0, 0, 0, 0, 0 );
insert into FIR.DECLARATION values(1001282, '885691703241', '576543302', '927851e9-7a41-4bd0-a6b9-43733e98532b', '11', '1111', 0, '22', 1, 1, 0, 0, 0, 0, 0 );
insert into FIR.DECLARATION values(1001283, '321997867395', '745713831', '4b227e17-e859-4d4a-b474-f53f69090d46', '11', '1111', 0, '22', 1, 1, 0, 0, 0, 0, 0 );
insert into FIR.DECLARATION values(1001284, '895081630014', '202916529', '58d57d9e-f98d-4c96-b780-225a99f71d8a', '11', '1111', 0, '22', 1, 1, 0, 0, 0, 0, 0 );
insert into FIR.DECLARATION values(1001285, '896977514339', '995965461', '53c6206d-cc7d-4be2-96ec-39be36f63c95', '11', '1111', 0, '22', 1, 1, 0, 0, 0, 0, 0 );
insert into FIR.DECLARATION values(1001286, '738608780642', '307464657', '8679a1d4-9bb6-4ec8-984a-1b552cbf4815', '11', '1111', 0, '22', 1, 1, 0, 0, 0, 0, 0 );
insert into FIR.DECLARATION values(1001287, '940984610866', '290993489', '5adf929b-27fa-43fe-bffb-4543baa44bab', '11', '1111', 0, '22', 1, 1, 0, 0, 0, 0, 0 );
insert into FIR.DECLARATION values(1001288, '375603234839', '418752413', '30e23991-eb19-4313-a8b1-bf839cc2df82', '11', '1111', 0, '22', 1, 1, 0, 0, 0, 0, 0 );
insert into FIR.DECLARATION values(1001289, '604803715196', '944247799', '6264b972-7931-4826-9e3e-b427ceaca710', '11', '1111', 0, '22', 1, 1, 0, 0, 0, 0, 0 );
insert into FIR.DECLARATION values(1001290, '407351978028', '966374747', 'fb25c682-358c-491b-ac09-7ca6094a63ba', '11', '1111', 0, '22', 1, 1, 0, 0, 0, 0, 0 );
insert into FIR.DECLARATION values(1001291, '749781649540', '404457268', 'af6be3e2-7b71-4a2e-a419-ae83e1759a8e', '11', '1111', 0, '22', 1, 1, 0, 0, 0, 0, 0 );
insert into FIR.DECLARATION values(1001292, '295692879727', '308511363', '0319fc48-e5a6-4874-bd56-79fb35fedb7e', '11', '1111', 0, '22', 1, 1, 0, 0, 0, 0, 0 );
insert into FIR.DECLARATION values(1001293, '979192228903', '107754284', 'f76e51eb-2926-4687-b93f-02947a65b3f5', '11', '1111', 0, '22', 1, 1, 0, 0, 0, 0, 0 );
insert into FIR.DECLARATION values(1001294, '948991677940', '470028552', '074647a5-af56-4336-b26e-8f3270a00e64', '11', '1111', 0, '22', 1, 1, 0, 0, 0, 0, 0 );
insert into FIR.DECLARATION values(1001295, '858052728976', '532506479', 'c84c4c38-667d-4feb-8725-123644ee8423', '11', '1111', 0, '22', 1, 1, 0, 0, 0, 0, 0 );
insert into FIR.DECLARATION values(1001296, '510225743429', '389411145', '94c888d6-a79f-42ca-8a6c-56a548e6dc4a', '11', '1111', 0, '22', 1, 1, 0, 0, 0, 0, 0 );
insert into FIR.DECLARATION values(1001297, '163242716682', '460818116', 'a369e1e1-bd54-4631-a986-ccc6726bd288', '11', '1111', 0, '22', 1, 1, 0, 0, 0, 0, 0 );
insert into FIR.DECLARATION values(1001298, '384815546806', '206825627', '5b53d058-f2d1-4abe-98f9-96fb5ac373a6', '11', '1111', 0, '22', 1, 1, 0, 0, 0, 0, 0 );
insert into FIR.DECLARATION values(1001299, '739077942299', '391997779', 'ed075eff-a62e-4bcf-ac7e-b5b325ab2a17', '11', '1111', 0, '22', 1, 1, 0, 0, 0, 0, 0 );
insert into FIR.DECLARATION values(1001300, '538169657460', '934714960', 'f1fc19af-a25a-4ca8-ab46-54f7e3a7b7f8', '11', '1111', 0, '22', 1, 1, 0, 0, 0, 0, 0 );
insert into FIR.DECLARATION values(1001301, '366718825618', '317381379', 'c5ed8f7b-d1d1-482d-bef3-92459d8c751c', '11', '1111', 0, '22', 1, 1, 0, 0, 0, 0, 0 );
insert into FIR.DECLARATION values(1001302, '736392482764', '532191873', 'feb2bd57-cfe7-45e3-929d-e05dba9a8be4', '11', '1111', 0, '22', 1, 1, 0, 0, 0, 0, 0 );
insert into FIR.DECLARATION values(1001303, '262332912069', '300446786', '3d70d70b-2d7c-4e05-86f6-d2d6cd92b8fd', '11', '1111', 0, '22', 1, 1, 0, 0, 0, 0, 0 );
insert into FIR.DECLARATION values(1001304, '255183392306', '951910174', '50c53903-8282-46e9-96c6-76f690ab13d0', '11', '1111', 0, '22', 1, 1, 0, 0, 0, 0, 0 );
insert into FIR.DECLARATION values(1001305, '561729258474', '199825795', '21d1dcf5-418f-49cc-86ce-0dbc28f5bad2', '52', '5252', 1, '23', 1, 1, 44, 24.3043469923102974, 0.987943084904898, 0.0433077286199237, 0.5523715225525067590909090909 );
insert into FIR.DISCREPANCY_RAW values(1001276,  sysdate, 1, '1', 20, 0.391665495183163, 0.438121858256926, '23', '2014', '561729258474', '352019314594', '10320', 1001305, '/231', '1001306', '2' );
insert into FIR.DISCREPANCY_RAW values(1001277,  sysdate, 1, '1', 20, 0.172035208517702, 0.651336591062758, '23', '2014', '561729258474', '742687446012', '10320', 1001305, '/231', '1001307', '2' );
insert into FIR.DISCREPANCY_RAW values(1001278,  sysdate, 1, '1', 20, 0.49090044688941, 0.0575789101689956, '23', '2014', '561729258474', '141395626940', '10320', 1001305, '/231', '1001308', '2' );
insert into FIR.DISCREPANCY_RAW values(1001279,  sysdate, 1, '1', 20, 0.527570955235311, 0.685597477334364, '23', '2014', '561729258474', '372570557791', '10320', 1001305, '/231', '1001309', '2' );
insert into FIR.DISCREPANCY_RAW values(1001280,  sysdate, 1, '1', 20, 0.235343686880238, 0.130770688471743, '23', '2014', '561729258474', '462970776239', '10321', 1001305, '/231', '1001310', '2' );
insert into FIR.DISCREPANCY_RAW values(1001281,  sysdate, 1, '1', 20, 0.0256867506660925, 0.960386393573315, '23', '2014', '561729258474', '407735290510', '10321', 1001305, '/231', '1001311', '2' );
insert into FIR.DISCREPANCY_RAW values(1001282,  sysdate, 1, '1', 20, 0.227888014739327, 0.293946367825356, '23', '2014', '561729258474', '933757235383', '10321', 1001305, '/231', '1001312', '2' );
insert into FIR.DISCREPANCY_RAW values(1001283,  sysdate, 1, '1', 20, 0.704038239412028, 0.850450783898332, '23', '2014', '561729258474', '954180257286', '10321', 1001305, '/231', '1001313', '2' );
insert into FIR.DISCREPANCY_RAW values(1001284,  sysdate, 1, '1', 20, 0.515007881687492, 0.314709211846212, '23', '2014', '561729258474', '445320666232', '10322', 1001305, '/231', '1001314', '2' );
insert into FIR.DISCREPANCY_RAW values(1001285,  sysdate, 1, '1', 20, 0.294240505571589, 0.483341097125477, '23', '2014', '561729258474', '811410788833', '10322', 1001305, '/231', '1001315', '2' );
insert into FIR.DISCREPANCY_RAW values(1001286,  sysdate, 1, '1', 20, 0.467034471904409, 0.401061327849078, '23', '2014', '561729258474', '340237333317', '10322', 1001305, '/231', '1001316', '2' );
insert into FIR.DISCREPANCY_RAW values(1001287,  sysdate, 1, '1', 20, 0.770926323612652, 0.455703864551943, '23', '2014', '561729258474', '632234846386', '10322', 1001305, '/231', '1001317', '2' );
insert into FIR.DISCREPANCY_RAW values(1001288,  sysdate, 1, '1', 20, 0.146852787186789, 0.460109927440113, '23', '2014', '561729258474', '536139655711', '10323', 1001305, '/231', '1001318', '2' );
insert into FIR.DISCREPANCY_RAW values(1001289,  sysdate, 1, '1', 20, 0.666797526956907, 0.920950605497207, '23', '2014', '561729258474', '369162998673', '10323', 1001305, '/231', '1001319', '2' );
insert into FIR.DISCREPANCY_RAW values(1001290,  sysdate, 1, '1', 20, 0.00191047741189156, 0.867526237791184, '23', '2014', '561729258474', '929136392817', '10323', 1001305, '/231', '1001320', '2' );
insert into FIR.DISCREPANCY_RAW values(1001291,  sysdate, 1, '1', 20, 0.858742745527412, 0.912769447971494, '23', '2014', '561729258474', '640356170625', '10323', 1001305, '/231', '1001321', '2' );
insert into FIR.DISCREPANCY_RAW values(1001292,  sysdate, 1, '1', 20, 0.33809495081105, 0.695966651987269, '23', '2014', '561729258474', '809426360460', '10324', 1001305, '/231', '1001322', '2' );
insert into FIR.DISCREPANCY_RAW values(1001293,  sysdate, 1, '1', 20, 0.280355184003876, 0.43024458383687, '23', '2014', '561729258474', '547101109419', '10324', 1001305, '/231', '1001323', '2' );
insert into FIR.DISCREPANCY_RAW values(1001294,  sysdate, 1, '1', 20, 0.0550632667984177, 0.202729165182788, '23', '2014', '561729258474', '995548888814', '10324', 1001305, '/231', '1001324', '2' );
insert into FIR.DISCREPANCY_RAW values(1001295,  sysdate, 1, '1', 20, 0.941519793095775, 0.0433077286199237, '23', '2014', '561729258474', '913462832576', '10324', 1001305, '/231', '1001325', '2' );
insert into FIR.DISCREPANCY_RAW values(1001296,  sysdate, 1, '1', 20, 0.62128524837144, 0.678717844969927, '23', '2014', '561729258474', '895588762824', '10325', 1001305, '/231', '1001326', '2' );
insert into FIR.DISCREPANCY_RAW values(1001297,  sysdate, 1, '1', 20, 0.516029440106838, 0.670838619894739, '23', '2014', '561729258474', '815915166842', '10325', 1001305, '/231', '1001327', '2' );
insert into FIR.DISCREPANCY_RAW values(1001298,  sysdate, 1, '1', 20, 0.544940694023362, 0.051141307713064, '23', '2014', '561729258474', '770194236010', '10325', 1001305, '/231', '1001328', '2' );
insert into FIR.DISCREPANCY_RAW values(1001299,  sysdate, 1, '1', 20, 0.53333674768607, 0.902035523160377, '23', '2014', '561729258474', '343343720438', '10325', 1001305, '/231', '1001329', '2' );
insert into FIR.DISCREPANCY_RAW values(1001300,  sysdate, 1, '1', 20, 0.652225767100335, 0.964058957977248, '23', '2014', '561729258474', '484561400613', '10326', 1001305, '/231', '1001330', '2' );
insert into FIR.DISCREPANCY_RAW values(1001301,  sysdate, 1, '1', 20, 0.260299460617965, 0.987943084904898, '23', '2014', '561729258474', '231725673308', '10326', 1001305, '/231', '1001331', '2' );
insert into FIR.DISCREPANCY_RAW values(1001302,  sysdate, 1, '1', 20, 0.246956073794028, 0.0585418227401291, '23', '2014', '561729258474', '528811704381', '10326', 1001305, '/231', '1001332', '2' );
insert into FIR.DISCREPANCY_RAW values(1001303,  sysdate, 1, '1', 20, 0.0711622136045071, 0.390153939086084, '23', '2014', '561729258474', '618480303255', '10326', 1001305, '/231', '1001333', '2' );
insert into FIR.DISCREPANCY_RAW values(1001304,  sysdate, 1, '1', 20, 0.341919910321906, 0.69787106416089, '23', '2014', '561729258474', '864600854724', '10327', 1001305, '/231', '1001334', '2' );
insert into FIR.DISCREPANCY_RAW values(1001305,  sysdate, 1, '1', 20, 0.971316676107848, 0.754555592199115, '23', '2014', '561729258474', '349478911239', '10327', 1001305, '/231', '1001335', '2' );
insert into FIR.DISCREPANCY_RAW values(1001306,  sysdate, 1, '1', 20, 0.477267608268777, 0.9515236723011, '23', '2014', '561729258474', '476796842636', '10327', 1001305, '/231', '1001336', '2' );
insert into FIR.DISCREPANCY_RAW values(1001307,  sysdate, 1, '1', 20, 0.141762848078163, 0.583035299825964, '23', '2014', '561729258474', '972356127753', '10327', 1001305, '/231', '1001337', '2' );
insert into FIR.DISCREPANCY_RAW values(1001308,  sysdate, 1, '1', 20, 0.510795414685642, 0.205263775403269, '23', '2014', '561729258474', '514441154101', '10328', 1001305, '/231', '1001338', '2' );
insert into FIR.DISCREPANCY_RAW values(1001309,  sysdate, 1, '1', 20, 0.270684236320986, 0.585687476017367, '23', '2014', '561729258474', '406114782150', '10328', 1001305, '/231', '1001339', '2' );
insert into FIR.DISCREPANCY_RAW values(1001310,  sysdate, 1, '1', 20, 0.929364231382201, 0.28008837638427, '23', '2014', '561729258474', '361345483818', '10328', 1001305, '/231', '1001340', '2' );
insert into FIR.DISCREPANCY_RAW values(1001311,  sysdate, 1, '1', 20, 0.213627278438596, 0.33264677055769, '23', '2014', '561729258474', '845056663019', '10328', 1001305, '/231', '1001341', '2' );
insert into FIR.DISCREPANCY_RAW values(1001312,  sysdate, 1, '1', 20, 0.0313142798986818, 0.196161349395365, '23', '2014', '561729258474', '984218973726', '10329', 1001305, '/231', '1001342', '2' );
insert into FIR.DISCREPANCY_RAW values(1001313,  sysdate, 1, '1', 20, 0.10958187194056, 0.789142805519115, '23', '2014', '561729258474', '648163494734', '10329', 1001305, '/231', '1001343', '2' );
insert into FIR.DISCREPANCY_RAW values(1001314,  sysdate, 1, '1', 20, 0.983025684013509, 0.67402110419889, '23', '2014', '561729258474', '285479715321', '10329', 1001305, '/231', '1001344', '2' );
insert into FIR.DISCREPANCY_RAW values(1001315,  sysdate, 1, '1', 20, 0.267750350883114, 0.661866727127632, '23', '2014', '561729258474', '576634577929', '10329', 1001305, '/231', '1001345', '2' );
insert into FIR.DISCREPANCY_RAW values(1001316,  sysdate, 1, '1', 20, 0.0435939165966557, 0.273257412609298, '23', '2014', '561729258474', '919624609957', '10330', 1001305, '/231', '1001346', '2' );
insert into FIR.DISCREPANCY_RAW values(1001317,  sysdate, 1, '1', 20, 0.691813179148274, 0.777369143337649, '23', '2014', '561729258474', '462846492799', '10330', 1001305, '/231', '1001347', '2' );
insert into FIR.DISCREPANCY_RAW values(1001318,  sysdate, 1, '1', 20, 0.501520304708518, 0.822571640751591, '23', '2014', '561729258474', '600039369231', '10330', 1001305, '/231', '1001348', '2' );
insert into FIR.DISCREPANCY_RAW values(1001319,  sysdate, 1, '1', 20, 0.763517829479425, 0.759244761783278, '23', '2014', '561729258474', '314593527680', '10330', 1001305, '/231', '1001349', '2' );
insert into FIR.DECLARATION values(1001306, '645221931229', '981247175', 'e364cf5e-357f-4408-848e-54c674aea0a6', '11', '1111', 0, '21', 1, 1, 0, 0, 0, 0, 0 );
insert into FIR.DECLARATION values(1001307, '965937617557', '670432862', 'a21eeca1-3256-4ed6-b740-1b120894d6fc', '11', '1111', 0, '21', 1, 1, 0, 0, 0, 0, 0 );
insert into FIR.DECLARATION values(1001308, '184654412624', '674608201', 'aa0978b5-0424-4a2c-a91e-62e04915bb1c', '11', '1111', 0, '21', 1, 1, 0, 0, 0, 0, 0 );
insert into FIR.DECLARATION values(1001309, '927740136003', '291600172', '729568b4-f78e-4a73-9ca5-7366542d4081', '11', '1111', 0, '21', 1, 1, 0, 0, 0, 0, 0 );
insert into FIR.DECLARATION values(1001310, '537477869161', '661023469', '39cf097a-ecc3-40c4-ab7b-cd0fd1299b8b', '11', '1111', 0, '21', 1, 1, 0, 0, 0, 0, 0 );
insert into FIR.DECLARATION values(1001311, '232473534881', '450244630', 'aca433c6-c118-4dad-9423-18e9b2fe7128', '11', '1111', 0, '21', 1, 1, 0, 0, 0, 0, 0 );
insert into FIR.DECLARATION values(1001312, '514770708818', '331091460', 'e9e65017-99af-4112-879d-b881ee88a190', '11', '1111', 0, '21', 1, 1, 0, 0, 0, 0, 0 );
insert into FIR.DECLARATION values(1001313, '144834538025', '249641143', 'f2e1cdfc-77f7-4580-8817-3beb454afeb8', '11', '1111', 0, '21', 1, 1, 0, 0, 0, 0, 0 );
insert into FIR.DECLARATION values(1001314, '801537757244', '219739340', '0af39be6-e4cc-4414-bf62-41cff525cc41', '11', '1111', 0, '21', 1, 1, 0, 0, 0, 0, 0 );
insert into FIR.DECLARATION values(1001315, '361800803241', '435025722', '10a55558-499c-4eed-83c5-ade4f7ac845b', '11', '1111', 0, '21', 1, 1, 0, 0, 0, 0, 0 );
insert into FIR.DECLARATION values(1001316, '803169660212', '262268330', '7fd512f8-2de7-424e-9b3d-b030e46328c3', '11', '1111', 0, '21', 1, 1, 0, 0, 0, 0, 0 );
insert into FIR.DECLARATION values(1001317, '701784865304', '177960823', '65153984-59f1-4fc5-9e42-ff1c62e76f75', '11', '1111', 0, '21', 1, 1, 0, 0, 0, 0, 0 );
insert into FIR.DECLARATION values(1001318, '767156680149', '776411187', '196ea996-67b7-4abe-bf70-2d6b3471f722', '11', '1111', 0, '21', 1, 1, 0, 0, 0, 0, 0 );
insert into FIR.DECLARATION values(1001319, '899170351604', '762518335', '7d33a90d-9eab-49a9-9324-6943e79a0769', '11', '1111', 0, '21', 1, 1, 0, 0, 0, 0, 0 );
insert into FIR.DECLARATION values(1001320, '929241646141', '262920285', 'd27bac4e-fa31-4eb2-80df-b5013dd06505', '11', '1111', 0, '21', 1, 1, 0, 0, 0, 0, 0 );
insert into FIR.DECLARATION values(1001321, '657035347934', '215889815', '4bcdc92c-3802-4941-8045-b6d566aef542', '11', '1111', 0, '21', 1, 1, 0, 0, 0, 0, 0 );
insert into FIR.DECLARATION values(1001322, '136419907544', '429073883', '45340209-5e6c-4d14-879c-5679a11e9334', '11', '1111', 0, '21', 1, 1, 0, 0, 0, 0, 0 );
insert into FIR.DECLARATION values(1001323, '575811877564', '668325533', '31d158b8-e48d-46fb-95f1-75bed482f330', '11', '1111', 0, '21', 1, 1, 0, 0, 0, 0, 0 );
insert into FIR.DECLARATION values(1001324, '357000368172', '622455885', '43f29479-0d7d-408d-8e9d-a54f2d018465', '11', '1111', 0, '21', 1, 1, 0, 0, 0, 0, 0 );
insert into FIR.DECLARATION values(1001325, '816593855637', '114967810', '187c8a08-9645-46d8-b838-66e945c5ed31', '11', '1111', 0, '21', 1, 1, 0, 0, 0, 0, 0 );
insert into FIR.DECLARATION values(1001326, '690436975424', '895435845', '4ff7f277-7feb-47f5-81cb-c9e5aea1b7c1', '11', '1111', 0, '21', 1, 1, 0, 0, 0, 0, 0 );
insert into FIR.DECLARATION values(1001327, '448055137897', '151172315', '83e9e01d-949b-4acd-ab92-ad6afa0a8855', '11', '1111', 0, '21', 1, 1, 0, 0, 0, 0, 0 );
insert into FIR.DECLARATION values(1001328, '881680531528', '677673545', 'c2fce079-1c6c-4e26-8340-6214171af45a', '11', '1111', 0, '21', 1, 1, 0, 0, 0, 0, 0 );
insert into FIR.DECLARATION values(1001329, '307171380331', '962798401', '60d85e44-afe3-4371-ac60-9f9c30f21a88', '11', '1111', 0, '21', 1, 1, 0, 0, 0, 0, 0 );
insert into FIR.DECLARATION values(1001330, '354936180990', '371258322', '2ce10e43-45be-47d3-a536-6142b027c5b7', '11', '1111', 0, '21', 1, 1, 0, 0, 0, 0, 0 );
insert into FIR.DECLARATION values(1001331, '178581206033', '117136256', 'd00a39a5-0da2-4ae5-b4c4-edd4da4432c7', '11', '1111', 0, '21', 1, 1, 0, 0, 0, 0, 0 );
insert into FIR.DECLARATION values(1001332, '357134155641', '229753189', '66b861fa-127a-4715-b7e1-71e51aafff57', '11', '1111', 0, '21', 1, 1, 0, 0, 0, 0, 0 );
insert into FIR.DECLARATION values(1001333, '582197556991', '644065650', 'd25a9e61-080b-4a22-968c-f550c8d8838d', '11', '1111', 0, '21', 1, 1, 0, 0, 0, 0, 0 );
insert into FIR.DECLARATION values(1001334, '129321948446', '198621926', '45498d51-f79e-49da-9035-e90d191f02c7', '11', '1111', 0, '21', 1, 1, 0, 0, 0, 0, 0 );
insert into FIR.DECLARATION values(1001335, '799976657990', '486804409', '52fec5ee-d2cb-45ae-84c9-3941216bb054', '11', '1111', 0, '21', 1, 1, 0, 0, 0, 0, 0 );
insert into FIR.DECLARATION values(1001336, '367095795461', '821706986', '7a2b0210-ef2d-4eb2-b0ce-fcb4f15e1c2e', '11', '1111', 0, '21', 1, 1, 0, 0, 0, 0, 0 );
insert into FIR.DECLARATION values(1001337, '963536742510', '782124341', '72924bd0-862a-4f82-b96c-26ca4fe84692', '11', '1111', 0, '21', 1, 1, 0, 0, 0, 0, 0 );
insert into FIR.DECLARATION values(1001338, '550322519780', '407344741', '600c1407-56bb-440b-9ca6-71177a4d9ade', '11', '1111', 0, '21', 1, 1, 0, 0, 0, 0, 0 );
insert into FIR.DECLARATION values(1001339, '470520252489', '947028744', 'd2fdf9c9-e68c-4354-823d-836f9a60b624', '11', '1111', 0, '21', 1, 1, 0, 0, 0, 0, 0 );
insert into FIR.DECLARATION values(1001340, '297572776482', '767937555', '8d180f9e-da1c-4c26-827d-a153fca22c87', '11', '1111', 0, '21', 1, 1, 0, 0, 0, 0, 0 );
insert into FIR.DECLARATION values(1001341, '741695268375', '507436966', 'c40b386f-c04c-4668-a025-51afbc62eba3', '11', '1111', 0, '21', 1, 1, 0, 0, 0, 0, 0 );
insert into FIR.DECLARATION values(1001342, '467971995460', '338590744', '2ee31c28-1b4a-4d7d-9f0d-ee2557f2fc9d', '11', '1111', 0, '21', 1, 1, 0, 0, 0, 0, 0 );
insert into FIR.DECLARATION values(1001343, '978737239270', '994354967', '7b3823dc-4db6-44d7-9103-891b8345f99d', '11', '1111', 0, '21', 1, 1, 0, 0, 0, 0, 0 );
insert into FIR.DECLARATION values(1001344, '340780613902', '212371702', 'e0fbf772-f8a5-4566-a0c0-6a33d1e83c63', '11', '1111', 0, '21', 1, 1, 0, 0, 0, 0, 0 );
insert into FIR.DECLARATION values(1001345, '454593930409', '150613741', 'a2d9192d-34be-48e4-8d5c-7d2bf639c49d', '11', '1111', 0, '21', 1, 1, 0, 0, 0, 0, 0 );
insert into FIR.DECLARATION values(1001346, '511656823519', '353611401', 'b157d65b-908b-4308-9046-47da99345ca1', '11', '1111', 0, '21', 1, 1, 0, 0, 0, 0, 0 );
insert into FIR.DECLARATION values(1001347, '982763418614', '507060417', 'fc5f73bd-da19-418c-b779-f0040911583b', '11', '1111', 0, '21', 1, 1, 0, 0, 0, 0, 0 );
insert into FIR.DECLARATION values(1001348, '396575887686', '874236987', '4bb4e237-8a9e-4265-b510-d85086a8f9ea', '11', '1111', 0, '21', 1, 1, 0, 0, 0, 0, 0 );
insert into FIR.DECLARATION values(1001349, '896650753619', '425215544', '66865e8c-9175-43cf-a309-9830c424b7d7', '11', '1111', 0, '21', 1, 1, 0, 0, 0, 0, 0 );
insert into FIR.Declaration_summary values(1000000, to_date('19.07.2012', 'dd.mm.yyyy'), '602995915423', '497959978', '346333362715', '520582669392', '522560983935', '52', '5252', '1', to_date('30.01.2012', 'dd.mm.yyyy'), '876132995811', '12', 0.677181149216919, '23', '2014', to_date('01.11.2012', 'dd.mm.yyyy'), 1, '835216863245', 0.991902175355657, 667, 902, 355, 948, 711, 611, 349, 149, 964, 539, 378, 495, 979, 482, 898, 0.0326251946541598, 0.699941983772415, 0.526284142642414, 995, 0.934018650527121, 384, 0.687620282493355, 36, 0.546815434259742, 892, 382, 104, 967, 10 );
insert into FIR.Declaration_summary values(1000045, to_date('24.03.2014', 'dd.mm.yyyy'), '134546917692', '953721144', '424794119786', '118024585295', '897148753718', '52', '5252', '1', to_date('31.05.2013', 'dd.mm.yyyy'), '189782498628', '12', 0.201241827197951, '21', '2014', to_date('18.10.2012', 'dd.mm.yyyy'), 1, '383407440955', 0.751279316726736, 958, 699, 212, 56, 601, 546, 460, 829, 477, 90, 34, 821, 660, 262, 649, 0.288673556078539, 0.0149256391520266, 0.928974206526286, 101, 0.0501646143617875, 612, 0.486314431059321, 539, 0.305219454367282, 760, 363, 964, 25, 3 );
insert into FIR.Declaration_summary values(1000090, to_date('08.08.2014', 'dd.mm.yyyy'), '444888570331', '740869629', '359477579822', '758928133788', '109982155855', '52', '5252', '1', to_date('22.07.2012', 'dd.mm.yyyy'), '228349385786', '12', 0.512797980342432, '22', '2014', to_date('10.04.2013', 'dd.mm.yyyy'), 1, '620129795823', 0.708571429228676, 668, 207, 988, 938, 90, 363, 136, 669, 717, 539, 506, 361, 147, 997, 603, 0.236005132662135, 0.0580368908392437, 0.400538050290448, 342, 0.482956035287565, 658, 0.353583461304001, 316, 0.156524072939774, 194, 917, 421, 248, 11 );
insert into FIR.Declaration_summary values(1000135, to_date('04.04.2012', 'dd.mm.yyyy'), '559888829816', '663419427', '927733757917', '296822650008', '475618283102', '52', '5252', '1', to_date('04.05.2013', 'dd.mm.yyyy'), '211484251940', '12', 0.546019909692006, '22', '2014', to_date('21.07.2012', 'dd.mm.yyyy'), 1, '414573985938', 0.652940910613602, 360, 475, 271, 839, 679, 618, 991, 447, 754, 10, 832, 720, 589, 946, 140, 0.380728222607043, 0.468181566087614, 0.414872280049544, 413, 0.417839336869232, 613, 0.9626754736354, 682, 0.501155873528289, 393, 88, 695, 209, 19 );
insert into FIR.Declaration_summary values(1000180, to_date('02.08.2013', 'dd.mm.yyyy'), '474041811364', '573441749', '885070612603', '445852161747', '210826772719', '52', '5252', '1', to_date('30.03.2014', 'dd.mm.yyyy'), '180818305825', '12', 0.96939255388891, '23', '2014', to_date('22.03.2012', 'dd.mm.yyyy'), 1, '254252142917', 0.0829677121168784, 215, 119, 281, 922, 8, 810, 876, 776, 367, 995, 977, 404, 899, 211, 872, 0.122055667509351, 0.68353936806486, 0.883397329544368, 332, 0.482781753634467, 600, 0.0675864350365412, 628, 0.182901476129378, 375, 722, 231, 51, 19 );
insert into FIR.Declaration_summary values(1000225, to_date('19.08.2012', 'dd.mm.yyyy'), '231696737238', '675673183', '534583900724', '956495627451', '740816422916', '52', '5252', '1', to_date('24.04.2013', 'dd.mm.yyyy'), '949624786703', '12', 0.626566975669268, '22', '2014', to_date('09.01.2012', 'dd.mm.yyyy'), 1, '127166287195', 0.123488438838855, 243, 749, 532, 506, 220, 328, 398, 699, 908, 709, 559, 582, 114, 685, 23, 0.964842354862412, 0.743229496638863, 0.230248535624821, 758, 0.428470613168772, 55, 0.708210711231553, 836, 0.646425345282268, 65, 130, 12, 939, 3 );
insert into FIR.Declaration_summary values(1000270, to_date('04.04.2014', 'dd.mm.yyyy'), '799444498724', '452576570', '375300258767', '571646309032', '765919170278', '52', '5252', '1', to_date('25.01.2013', 'dd.mm.yyyy'), '243611556642', '12', 0.999727351125203, '23', '2014', to_date('13.01.2014', 'dd.mm.yyyy'), 1, '397595202042', 0.733005612964279, 864, 392, 5, 624, 850, 738, 16, 328, 323, 430, 844, 444, 931, 983, 598, 0.62677955237533, 0.282481857241356, 0.765256767983202, 611, 0.291816002825189, 464, 0.103019850376537, 763, 0.0941445529899302, 824, 318, 605, 68, 8 );
insert into FIR.Declaration_summary values(1000315, to_date('25.11.2013', 'dd.mm.yyyy'), '268427778530', '430342684', '228224560559', '652526539380', '510472185361', '52', '5252', '1', to_date('25.08.2014', 'dd.mm.yyyy'), '612756664247', '12', 0.484188201131387, '23', '2014', to_date('21.03.2013', 'dd.mm.yyyy'), 1, '652244260685', 0.294968607507166, 492, 956, 951, 170, 604, 898, 587, 618, 24, 195, 480, 250, 784, 891, 257, 0.511662250157288, 0.0296845752884096, 0.49216403043464, 137, 0.69112957114872, 461, 0.966118688679356, 77, 0.985410224173875, 380, 834, 167, 262, 12 );
insert into FIR.Declaration_summary values(1000360, to_date('06.03.2012', 'dd.mm.yyyy'), '130538530390', '631942397', '773780577358', '364554737327', '726649396156', '52', '5252', '1', to_date('19.09.2013', 'dd.mm.yyyy'), '531508465964', '12', 0.887637535057793, '21', '2014', to_date('30.12.2012', 'dd.mm.yyyy'), 1, '824903100477', 0.0427811127355234, 446, 834, 547, 6, 519, 501, 280, 817, 513, 469, 608, 579, 79, 927, 827, 0.832429001029781, 0.614239864803031, 0.592528887368985, 68, 0.392085080683271, 318, 0.984930230763243, 446, 0.083593385333006, 692, 75, 936, 479, 3 );
insert into FIR.Declaration_summary values(1000405, to_date('02.08.2013', 'dd.mm.yyyy'), '948844642178', '781021762', '939335538555', '461964300732', '604481668709', '52', '5252', '1', to_date('06.06.2014', 'dd.mm.yyyy'), '723488358852', '12', 0.829603047496454, '22', '2014', to_date('29.01.2013', 'dd.mm.yyyy'), 1, '258429269512', 0.454402401789279, 200, 924, 78, 657, 32, 484, 717, 311, 674, 714, 42, 884, 881, 318, 52, 0.0023464807320137, 0.0131215467178829, 0.678031776881792, 851, 0.170292894435252, 908, 0.134851769141318, 733, 0.786741783277477, 598, 218, 909, 251, 5 );
insert into FIR.Declaration_summary values(1000450, to_date('14.04.2013', 'dd.mm.yyyy'), '369521350522', '922599555', '532334116768', '900719283780', '411852128916', '52', '5252', '1', to_date('08.04.2013', 'dd.mm.yyyy'), '175393961137', '12', 0.713002143759747, '21', '2014', to_date('31.12.2012', 'dd.mm.yyyy'), 1, '857787498787', 0.673210718516824, 679, 965, 113, 379, 483, 823, 257, 356, 294, 82, 342, 307, 422, 109, 272, 0.391776856217429, 0.444453315550672, 0.678188139888546, 416, 0.136307572078103, 786, 0.774690385337309, 150, 0.726390138141061, 338, 358, 38, 915, 7 );
insert into FIR.Declaration_summary values(1000495, to_date('01.07.2013', 'dd.mm.yyyy'), '878010283560', '336817917', '916944401424', '964082994346', '506444652111', '52', '5252', '1', to_date('09.12.2012', 'dd.mm.yyyy'), '417314289137', '12', 0.114789516252833, '23', '2014', to_date('19.10.2013', 'dd.mm.yyyy'), 1, '721608985342', 0.361719951202031, 407, 818, 395, 311, 983, 920, 933, 455, 566, 443, 928, 343, 491, 854, 105, 0.110845492273032, 0.382470289423349, 0.0215239743802342, 918, 0.548420257656099, 299, 0.156020909154797, 753, 0.843303967194308, 298, 389, 310, 628, 19 );
insert into FIR.Declaration_summary values(1000540, to_date('13.08.2013', 'dd.mm.yyyy'), '300061595688', '971501662', '788577238712', '481593362347', '674724429967', '52', '5252', '1', to_date('12.05.2014', 'dd.mm.yyyy'), '755312347432', '12', 0.184474635023845, '23', '2014', to_date('05.03.2013', 'dd.mm.yyyy'), 1, '601163597082', 0.514789101441758, 746, 668, 729, 126, 156, 823, 455, 381, 627, 140, 520, 295, 554, 368, 53, 0.811230459162607, 0.557698097339691, 0.177226568654751, 858, 0.0810163091314101, 545, 0.524477337265609, 642, 0.902793857689385, 842, 4, 187, 506, 18 );
insert into FIR.Declaration_summary values(1000585, to_date('19.05.2012', 'dd.mm.yyyy'), '383251585975', '298539163', '415165424645', '162221133767', '570777494699', '52', '5252', '1', to_date('05.07.2012', 'dd.mm.yyyy'), '382418556635', '12', 0.0791459046672778, '23', '2014', to_date('07.04.2012', 'dd.mm.yyyy'), 1, '229719694041', 0.321789775659232, 83, 888, 132, 655, 709, 509, 391, 25, 905, 978, 38, 559, 341, 575, 504, 0.439306499641066, 0.247116902026868, 0.385712725755625, 307, 0.606643469355369, 441, 0.0620556748761123, 88, 0.371472640601672, 834, 906, 896, 37, 8 );
insert into FIR.Declaration_summary values(1000630, to_date('22.10.2012', 'dd.mm.yyyy'), '520655302449', '292943697', '522531314062', '461947797472', '679268120720', '52', '5252', '1', to_date('24.06.2012', 'dd.mm.yyyy'), '624070952564', '12', 0.793702708461184, '23', '2014', to_date('26.06.2013', 'dd.mm.yyyy'), 1, '706741466593', 0.335862329386111, 990, 155, 533, 511, 755, 849, 671, 550, 130, 315, 677, 448, 448, 105, 485, 0.703941670108559, 0.352160163387731, 0.73267045232126, 550, 0.508308974331389, 157, 0.0172769124700115, 12, 0.0540152564896342, 588, 969, 366, 546, 8 );
insert into FIR.Declaration_summary values(1000675, to_date('20.04.2014', 'dd.mm.yyyy'), '788157622809', '809456487', '591875680816', '895075403618', '524230599999', '52', '5252', '1', to_date('02.03.2012', 'dd.mm.yyyy'), '680266243689', '12', 0.448265627235298, '21', '2014', to_date('01.02.2014', 'dd.mm.yyyy'), 1, '154339760922', 0.206332468523799, 224, 271, 508, 994, 407, 398, 424, 549, 533, 234, 464, 681, 8, 835, 966, 0.529329335563504, 0.341148899095668, 0.819518779320418, 577, 0.664586435847258, 68, 0.375992076646533, 214, 0.991643748242242, 437, 952, 565, 764, 19 );
insert into FIR.Declaration_summary values(1000720, to_date('26.03.2014', 'dd.mm.yyyy'), '141948146066', '730132256', '927565283303', '151622270487', '124294549918', '52', '5252', '1', to_date('11.10.2012', 'dd.mm.yyyy'), '490935312482', '12', 0.726280762686525, '21', '2014', to_date('25.06.2012', 'dd.mm.yyyy'), 1, '940499422599', 0.477325344214833, 113, 824, 207, 602, 212, 325, 293, 134, 242, 550, 53, 869, 329, 559, 425, 0.204298288656538, 0.625051002309216, 0.521111543532978, 989, 0.762158147414289, 137, 0.666247476668212, 318, 0.180770535106198, 552, 754, 501, 768, 15 );
insert into FIR.Declaration_summary values(1000765, to_date('28.11.2013', 'dd.mm.yyyy'), '159651858347', '338103792', '743402416587', '616602963962', '594552719581', '52', '5252', '1', to_date('01.02.2012', 'dd.mm.yyyy'), '503426424514', '12', 0.154994910189414, '23', '2014', to_date('10.01.2012', 'dd.mm.yyyy'), 1, '642601663928', 0.994032070037924, 669, 561, 849, 205, 336, 461, 663, 739, 934, 261, 683, 309, 667, 976, 782, 0.314235834085492, 0.514461208840116, 0.956582142019916, 189, 0.484919127768334, 697, 0.687831617746424, 192, 0.746787689508306, 372, 748, 408, 28, 17 );
insert into FIR.Declaration_summary values(1000810, to_date('20.05.2014', 'dd.mm.yyyy'), '570263897293', '518474255', '277739183158', '190345502050', '335546947558', '52', '5252', '1', to_date('28.05.2014', 'dd.mm.yyyy'), '490259970362', '12', 0.50299296411825, '23', '2014', to_date('20.02.2014', 'dd.mm.yyyy'), 1, '512917233436', 0.430717146690338, 522, 391, 654, 308, 849, 227, 971, 995, 808, 446, 285, 379, 823, 759, 821, 0.125393930415341, 0.895354721646456, 0.639138598758326, 889, 0.134668302784985, 188, 0.287542947236236, 261, 0.829982090196564, 332, 834, 115, 267, 3 );
insert into FIR.Declaration_summary values(1000855, to_date('08.05.2013', 'dd.mm.yyyy'), '316827259550', '471488598', '544278768304', '345462168945', '561316298153', '52', '5252', '1', to_date('16.04.2014', 'dd.mm.yyyy'), '924276154434', '12', 0.918987982868677, '22', '2014', to_date('23.08.2012', 'dd.mm.yyyy'), 1, '934265477472', 0.0664739259828226, 667, 77, 772, 807, 980, 132, 345, 807, 159, 328, 371, 236, 832, 479, 57, 0.520330819077944, 0.686323482397163, 0.564105331694756, 932, 0.894116620949524, 958, 0.0626812810370146, 995, 0.914788993501472, 129, 190, 465, 350, 16 );
insert into FIR.Declaration_summary values(1000900, to_date('27.01.2013', 'dd.mm.yyyy'), '482993339247', '881280322', '120283132554', '531443131943', '973370809817', '52', '5252', '1', to_date('06.03.2012', 'dd.mm.yyyy'), '529622933028', '12', 0.65086482355877, '22', '2014', to_date('14.11.2013', 'dd.mm.yyyy'), 1, '536268267916', 0.800254066847383, 897, 2, 88, 38, 895, 679, 5, 90, 358, 498, 540, 632, 708, 686, 485, 0.0224590967513896, 0.580348946890025, 0.580751903625555, 709, 0.714626235754521, 62, 0.863788832381269, 953, 0.222834227244758, 829, 323, 149, 155, 16 );
insert into FIR.Declaration_summary values(1000945, to_date('03.04.2012', 'dd.mm.yyyy'), '827792108266', '142636145', '702546530562', '849886520905', '869885985746', '52', '5252', '1', to_date('04.09.2012', 'dd.mm.yyyy'), '430735472217', '12', 0.502854625462952, '23', '2014', to_date('09.04.2014', 'dd.mm.yyyy'), 1, '422197228612', 0.228770622158782, 657, 414, 265, 26, 880, 221, 740, 369, 984, 92, 166, 203, 351, 802, 828, 0.0704632508896586, 0.764140128979525, 0.382646203684922, 520, 0.896216635543954, 271, 0.606832462179862, 715, 0.812496736558386, 106, 702, 905, 913, 13 );
insert into FIR.Declaration_summary values(1000990, to_date('10.04.2012', 'dd.mm.yyyy'), '926777175191', '338706111', '845494517373', '687658112103', '913881828984', '52', '5252', '1', to_date('12.06.2012', 'dd.mm.yyyy'), '838775727369', '12', 0.28514724936576, '22', '2014', to_date('22.08.2013', 'dd.mm.yyyy'), 1, '445752334874', 0.415651861306118, 106, 867, 755, 811, 220, 518, 209, 190, 150, 204, 150, 914, 85, 279, 150, 0.574635238188615, 0.364760721272212, 0.268868763124975, 392, 0.53777410580673, 405, 0.161608142387871, 664, 0.4098219011956, 491, 165, 181, 640, 5 );
insert into FIR.Declaration_summary values(1001035, to_date('18.01.2012', 'dd.mm.yyyy'), '866183961386', '637258791', '374372620586', '449369965590', '553718260234', '52', '5252', '1', to_date('29.03.2013', 'dd.mm.yyyy'), '344068683269', '12', 0.975052419106966, '23', '2014', to_date('02.11.2013', 'dd.mm.yyyy'), 1, '731124373772', 0.493052306348948, 841, 267, 268, 48, 851, 917, 415, 942, 396, 594, 111, 247, 542, 916, 402, 0.0291646295362919, 0.92265566481401, 0.838121556601544, 195, 0.219350220272015, 865, 0.458270441488489, 460, 0.746247987610404, 82, 45, 366, 34, 12 );
insert into FIR.Declaration_summary values(1001080, to_date('18.06.2013', 'dd.mm.yyyy'), '956516240383', '753852709', '626809343956', '771840809255', '663983297334', '52', '5252', '1', to_date('10.02.2014', 'dd.mm.yyyy'), '238397685786', '12', 0.948353839548469, '21', '2014', to_date('22.01.2013', 'dd.mm.yyyy'), 1, '145888907817', 0.754456234050196, 246, 588, 209, 489, 39, 631, 971, 513, 272, 102, 290, 462, 872, 603, 444, 0.218089597401251, 0.386203772568239, 0.816737149756745, 988, 0.585051567566139, 490, 0.486686318873747, 752, 0.820407737894174, 478, 12, 218, 171, 9 );
insert into FIR.Declaration_summary values(1001125, to_date('20.09.2013', 'dd.mm.yyyy'), '479169784414', '475229360', '742324639639', '142965996063', '724971193567', '52', '5252', '1', to_date('04.09.2012', 'dd.mm.yyyy'), '515908814407', '12', 0.463658984035095, '22', '2014', to_date('18.12.2012', 'dd.mm.yyyy'), 1, '303314660727', 0.124349229095666, 579, 346, 438, 805, 55, 817, 943, 733, 970, 264, 196, 911, 212, 558, 919, 0.46088163250167, 0.759637140557001, 0.290232893680331, 850, 0.196007336581129, 686, 0.579572897674317, 40, 0.436796312423794, 744, 429, 372, 216, 12 );
insert into FIR.Declaration_summary values(1001170, to_date('11.09.2013', 'dd.mm.yyyy'), '939419647841', '594741185', '690196640335', '142786682812', '979360126170', '52', '5252', '1', to_date('30.10.2012', 'dd.mm.yyyy'), '267451152473', '12', 0.0922481213194542, '23', '2014', to_date('20.08.2012', 'dd.mm.yyyy'), 1, '327551492281', 0.164036797435971, 580, 991, 269, 627, 704, 125, 334, 275, 598, 197, 653, 383, 586, 758, 429, 0.792817762956404, 0.920091317463709, 0.727512728761655, 464, 0.0157128274513934, 516, 0.92961782446579, 504, 0.454283775507605, 226, 690, 69, 696, 5 );
insert into FIR.Declaration_summary values(1001215, to_date('22.03.2014', 'dd.mm.yyyy'), '358646678713', '556258393', '318386308349', '573760275143', '117798993160', '52', '5252', '1', to_date('24.02.2014', 'dd.mm.yyyy'), '345809960353', '12', 0.846482645648756, '21', '2014', to_date('30.03.2013', 'dd.mm.yyyy'), 1, '330101595578', 0.437263771163888, 410, 852, 92, 451, 2, 754, 699, 662, 901, 593, 124, 359, 482, 754, 955, 0.534047059963479, 0.500862513902068, 0.625853500154732, 991, 0.185491366398284, 169, 0.526193921699279, 697, 0.968443553414402, 629, 630, 835, 362, 10 );
insert into FIR.Declaration_summary values(1001260, to_date('23.03.2013', 'dd.mm.yyyy'), '341364299829', '227564242', '133114129507', '381467419930', '912451481492', '52', '5252', '1', to_date('03.12.2012', 'dd.mm.yyyy'), '177033118960', '12', 0.732678627470824, '22', '2014', to_date('24.04.2012', 'dd.mm.yyyy'), 1, '133173860856', 0.977963356290927, 98, 277, 475, 733, 436, 10, 210, 252, 171, 454, 167, 134, 138, 659, 428, 0.338651067269338, 0.796252317166074, 0.962985262723167, 625, 0.104021670810888, 809, 0.905337817922858, 365, 0.52910362581215, 745, 652, 577, 502, 7 );
insert into FIR.Declaration_summary values(1001305, to_date('16.04.2012', 'dd.mm.yyyy'), '223008557220', '793075677', '647394792928', '984691383747', '647661333427', '52', '5252', '1', to_date('26.06.2013', 'dd.mm.yyyy'), '724362845639', '12', 0.967283070537859, '23', '2014', to_date('28.12.2012', 'dd.mm.yyyy'), 1, '582972561643', 0.111936924099893, 874, 870, 948, 643, 544, 709, 396, 430, 461, 473, 656, 144, 583, 639, 127, 0.403227223736806, 0.530845354558362, 0.944207104828305, 204, 0.138976644789324, 180, 0.699235363257693, 247, 0.237163112609258, 120, 713, 397, 757, 17 );
commit;

